{"loss_data": [3.5181169509887695, 2.7482247352600098, 2.4760539531707764, 2.250915765762329, 1.9736076593399048, 1.6806886196136475, 1.364113450050354, 1.1647595167160034, 0.9447246789932251, 0.809765636920929, 0.8170379996299744, 0.6747865080833435, 0.6097941994667053, 0.49097737669944763, 0.43023186922073364, 0.3635939657688141, 0.33679547905921936, 0.2893212139606476, 0.2546429932117462, 0.2325051724910736], "train_accs": [0.9693251533742331, 1.0], "dev_accs": [0.7862985685071575, 1.0], "test_accs": [0.06838826888139113, 0.4310926550739683]}