{"loss_data": [2.658092498779297, 2.017854690551758, 1.8082464933395386, 1.5718166828155518, 1.2179278135299683, 0.9112600088119507, 0.8012574315071106, 0.6032480597496033, 0.48304110765457153, 0.430294930934906, 0.39923232793807983, 0.3526672124862671, 0.2580330967903137, 0.20212998986244202, 0.158267542719841, 0.1388043314218521, 0.14255377650260925, 0.12546853721141815, 0.08479499071836472, 0.0790184810757637], "train_accs": [0.5986707566462167, 0.9952283571915473], "dev_accs": [0.6506475800954329, 0.9965916837082481], "test_accs": [0.010641058915131067, 0.03503763301323644]}