{"loss_data": [2.914897918701172, 2.654696464538574, 2.346585273742676, 2.011756181716919, 1.6914376020431519, 1.446940541267395, 1.2238218784332275, 0.9990384578704834, 0.7969703674316406, 0.6659915447235107, 0.6641145944595337, 0.5306316018104553, 0.5109559297561646, 0.41879183053970337, 0.3569965362548828, 0.3197266459465027, 0.25085532665252686, 0.25884994864463806, 0.21421916782855988, 0.18459510803222656], "train_accs": [0.995398773006135, 1.0], "dev_accs": [0.9853442399454669, 1.0], "test_accs": [0.05177783545289385, 0.18907344926031663]}