{"loss_data": [2.9212112426757812, 1.9825987815856934, 1.8916065692901611, 1.6588484048843384, 1.4116809368133545, 1.181964635848999, 0.9063128232955933, 0.7530561089515686, 0.5491672158241272, 0.4524005353450775, 0.43693414330482483, 0.3563421368598938, 0.2847523093223572, 0.24838314950466156, 0.228744238615036, 0.15898925065994263, 0.1768762767314911, 0.11588422954082489, 0.1443859040737152, 0.1168089509010315], "train_accs": [0.9372017723244717, 1.0], "dev_accs": [0.84560327198364, 1.0], "test_accs": [0.0, 0.00012976901116013495]}