{"loss_data": [2.2859668731689453, 1.9820069074630737, 1.7544142007827759, 1.383478045463562, 1.052383542060852, 0.7249447703361511, 0.5777044892311096, 0.4556814134120941, 0.3351835310459137, 0.29575875401496887, 0.27123045921325684, 0.24028213322162628, 0.20032840967178345, 0.16997294127941132, 0.1276281774044037, 0.10514180362224579, 0.10460644960403442, 0.08733712881803513, 0.08511945605278015, 0.07597316801548004], "train_accs": [0.8675869120654397, 0.9999147920927062], "dev_accs": [0.965576005453306, 1.0], "test_accs": [0.0005190760446405398, 0.011160134959771606]}