{"loss_data": [3.2870213985443115, 2.6883955001831055, 2.5004968643188477, 2.1736929416656494, 1.8563820123672485, 1.6085026264190674, 1.3041149377822876, 1.0960888862609863, 0.9356207251548767, 0.7731438279151917, 0.7450501918792725, 0.6588975787162781, 0.5374177694320679, 0.500863254070282, 0.4152844548225403, 0.35385215282440186, 0.32352977991104126, 0.31816092133522034, 0.2354557365179062, 0.22099876403808594], "train_accs": [0.9124062713019768, 1.0], "dev_accs": [0.6008861622358554, 0.9911383776414451], "test_accs": [0.22320269919543212, 0.37321567609654815]}