{"loss_data": [3.0548837184906006, 2.6591763496398926, 2.293623208999634, 1.999690055847168, 1.6355761289596558, 1.403644323348999, 1.1892117261886597, 1.0236928462982178, 0.8503315448760986, 0.7373998761177063, 0.7126437425613403, 0.6215782761573792, 0.550661563873291, 0.45938268303871155, 0.38112694025039673, 0.374190092086792, 0.2756405472755432, 0.2621312737464905, 0.24403049051761627, 0.2034495770931244], "train_accs": [0.8111792774369462, 1.0], "dev_accs": [0.5453306066803, 0.8773006134969326], "test_accs": [0.0, 0.1462496755774721]}