{"loss_data": [3.4500155448913574, 2.6277072429656982, 2.3700919151306152, 2.0351717472076416, 1.7332843542099, 1.4781442880630493, 1.2796331644058228, 1.0609651803970337, 0.9346092343330383, 0.7337613701820374, 0.7094807624816895, 0.5910542607307434, 0.5202245712280273, 0.48825517296791077, 0.3874785006046295, 0.32512789964675903, 0.25585106015205383, 0.22951623797416687, 0.21793487668037415, 0.19912303984165192], "train_accs": [0.9917348329925018, 0.9989775051124744], "dev_accs": [0.987389229720518, 1.0], "test_accs": [0.13392161951725928, 0.3036594861147158]}