{"loss_data": [2.6108360290527344, 1.9872074127197266, 1.7976514101028442, 1.5709186792373657, 1.3723238706588745, 1.11256742477417, 0.8904852271080017, 0.6967754364013672, 0.5661754608154297, 0.407276451587677, 0.40664002299308777, 0.3152541220188141, 0.24451777338981628, 0.20889140665531158, 0.1844789832830429, 0.16821187734603882, 0.11582785099744797, 0.1277608722448349, 0.11940518766641617, 0.09842158108949661], "train_accs": [0.6687968643490115, 0.999573960463531], "dev_accs": [0.6288343558282209, 0.9113837764144512], "test_accs": [0.0, 0.003244225279003374]}