{"loss_data": [2.9922401905059814, 1.8651052713394165, 1.612192153930664, 1.3327940702438354, 1.098609447479248, 0.9369451403617859, 0.7320463061332703, 0.5940943956375122, 0.4590102434158325, 0.421679824590683, 0.36809346079826355, 0.31533902883529663, 0.25793778896331787, 0.21957537531852722, 0.198982372879982, 0.16371403634548187, 0.1478118598461151, 0.12080767005681992, 0.11026042699813843, 0.07946739345788956], "train_accs": [0.7246932515337423, 0.9997443762781186], "dev_accs": [0.7682344921608726, 0.9117246080436264], "test_accs": [0.0, 0.03685439916947833]}