{"loss_data": [2.717844009399414, 1.9713528156280518, 1.7660424709320068, 1.4478168487548828, 1.08150053024292, 0.9283568263053894, 0.7063454985618591, 0.6019033193588257, 0.47381237149238586, 0.44249048829078674, 0.38334089517593384, 0.31417742371559143, 0.3023010194301605, 0.2482842653989792, 0.21893198788166046, 0.1960594654083252, 0.1463611125946045, 0.12864333391189575, 0.12405481934547424, 0.10484602302312851], "train_accs": [0.9569700068166326, 1.0], "dev_accs": [0.9468302658486708, 1.0], "test_accs": [0.041136776537762786, 0.04178562159356346]}