{"loss_data": [2.7927942276000977, 2.0126984119415283, 1.8865118026733398, 1.5384682416915894, 1.2375656366348267, 0.8972436189651489, 0.7153744101524353, 0.574948251247406, 0.44188225269317627, 0.3561645746231079, 0.34901687502861023, 0.29499348998069763, 0.2366483360528946, 0.1969517320394516, 0.1668844223022461, 0.14295677840709686, 0.14342644810676575, 0.10508787631988525, 0.10145220905542374, 0.09697543829679489], "train_accs": [0.9470006816632583, 1.0], "dev_accs": [0.9502385821404227, 1.0], "test_accs": [0.0319231767453932, 0.056189981832338434]}