{"loss_data": [3.3759214878082275, 2.777029514312744, 2.6421704292297363, 2.3354415893554688, 1.8990404605865479, 1.6041254997253418, 1.3080854415893555, 1.0590975284576416, 0.8836771845817566, 0.7505427598953247, 0.7050758004188538, 0.5978556871414185, 0.5417753458023071, 0.45558029413223267, 0.34674468636512756, 0.3130376636981964, 0.27771255373954773, 0.23459894955158234, 0.2246951460838318, 0.19471007585525513], "train_accs": [0.9994887525562373, 1.0], "dev_accs": [0.4611451942740286, 0.9359236537150648], "test_accs": [0.0, 0.03296132883467428]}