{"loss_data": [3.2089743614196777, 2.8370521068573, 2.6889092922210693, 2.4168059825897217, 2.1513373851776123, 1.7692904472351074, 1.456681728363037, 1.2240636348724365, 1.057037353515625, 0.8703668713569641, 0.8616858124732971, 0.7517954707145691, 0.6312831044197083, 0.5498620867729187, 0.46250462532043457, 0.40160703659057617, 0.3823852837085724, 0.33519449830055237, 0.2896432876586914, 0.22669367492198944], "train_accs": [0.5652692569870484, 1.0], "dev_accs": [0.5085207907293797, 0.9938650306748467], "test_accs": [0.0, 0.054502984687256686]}