{"loss_data": [3.1729724407196045, 2.4100048542022705, 2.0834801197052, 1.7523959875106812, 1.4654029607772827, 1.259055495262146, 1.0717456340789795, 0.8604249358177185, 0.7259971499443054, 0.5877311825752258, 0.5795257687568665, 0.5189834833145142, 0.4451911747455597, 0.35361865162849426, 0.30287906527519226, 0.28350967168807983, 0.22889967262744904, 0.21774481236934662, 0.18563590943813324, 0.17319732904434204], "train_accs": [0.9958248125426039, 1.0], "dev_accs": [0.880027266530334, 1.0], "test_accs": [0.009992213859330391, 0.006877757591487153]}