{"loss_data": [2.8065922260284424, 2.0326426029205322, 1.8360563516616821, 1.5643337965011597, 1.2386575937271118, 0.9562941789627075, 0.796034574508667, 0.598858118057251, 0.46158066391944885, 0.37535426020622253, 0.37563082575798035, 0.32255759835243225, 0.23748759925365448, 0.20158521831035614, 0.17457909882068634, 0.1562000960111618, 0.1378268599510193, 0.12742896378040314, 0.10532471537590027, 0.10907990485429764], "train_accs": [0.9510054533060668, 0.9993183367416496], "dev_accs": [0.8616223585548739, 0.998295841854124], "test_accs": [0.0012976901116013497, 0.0371139371917986]}