{"loss_data": [2.99971866607666, 2.605600118637085, 2.337618112564087, 1.8887492418289185, 1.5821118354797363, 1.299310564994812, 1.1093474626541138, 0.8759675621986389, 0.7696248888969421, 0.6418758034706116, 0.6222834587097168, 0.5428130030632019, 0.4624720513820648, 0.42227792739868164, 0.3422373831272125, 0.29507142305374146, 0.2525675296783447, 0.20797082781791687, 0.19882306456565857, 0.16828976571559906], "train_accs": [0.6981935923653715, 1.0], "dev_accs": [0.6952965235173824, 0.9986366734832992], "test_accs": [0.007267064624967558, 0.9390085647547366]}