{"loss_data": [3.0746819972991943, 1.9651386737823486, 1.7170991897583008, 1.2877775430679321, 0.9781326651573181, 0.7992101907730103, 0.6397075057029724, 0.48526638746261597, 0.40254005789756775, 0.3526848256587982, 0.3230418562889099, 0.27492016553878784, 0.2696017920970917, 0.19830606877803802, 0.1741807460784912, 0.14465808868408203, 0.13845086097717285, 0.10550297051668167, 0.10837578028440475, 0.10516688227653503], "train_accs": [0.8019768234492161, 0.9998295841854125], "dev_accs": [0.7992501704158146, 0.9989775051124744], "test_accs": [0.017389047495458086, 0.1670127173630937]}