{"loss_data": [3.158208131790161, 2.027374029159546, 1.7126379013061523, 1.4042859077453613, 1.1468526124954224, 0.8381916880607605, 0.6987653374671936, 0.5328072309494019, 0.45529526472091675, 0.3583287298679352, 0.34148743748664856, 0.3200952410697937, 0.2577313482761383, 0.20299555361270905, 0.19671912491321564, 0.1647375375032425, 0.13651661574840546, 0.12141207605600357, 0.1236967071890831, 0.10566040128469467], "train_accs": [0.8502897068847989, 1.0], "dev_accs": [0.8224267211997274, 0.9069529652351738], "test_accs": [0.0, 0.005969374513366208]}