{"loss_data": [3.2754151821136475, 2.77233624458313, 2.4828577041625977, 2.1960575580596924, 1.8376729488372803, 1.5730867385864258, 1.3154711723327637, 1.170709490776062, 1.0066380500793457, 0.894759476184845, 0.8684906959533691, 0.7535700798034668, 0.6463999152183533, 0.5200703740119934, 0.4641616642475128, 0.36744433641433716, 0.370373398065567, 0.3091025650501251, 0.27737224102020264, 0.2608068585395813], "train_accs": [0.8530163599182005, 1.0], "dev_accs": [0.22903885480572597, 0.8919563735514656], "test_accs": [0.07838048274072151, 0.37217752400726706]}