{"loss_data": [3.1406784057617188, 2.716792583465576, 2.5482840538024902, 2.2498779296875, 1.9290333986282349, 1.7260682582855225, 1.5168956518173218, 1.2735986709594727, 1.0951296091079712, 0.8803588151931763, 0.8383691906929016, 0.6928129196166992, 0.5937114357948303, 0.4734080135822296, 0.39311689138412476, 0.3617384433746338, 0.3171154856681824, 0.27410176396369934, 0.2735629379749298, 0.2034071981906891], "train_accs": [0.5015337423312883, 1.0], "dev_accs": [0.5494205862304021, 1.0], "test_accs": [0.0, 0.4205813651699974]}