{"loss_data": [3.307567834854126, 2.809990644454956, 2.4237453937530518, 2.0791759490966797, 1.740788459777832, 1.4482802152633667, 1.293952226638794, 1.1109906435012817, 0.9447606801986694, 0.7794201374053955, 0.7270814180374146, 0.6933531165122986, 0.5396562218666077, 0.47674548625946045, 0.4089048206806183, 0.3502870202064514, 0.29505181312561035, 0.25305888056755066, 0.24811150133609772, 0.23279723525047302], "train_accs": [0.9457225630538514, 1.0], "dev_accs": [0.8752556237218814, 1.0], "test_accs": [0.3473916428756813, 0.5573579029327796]}