{"loss_data": [3.16965913772583, 2.744776964187622, 2.463341474533081, 2.2087390422821045, 1.9095066785812378, 1.694161057472229, 1.3702356815338135, 1.1842846870422363, 0.940554141998291, 0.7941455841064453, 0.7720197439193726, 0.6499723792076111, 0.5429035425186157, 0.43958503007888794, 0.37705713510513306, 0.3364076614379883, 0.31566885113716125, 0.2673434913158417, 0.23175016045570374, 0.1831030696630478], "train_accs": [0.9520279481935924, 1.0], "dev_accs": [0.8732106339468303, 1.0], "test_accs": [0.014015053205294576, 0.02219050090838308]}