{"loss_data": [3.266691207885742, 2.690847396850586, 2.471252202987671, 2.1623687744140625, 1.8374979496002197, 1.5722434520721436, 1.2548915147781372, 1.082004427909851, 0.9397860765457153, 0.7676030397415161, 0.7487861514091492, 0.6575391888618469, 0.5292327404022217, 0.45719632506370544, 0.40089982748031616, 0.3369291126728058, 0.30977874994277954, 0.2725524306297302, 0.23530884087085724, 0.23413610458374023], "train_accs": [0.9589297886843899, 1.0], "dev_accs": [0.8312883435582822, 1.0], "test_accs": [0.32052945756553336, 0.5085647547365689]}