{"loss_data": [3.382678985595703, 2.861978054046631, 2.6871750354766846, 2.6102068424224854, 2.435330867767334, 2.1663424968719482, 1.831885814666748, 1.611862063407898, 1.311558485031128, 1.049248456954956, 1.014953851699829, 0.8689055442810059, 0.7312493324279785, 0.6070526242256165, 0.5375773310661316, 0.46213024854660034, 0.4041420817375183, 0.3106973171234131, 0.25896531343460083, 0.23747698962688446], "train_accs": [0.5771983640081799, 1.0], "dev_accs": [0.4505794137695978, 1.0], "test_accs": [0.0, 0.25330910978458343]}