{"loss_data": [2.904078483581543, 1.9949584007263184, 1.6775882244110107, 1.421019196510315, 1.07158625125885, 0.8583632111549377, 0.6684048771858215, 0.474053293466568, 0.4277583956718445, 0.31204572319984436, 0.31947046518325806, 0.2902453541755676, 0.2055390328168869, 0.18163259327411652, 0.18867161870002747, 0.14809361100196838, 0.1239914521574974, 0.11876906454563141, 0.10478201508522034, 0.10140375047922134], "train_accs": [0.7966087252897068, 0.9984662576687117], "dev_accs": [0.8067484662576687, 0.911042944785276], "test_accs": [0.0, 0.024396574098105372]}