{"loss_data": [3.1523683071136475, 2.664236307144165, 2.35064697265625, 1.9886459112167358, 1.6553646326065063, 1.4866341352462769, 1.3217436075210571, 1.1676266193389893, 0.9586005806922913, 0.7943969964981079, 0.7906914949417114, 0.6912896633148193, 0.5479794144630432, 0.5368282794952393, 0.4318286180496216, 0.40669363737106323, 0.33665719628334045, 0.3000358045101166, 0.255114883184433, 0.23919707536697388], "train_accs": [0.8680129516019086, 1.0], "dev_accs": [0.7760736196319018, 0.9996591683708248], "test_accs": [0.0, 0.35063586815468467]}