{"loss_data": [2.7137606143951416, 2.0002050399780273, 1.784454107284546, 1.48185133934021, 1.1977598667144775, 0.9301865100860596, 0.7295874357223511, 0.5366690754890442, 0.4289773106575012, 0.3722788095474243, 0.3826111853122711, 0.2576068937778473, 0.2528630793094635, 0.1884576678276062, 0.20684251189231873, 0.15503986179828644, 0.12439066916704178, 0.1195305585861206, 0.08307499438524246, 0.09728029370307922], "train_accs": [0.8773006134969326, 1.0], "dev_accs": [0.8796864349011588, 0.9928425357873211], "test_accs": [0.0, 0.01777835452893849]}