{"loss_data": [2.9791653156280518, 1.9743566513061523, 1.8441720008850098, 1.6907602548599243, 1.3429299592971802, 0.9954193234443665, 0.7590016722679138, 0.5972986221313477, 0.48488399386405945, 0.3559386432170868, 0.37423020601272583, 0.32804521918296814, 0.24934396147727966, 0.2204958200454712, 0.17733189463615417, 0.12710028886795044, 0.14011900126934052, 0.10888808220624924, 0.09075137227773666, 0.08648896962404251], "train_accs": [0.8107532379004772, 1.0], "dev_accs": [0.7937968643490115, 1.0], "test_accs": [0.0, 0.033350635868154684]}