{"loss_data": [2.715798854827881, 1.9694690704345703, 1.8983521461486816, 1.6466422080993652, 1.286749243736267, 0.9700655937194824, 0.7582364678382874, 0.6058892607688904, 0.4738606810569763, 0.4010844826698303, 0.34993815422058105, 0.2881874442100525, 0.23554924130439758, 0.20980322360992432, 0.1792982816696167, 0.14900366961956024, 0.12749500572681427, 0.08161015808582306, 0.09403860569000244, 0.08248820900917053], "train_accs": [0.9179447852760736, 1.0], "dev_accs": [0.9107021131561008, 1.0], "test_accs": [0.040747469504282374, 0.07928886581884247]}