{"loss_data": [2.9586541652679443, 1.7653311491012573, 1.5358688831329346, 1.296473503112793, 0.939091145992279, 0.7625057697296143, 0.5711112022399902, 0.4106663763523102, 0.3786170482635498, 0.28556546568870544, 0.26038262248039246, 0.22845914959907532, 0.19228190183639526, 0.16725283861160278, 0.1358642429113388, 0.10720477998256683, 0.11026234179735184, 0.09751099348068237, 0.07772400230169296, 0.09137369692325592], "train_accs": [0.8890593047034765, 1.0], "dev_accs": [0.8847989093387867, 0.912747102931152], "test_accs": [0.0, 0.020763041785621595]}