{"loss_data": [3.353215217590332, 2.7263708114624023, 2.603451728820801, 2.3368468284606934, 2.1089141368865967, 1.7673221826553345, 1.5277515649795532, 1.2927196025848389, 1.0055979490280151, 0.8145288825035095, 0.8028504252433777, 0.644953191280365, 0.5705692768096924, 0.4925891160964966, 0.3846082091331482, 0.32289502024650574, 0.2864798903465271, 0.2637227177619934, 0.2777879238128662, 0.19379296898841858], "train_accs": [0.7428425357873211, 1.0], "dev_accs": [0.5991820040899796, 1.0], "test_accs": [0.0, 0.46522190500908384]}