{"loss_data": [3.5902979373931885, 2.7748446464538574, 2.6002867221832275, 2.475404739379883, 2.227297067642212, 1.892255425453186, 1.5921560525894165, 1.2836555242538452, 1.0434998273849487, 0.9087058901786804, 0.8792006373405457, 0.7516198754310608, 0.6559988260269165, 0.5454313158988953, 0.447842001914978, 0.3737798035144806, 0.3469342291355133, 0.31795036792755127, 0.27053511142730713, 0.24284735321998596], "train_accs": [0.9459781867757328, 1.0], "dev_accs": [0.2774369461486026, 0.9587593728698023], "test_accs": [0.0, 0.021801193874902675]}