{"loss_data": [2.9728972911834717, 2.0949604511260986, 1.835940957069397, 1.4592108726501465, 1.212436318397522, 0.9934150576591492, 0.7889280915260315, 0.6252281665802002, 0.5139443874359131, 0.4398871958255768, 0.39610177278518677, 0.3553297817707062, 0.2819886803627014, 0.26383283734321594, 0.2242758572101593, 0.1723182648420334, 0.1527942270040512, 0.1393575817346573, 0.12057783454656601, 0.11449608951807022], "train_accs": [0.6865201090661214, 0.9986366734832992], "dev_accs": [0.598159509202454, 0.9993183367416496], "test_accs": [0.005839605502206073, 0.030755255644951986]}