{"loss_data": [2.8005928993225098, 1.9765764474868774, 1.8495476245880127, 1.5379997491836548, 1.0994610786437988, 0.8947919607162476, 0.688512921333313, 0.5317397713661194, 0.41069674491882324, 0.34030866622924805, 0.3309386968612671, 0.2910897135734558, 0.20989413559436798, 0.1963362693786621, 0.16552655398845673, 0.1335473358631134, 0.13182705640792847, 0.11637141555547714, 0.10242725908756256, 0.0999457985162735], "train_accs": [0.8603442399454669, 0.9952283571915473], "dev_accs": [0.7542603953646898, 0.9935241990456715], "test_accs": [0.0, 0.0006488450558006748]}