{"loss_data": [2.645246744155884, 1.8519973754882812, 1.6723706722259521, 1.274412751197815, 0.9816511869430542, 0.7035300135612488, 0.5753170847892761, 0.49215230345726013, 0.40941816568374634, 0.32318809628486633, 0.2988031208515167, 0.2819890081882477, 0.27760306000709534, 0.19602137804031372, 0.17734864354133606, 0.13020364940166473, 0.13366051018238068, 0.1166633889079094, 0.09679660201072693, 0.08755605667829514], "train_accs": [0.9972733469665985, 1.0], "dev_accs": [0.9952283571915473, 1.0], "test_accs": [0.0028549182455229693, 0.011419672982091877]}