{"loss_data": [3.675271987915039, 2.7055981159210205, 2.5857975482940674, 2.2957046031951904, 1.9803352355957031, 1.6781551837921143, 1.435526967048645, 1.2128169536590576, 0.9941144585609436, 0.8579019904136658, 0.8406524658203125, 0.7199879288673401, 0.6075892448425293, 0.505579948425293, 0.40633583068847656, 0.3693833649158478, 0.3495090901851654, 0.3055259883403778, 0.2725803554058075, 0.24216319620609283], "train_accs": [0.8391274710293115, 1.0], "dev_accs": [0.30368098159509205, 0.9216087252897068], "test_accs": [0.0009083830781209447, 0.024396574098105372]}