{"loss_data": [3.1853861808776855, 2.656412124633789, 2.456913948059082, 2.0408637523651123, 1.6989035606384277, 1.4085041284561157, 1.1524755954742432, 0.9990985989570618, 0.8372906446456909, 0.6620543003082275, 0.6030542850494385, 0.5009203553199768, 0.4479808211326599, 0.3795977234840393, 0.3139343559741974, 0.30544185638427734, 0.2439076453447342, 0.21652306616306305, 0.21328558027744293, 0.17409752309322357], "train_accs": [0.999573960463531, 1.0], "dev_accs": [0.8336741649625086, 0.9134287661895024], "test_accs": [0.15624188943680248, 0.42927588891772644]}