{"loss_data": [2.409372568130493, 1.9479362964630127, 1.9333572387695312, 1.7561815977096558, 1.4998592138290405, 1.2427438497543335, 0.9632818698883057, 0.7177216410636902, 0.5446999073028564, 0.39058083295822144, 0.3697570860385895, 0.2793218493461609, 0.2754870355129242, 0.21883819997310638, 0.17234063148498535, 0.15358084440231323, 0.1263454556465149, 0.10639385133981705, 0.09157336503267288, 0.0790754184126854], "train_accs": [0.9099352419904567, 0.9994887525562373], "dev_accs": [0.9205862304021813, 0.9989775051124744], "test_accs": [0.0010381520892810796, 0.011160134959771606]}