{"loss_data": [3.4881136417388916, 2.7737832069396973, 2.6750991344451904, 2.5421295166015625, 2.282313346862793, 1.984742283821106, 1.607168436050415, 1.3550373315811157, 1.035178303718567, 0.9291989803314209, 0.8807985186576843, 0.7706880569458008, 0.6141353845596313, 0.5515464544296265, 0.4680239260196686, 0.3865380585193634, 0.35714608430862427, 0.33186957240104675, 0.26267847418785095, 0.23159819841384888], "train_accs": [0.543200408997955, 1.0], "dev_accs": [0.3997955010224949, 0.9972733469665985], "test_accs": [0.011808980015572281, 0.6568907344926032]}