{"loss_data": [3.2034921646118164, 2.696284294128418, 2.422717809677124, 2.151571035385132, 1.8910179138183594, 1.6338948011398315, 1.3674516677856445, 1.1169617176055908, 0.9088091254234314, 0.7808871865272522, 0.7677716016769409, 0.6543505191802979, 0.5388819575309753, 0.45413002371788025, 0.39231911301612854, 0.3615259826183319, 0.2899087965488434, 0.29417434334754944, 0.25619107484817505, 0.24182800948619843], "train_accs": [0.9144512610770279, 1.0], "dev_accs": [0.7559645535105658, 1.0], "test_accs": [0.00012976901116013495, 0.33921619517259277]}