{"loss_data": [3.0816080570220947, 2.823845863342285, 2.5509371757507324, 2.0462701320648193, 1.7147603034973145, 1.3970431089401245, 1.1738775968551636, 0.9705960750579834, 0.7950356602668762, 0.7069128155708313, 0.6278188824653625, 0.5610792636871338, 0.48253658413887024, 0.3894663453102112, 0.36755120754241943, 0.29988542199134827, 0.23508496582508087, 0.2802988588809967, 0.21609611809253693, 0.19370217621326447], "train_accs": [0.9902010906612133, 1.0], "dev_accs": [0.9751192910702113, 1.0], "test_accs": [0.2536984168180638, 0.48053464832597975]}