{"loss_data": [3.2986013889312744, 2.728893280029297, 2.574341297149658, 2.1987087726593018, 1.9338065385818481, 1.6362046003341675, 1.3580892086029053, 1.1773276329040527, 1.0247808694839478, 0.7801570296287537, 0.8333131670951843, 0.6451828479766846, 0.5528419613838196, 0.41467610001564026, 0.3640710115432739, 0.3262355327606201, 0.2874004542827606, 0.24907249212265015, 0.230136439204216, 0.19091755151748657], "train_accs": [0.750426039536469, 1.0], "dev_accs": [0.789025221540559, 0.9993183367416496], "test_accs": [0.0, 0.05099922138593304]}