{"loss_data": [2.2870235443115234, 1.8955994844436646, 1.6686394214630127, 1.2697815895080566, 1.010999321937561, 0.7635596394538879, 0.6023135185241699, 0.4401617646217346, 0.35117653012275696, 0.28502127528190613, 0.25536593794822693, 0.22721754014492035, 0.1853705793619156, 0.16200204193592072, 0.13324783742427826, 0.13295772671699524, 0.10652340203523636, 0.09145845472812653, 0.08669426292181015, 0.06840598583221436], "train_accs": [0.8388718473074301, 1.0], "dev_accs": [0.8408316291751875, 1.0], "test_accs": [0.0, 0.0015572281339216196]}