{"loss_data": [3.149050712585449, 2.49273681640625, 2.1320760250091553, 1.7703611850738525, 1.5167012214660645, 1.2131562232971191, 1.0517828464508057, 0.9045066833496094, 0.7835128307342529, 0.6534762382507324, 0.6391683220863342, 0.5453060269355774, 0.4740026295185089, 0.3956456482410431, 0.32944342494010925, 0.3041965067386627, 0.27390414476394653, 0.25385066866874695, 0.20777460932731628, 0.1993015557527542], "train_accs": [0.8746591683708248, 1.0], "dev_accs": [0.8486707566462167, 1.0], "test_accs": [0.0, 0.7690111601349597]}