{"loss_data": [2.7863430976867676, 1.9943221807479858, 1.7750544548034668, 1.3717859983444214, 1.0461844205856323, 0.7906668782234192, 0.6167877912521362, 0.4832592010498047, 0.3640022277832031, 0.3273521959781647, 0.3069181740283966, 0.258910596370697, 0.20956826210021973, 0.197434201836586, 0.17011065781116486, 0.1370689570903778, 0.12840647995471954, 0.10895980149507523, 0.10893482714891434, 0.0911078006029129], "train_accs": [0.7249488752556237, 0.9999147920927062], "dev_accs": [0.7021131561008862, 0.9996591683708248], "test_accs": [0.0, 0.04710615105112899]}