{"loss_data": [2.7784078121185303, 1.949413537979126, 1.7979259490966797, 1.5735093355178833, 1.2079042196273804, 0.8768197298049927, 0.6975572109222412, 0.5351526737213135, 0.4331566095352173, 0.3267907202243805, 0.3119388818740845, 0.26018205285072327, 0.20145492255687714, 0.17356349527835846, 0.14797081053256989, 0.12974204123020172, 0.09152930229902267, 0.10176453739404678, 0.08344952017068863, 0.0825335755944252], "train_accs": [0.9850034083162917, 1.0], "dev_accs": [0.8933197000681663, 1.0], "test_accs": [0.0, 0.06177004931222424]}