{"loss_data": [2.399449110031128, 1.7955249547958374, 1.568710207939148, 1.2378188371658325, 0.9990066289901733, 0.7932034134864807, 0.6485868096351624, 0.5449996590614319, 0.40989822149276733, 0.31205102801322937, 0.3242948651313782, 0.27215927839279175, 0.19474297761917114, 0.18043355643749237, 0.14816386997699738, 0.133976012468338, 0.10245463997125626, 0.10230207443237305, 0.09033623337745667, 0.07048115134239197], "train_accs": [0.9858554873892297, 1.0], "dev_accs": [0.9856850715746421, 1.0], "test_accs": [0.010641058915131067, 0.07098364910459383]}