{"loss_data": [3.0937492847442627, 2.508655548095703, 2.245534658432007, 1.915243148803711, 1.5926192998886108, 1.3535816669464111, 1.1263830661773682, 0.9402104616165161, 0.8001143336296082, 0.6532637476921082, 0.6839159727096558, 0.5500780940055847, 0.4793981909751892, 0.4323458969593048, 0.32749080657958984, 0.3126452565193176, 0.2638028860092163, 0.23402239382266998, 0.220137357711792, 0.218933567404747], "train_accs": [0.90013633265167, 1.0], "dev_accs": [0.7692569870483981, 0.9758009543285617], "test_accs": [0.0015572281339216196, 0.48300025953802234]}