{"loss_data": [2.6927106380462646, 1.9929840564727783, 1.8294717073440552, 1.5134916305541992, 1.1573760509490967, 0.7616063356399536, 0.5955455899238586, 0.5041845440864563, 0.358685165643692, 0.3263770341873169, 0.3114042282104492, 0.26560693979263306, 0.23135215044021606, 0.1852339804172516, 0.15576188266277313, 0.1125747337937355, 0.10593258589506149, 0.10227164626121521, 0.10005851835012436, 0.07900439947843552], "train_accs": [0.14621676891615543, 0.9999147920927062], "dev_accs": [0.11042944785276074, 0.9996591683708248], "test_accs": [0.0, 0.009732675837010122]}