{"loss_data": [3.072723627090454, 2.019988536834717, 1.7618669271469116, 1.325133204460144, 1.1217920780181885, 0.8469187021255493, 0.6757261157035828, 0.5176052451133728, 0.4045426547527313, 0.3503730297088623, 0.34262049198150635, 0.2732488512992859, 0.23048949241638184, 0.20916374027729034, 0.17541149258613586, 0.1429520845413208, 0.13407853245735168, 0.10879241675138474, 0.09574437141418457, 0.08598057925701141], "train_accs": [0.8442399454669394, 1.0], "dev_accs": [0.8531015678254942, 1.0], "test_accs": [0.0007786140669608098, 0.0028549182455229693]}