{"loss_data": [3.350703239440918, 2.712838888168335, 2.5330846309661865, 2.200809955596924, 1.876975655555725, 1.5702458620071411, 1.3382772207260132, 1.1243658065795898, 0.8878783583641052, 0.7313839197158813, 0.72694993019104, 0.5907942652702332, 0.5158246159553528, 0.4163134694099426, 0.34634634852409363, 0.30555418133735657, 0.26336902379989624, 0.2663543224334717, 0.21061688661575317, 0.18574626743793488], "train_accs": [0.9746080436264485, 1.0], "dev_accs": [0.7897068847989094, 0.9972733469665985], "test_accs": [0.0, 0.0]}