{"loss_data": [2.2946064472198486, 1.8575812578201294, 1.7994656562805176, 1.6247621774673462, 1.3277833461761475, 1.0216476917266846, 0.7577520608901978, 0.5762289762496948, 0.44245684146881104, 0.34918448328971863, 0.3283615708351135, 0.3163607716560364, 0.2185211181640625, 0.1895112693309784, 0.15238270163536072, 0.12748397886753082, 0.11013863980770111, 0.09851524233818054, 0.06823168694972992, 0.06600386649370193], "train_accs": [0.9904567143830948, 1.0], "dev_accs": [0.8940013633265167, 1.0], "test_accs": [0.0010381520892810796, 0.008954061770049312]}