{"loss_data": [2.914229393005371, 2.0087451934814453, 1.8682706356048584, 1.609001874923706, 1.3157100677490234, 1.0346639156341553, 0.8221802711486816, 0.6156903505325317, 0.49486181139945984, 0.4051024913787842, 0.3586650788784027, 0.32075706124305725, 0.24070923030376434, 0.25640758872032166, 0.19912263751029968, 0.17087812721729279, 0.1562458574771881, 0.1427256315946579, 0.12038727104663849, 0.11982706189155579], "train_accs": [0.9670245398773006, 0.9999147920927062], "dev_accs": [0.9635310156782549, 0.9996591683708248], "test_accs": [0.0, 0.0010381520892810796]}