{"loss_data": [3.1881794929504395, 2.7581112384796143, 2.4612293243408203, 2.126750946044922, 1.8017276525497437, 1.6196649074554443, 1.388242244720459, 1.223960518836975, 1.016387939453125, 0.9017366766929626, 0.8445376753807068, 0.7108740210533142, 0.6105421781539917, 0.5450170636177063, 0.4388030469417572, 0.41115501523017883, 0.32995474338531494, 0.30222705006599426, 0.29254111647605896, 0.23994320631027222], "train_accs": [0.8809645535105658, 1.0], "dev_accs": [0.8902522154055896, 1.0], "test_accs": [0.00012976901116013495, 0.7540877238515442]}