{"loss_data": [2.736538887023926, 1.9908194541931152, 1.938931941986084, 1.6425976753234863, 1.2697099447250366, 0.9701040983200073, 0.7783015966415405, 0.6317113637924194, 0.4570983648300171, 0.37480518221855164, 0.38031914830207825, 0.30508965253829956, 0.22850395739078522, 0.18447476625442505, 0.15981312096118927, 0.14699281752109528, 0.12068857997655869, 0.09310878068208694, 0.08859315514564514, 0.08199465274810791], "train_accs": [0.8849693251533742, 1.0], "dev_accs": [0.8916155419222904, 1.0], "test_accs": [0.0, 0.03231248377887361]}