{"loss_data": [3.3621981143951416, 2.779172658920288, 2.643251657485962, 2.312941789627075, 1.8041132688522339, 1.5119768381118774, 1.2964004278182983, 1.0928186178207397, 0.8898723125457764, 0.7234135866165161, 0.7592748403549194, 0.6110498309135437, 0.4997673034667969, 0.4619295001029968, 0.39948371052742004, 0.36339953541755676, 0.31066158413887024, 0.2420157641172409, 0.23331254720687866, 0.2178538739681244], "train_accs": [0.8622188139059305, 1.0], "dev_accs": [0.60906612133606, 0.9935241990456715], "test_accs": [0.008954061770049312, 0.4709317415001298]}