{"loss_data": [2.5767340660095215, 1.835129737854004, 1.5916593074798584, 1.273858904838562, 1.0285241603851318, 0.879786491394043, 0.7283904552459717, 0.5544764995574951, 0.44934117794036865, 0.35556483268737793, 0.364131897687912, 0.32100924849510193, 0.23447519540786743, 0.2063121646642685, 0.16150790452957153, 0.14697879552841187, 0.11513887345790863, 0.10897982120513916, 0.0952153429389, 0.07818928360939026], "train_accs": [0.8496080436264485, 1.0], "dev_accs": [0.8432174505794138, 0.9894342194955692], "test_accs": [0.0, 0.00012976901116013495]}