{"loss_data": [3.705211639404297, 2.1698849201202393, 1.9811509847640991, 1.8056062459945679, 1.5660799741744995, 1.3075647354125977, 1.0164772272109985, 0.7598608136177063, 0.6183887124061584, 0.46949756145477295, 0.45279616117477417, 0.3417470455169678, 0.28794753551483154, 0.2638290226459503, 0.19970004260540009, 0.1840856373310089, 0.14047062397003174, 0.12013481557369232, 0.12155715376138687, 0.1038956567645073], "train_accs": [0.8301806407634629, 0.999573960463531], "dev_accs": [0.8408316291751875, 0.912747102931152], "test_accs": [0.0, 0.0003893070334804049]}