{"loss_data": [3.184955358505249, 2.752645254135132, 2.585723876953125, 2.279686689376831, 1.9342700242996216, 1.5988235473632812, 1.2330318689346313, 1.0750737190246582, 0.8501161336898804, 0.7762047052383423, 0.7266806364059448, 0.5433338284492493, 0.5108856558799744, 0.44180789589881897, 0.3664804995059967, 0.30003857612609863, 0.2696041464805603, 0.24006439745426178, 0.22050492465496063, 0.1931634396314621], "train_accs": [0.9735003408316292, 1.0], "dev_accs": [0.8905930470347648, 1.0], "test_accs": [0.01907604464053984, 0.45977160654035815]}