{"loss_data": [3.238408327102661, 2.735203266143799, 2.548447370529175, 2.311471700668335, 2.0071704387664795, 1.7355490922927856, 1.4616823196411133, 1.2277352809906006, 0.9971166849136353, 0.837460994720459, 0.8139824867248535, 0.6720584034919739, 0.5668035745620728, 0.5017669796943665, 0.39798736572265625, 0.3989173173904419, 0.31857970356941223, 0.29895755648612976, 0.24290867149829865, 0.2185571938753128], "train_accs": [0.8807089297886844, 1.0], "dev_accs": [0.8517382413087935, 0.9986366734832992], "test_accs": [0.0071372956138074225, 0.19050090838307812]}