{"loss_data": [3.1214962005615234, 2.737504005432129, 2.3108069896698, 2.0684008598327637, 1.7150142192840576, 1.480499267578125, 1.2806836366653442, 1.1026332378387451, 0.9706279635429382, 0.8591582775115967, 0.8279536366462708, 0.6644256711006165, 0.5805081725120544, 0.511347770690918, 0.48198580741882324, 0.40479788184165955, 0.3574608266353607, 0.2826344966888428, 0.2949390709400177, 0.21951965987682343], "train_accs": [0.9241649625085208, 0.9999147920927062], "dev_accs": [0.8224267211997274, 1.0], "test_accs": [0.20399688554373216, 0.7433168959252531]}