{"loss_data": [2.8226945400238037, 2.0046911239624023, 1.7231801748275757, 1.2277295589447021, 0.884735643863678, 0.5751897692680359, 0.4647732675075531, 0.3564634919166565, 0.263710081577301, 0.24886855483055115, 0.23042362928390503, 0.21285533905029297, 0.17373187839984894, 0.15425533056259155, 0.1327231228351593, 0.11274266242980957, 0.09653113782405853, 0.09055814146995544, 0.09922961890697479, 0.08023848384618759], "train_accs": [0.8984321745057942, 1.0], "dev_accs": [0.8616223585548739, 0.8960463531015678], "test_accs": [0.0, 0.007526602647287828]}