{"loss_data": [2.9948723316192627, 2.6627554893493652, 2.3887271881103516, 2.0442769527435303, 1.7354155778884888, 1.4650202989578247, 1.2733837366104126, 1.0568596124649048, 0.854091465473175, 0.7657973170280457, 0.7334782481193542, 0.6337341070175171, 0.5039937496185303, 0.4570692479610443, 0.40063098073005676, 0.3237013816833496, 0.255094438791275, 0.2323988527059555, 0.22894597053527832, 0.2226761132478714], "train_accs": [0.6432344921608726, 0.9999147920927062], "dev_accs": [0.6431492842535788, 0.9117246080436264], "test_accs": [0.0, 0.46132883467427976]}