{"loss_data": [3.4836068153381348, 2.8088977336883545, 2.6685948371887207, 2.4880318641662598, 2.1334030628204346, 1.7331568002700806, 1.413815975189209, 1.248475193977356, 1.0499883890151978, 0.8642578125, 0.8826314806938171, 0.7300926446914673, 0.6386579871177673, 0.5289683938026428, 0.4164542257785797, 0.3505735993385315, 0.3370611071586609, 0.2701280415058136, 0.24036644399166107, 0.20399387180805206], "train_accs": [0.7390081799591002, 1.0], "dev_accs": [0.6871165644171779, 1.0], "test_accs": [0.00012976901116013495, 0.7300804567869192]}