{"loss_data": [3.3227641582489014, 2.2189648151397705, 1.965182900428772, 1.7636791467666626, 1.3464412689208984, 1.0925637483596802, 0.8222407102584839, 0.6721144914627075, 0.5748632550239563, 0.42674294114112854, 0.40487024188041687, 0.3305940330028534, 0.2538456916809082, 0.20258110761642456, 0.20143753290176392, 0.19632209837436676, 0.13472098112106323, 0.1269550323486328, 0.10955680906772614, 0.08789785206317902], "train_accs": [0.8919563735514656, 1.0], "dev_accs": [0.8970688479890934, 0.912747102931152], "test_accs": [0.0, 0.00012976901116013495]}