{"loss_data": [3.3343276977539062, 2.6553754806518555, 2.372260570526123, 2.026801586151123, 1.7613612413406372, 1.4922775030136108, 1.4233871698379517, 1.094412922859192, 0.9346278309822083, 0.7117675542831421, 0.737951397895813, 0.6472620368003845, 0.5150532126426697, 0.4642471373081207, 0.3962640166282654, 0.36556604504585266, 0.3042471408843994, 0.28014034032821655, 0.23543868958950043, 0.22459661960601807], "train_accs": [0.9953135650988412, 1.0], "dev_accs": [0.7044989775051125, 0.9993183367416496], "test_accs": [0.0009083830781209447, 0.5269919543213081]}