{"loss_data": [2.4089815616607666, 1.6533809900283813, 1.308752417564392, 0.9995456337928772, 0.8042336106300354, 0.6856533288955688, 0.5167837142944336, 0.40850383043289185, 0.322211891412735, 0.25280922651290894, 0.25317803025245667, 0.19891628623008728, 0.1684214025735855, 0.14458100497722626, 0.14094601571559906, 0.1119576096534729, 0.10922861844301224, 0.08571463078260422, 0.07883848994970322, 0.06859557330608368], "train_accs": [0.998721881390593, 1.0], "dev_accs": [0.9979550102249489, 1.0], "test_accs": [0.012847132104853361, 0.1143264988320789]}