{"loss_data": [2.9667906761169434, 2.0022990703582764, 1.9131994247436523, 1.608202576637268, 1.228310227394104, 0.9314255714416504, 0.7513850927352905, 0.5754505395889282, 0.4678087830543518, 0.376079261302948, 0.36118051409721375, 0.31341227889060974, 0.2504768967628479, 0.21600347757339478, 0.16307610273361206, 0.15306240320205688, 0.11839472502470016, 0.11848142743110657, 0.08730998635292053, 0.08897680044174194], "train_accs": [0.8332481254260395, 1.0], "dev_accs": [0.9267211997273347, 1.0], "test_accs": [0.00012976901116013495, 0.02777056838826888]}