{"loss_data": [3.55473256111145, 2.0932750701904297, 2.001887083053589, 1.8784761428833008, 1.8063405752182007, 1.6273669004440308, 1.3406494855880737, 1.0665894746780396, 0.7537954449653625, 0.6012937426567078, 0.5603896975517273, 0.4383206367492676, 0.335913747549057, 0.282863050699234, 0.22637267410755157, 0.18053747713565826, 0.1538744866847992, 0.13570265471935272, 0.10299607366323471, 0.10345917195081711], "train_accs": [0.5439672801635992, 0.999573960463531], "dev_accs": [0.5003408316291752, 1.0], "test_accs": [0.0, 0.0]}