{"loss_data": [3.0385420322418213, 2.668184757232666, 2.464876890182495, 2.0648915767669678, 1.7271158695220947, 1.45413076877594, 1.2528291940689087, 1.043641448020935, 0.8871307373046875, 0.7424598932266235, 0.6992822289466858, 0.596135675907135, 0.5487974882125854, 0.4327518939971924, 0.39072132110595703, 0.3538709282875061, 0.2780502140522003, 0.2630341351032257, 0.24489828944206238, 0.21811769902706146], "train_accs": [0.8795160190865713, 1.0], "dev_accs": [0.5637355146557601, 0.9809134287661895], "test_accs": [0.0, 0.5805865559304438]}