{"loss_data": [3.437617301940918, 2.730944871902466, 2.2730374336242676, 1.875458002090454, 1.6786832809448242, 1.4642970561981201, 1.232411503791809, 1.1509275436401367, 0.97438645362854, 0.8439035415649414, 0.7904707789421082, 0.7252371907234192, 0.5819364190101624, 0.46292608976364136, 0.4141538739204407, 0.3814491629600525, 0.3360763192176819, 0.3038521707057953, 0.2614234387874603, 0.21649809181690216], "train_accs": [0.8053851397409679, 1.0], "dev_accs": [0.26993865030674846, 0.9498977505112475], "test_accs": [0.0, 0.41746690890215415]}