{"loss_data": [2.592979669570923, 1.78416907787323, 1.5180493593215942, 1.2687878608703613, 0.9504876136779785, 0.7800405025482178, 0.6079795360565186, 0.47933873534202576, 0.3781313896179199, 0.31535810232162476, 0.27457550168037415, 0.25839927792549133, 0.21597369015216827, 0.15776094794273376, 0.14848454296588898, 0.11689409613609314, 0.11432422697544098, 0.09844043105840683, 0.07989629358053207, 0.07057546824216843], "train_accs": [0.804107021131561, 0.9901158827539196], "dev_accs": [0.8084526244035446, 0.9938650306748467], "test_accs": [0.0016869971450817545, 0.05761744095509992]}