{"loss_data": [2.7591552734375, 1.9589648246765137, 1.8323928117752075, 1.555020809173584, 1.2336394786834717, 0.9803222417831421, 0.7635008692741394, 0.6481443643569946, 0.5270059704780579, 0.4024350047111511, 0.3598270118236542, 0.338234543800354, 0.265807569026947, 0.22028501331806183, 0.1884813755750656, 0.1373661905527115, 0.13163867592811584, 0.1051555797457695, 0.10267260670661926, 0.08780347555875778], "train_accs": [0.695040899795501, 0.999573960463531], "dev_accs": [0.5477164280845263, 0.9993183367416496], "test_accs": [0.0, 0.0003893070334804049]}