{"loss_data": [3.2513904571533203, 2.8225152492523193, 2.5909948348999023, 2.15429949760437, 1.745343804359436, 1.4882892370224, 1.2523932456970215, 1.0776207447052002, 0.9817941784858704, 0.7724298238754272, 0.8025575280189514, 0.6636311411857605, 0.6252429485321045, 0.558038055896759, 0.4757556617259979, 0.37746790051460266, 0.33216094970703125, 0.29705891013145447, 0.2848634123802185, 0.23597411811351776], "train_accs": [0.7852760736196319, 0.9942058623040219], "dev_accs": [0.6431492842535788, 0.9972733469665985], "test_accs": [0.0011679211004412147, 0.01206851803789255]}