{"loss_data": [3.0392796993255615, 1.9224003553390503, 1.9325910806655884, 1.6417897939682007, 1.3981693983078003, 1.2243974208831787, 0.9974812269210815, 0.7974432706832886, 0.5982428789138794, 0.4922042787075043, 0.4421999454498291, 0.35496821999549866, 0.3219631612300873, 0.27143874764442444, 0.2127062827348709, 0.18813231587409973, 0.16103270649909973, 0.14039552211761475, 0.11587262153625488, 0.09344233572483063], "train_accs": [0.8708248125426039, 0.9997443762781186], "dev_accs": [0.967280163599182, 0.9996591683708248], "test_accs": [0.008175447703088503, 0.02751103036594861]}