{"loss_data": [3.0070271492004395, 2.6574113368988037, 2.4887356758117676, 2.200303554534912, 1.8698238134384155, 1.5498493909835815, 1.2436672449111938, 1.1349533796310425, 0.9519928097724915, 0.8017879128456116, 0.7586954832077026, 0.6772527694702148, 0.537749707698822, 0.4861634373664856, 0.4002225697040558, 0.34780389070510864, 0.2832447290420532, 0.27438226342201233, 0.24552702903747559, 0.21554800868034363], "train_accs": [0.8461145194274029, 1.0], "dev_accs": [0.6022494887525562, 0.9434219495569189], "test_accs": [0.026083571243187127, 0.06488450558006748]}