{"loss_data": [2.6734445095062256, 2.030566930770874, 1.9537835121154785, 1.7515459060668945, 1.3454474210739136, 1.107533574104309, 0.9121103286743164, 0.7642590403556824, 0.6307883262634277, 0.5179124474525452, 0.4807124137878418, 0.4266018271446228, 0.3369576334953308, 0.25914254784584045, 0.21735793352127075, 0.1677132397890091, 0.14796912670135498, 0.1326257884502411, 0.1318322718143463, 0.09274265915155411], "train_accs": [0.6129856850715747, 0.9998295841854125], "dev_accs": [0.6721199727334697, 1.0], "test_accs": [0.0, 0.01648066441733714]}