{"loss_data": [3.2854843139648438, 2.675934076309204, 2.496438980102539, 2.1816513538360596, 1.780566930770874, 1.5515449047088623, 1.3465194702148438, 1.1295870542526245, 0.9650577902793884, 0.8495279550552368, 0.8573656678199768, 0.6966432929039001, 0.6364954113960266, 0.5434087514877319, 0.5082823038101196, 0.41997721791267395, 0.32140102982521057, 0.3226500153541565, 0.27530935406684875, 0.27959516644477844], "train_accs": [0.6634287661895024, 1.0], "dev_accs": [0.6482617586912065, 0.912747102931152], "test_accs": [0.30378925512587596, 0.45484038411627303]}