{"loss_data": [3.0836644172668457, 2.728571891784668, 2.511359691619873, 2.259667158126831, 1.9178249835968018, 1.6087944507598877, 1.3864796161651611, 1.0204181671142578, 0.8394532799720764, 0.6797771453857422, 0.6702552437782288, 0.5770098567008972, 0.48017096519470215, 0.4076632559299469, 0.3368590772151947, 0.28686827421188354, 0.25740858912467957, 0.22369138896465302, 0.19354063272476196, 0.1788504719734192], "train_accs": [0.9952283571915473, 1.0], "dev_accs": [0.9723926380368099, 1.0], "test_accs": [0.415390604723592, 0.6607838048274072]}