{"loss_data": [3.2587404251098633, 2.8437392711639404, 2.719916820526123, 2.5338292121887207, 2.19291353225708, 1.8053526878356934, 1.4487887620925903, 1.1943778991699219, 0.9523484110832214, 0.7935068011283875, 0.7812692523002625, 0.6622439622879028, 0.558343231678009, 0.4566108286380768, 0.4027463495731354, 0.3668963313102722, 0.2805367112159729, 0.3020654618740082, 0.25842174887657166, 0.2378750592470169], "train_accs": [0.8623040218132243, 1.0], "dev_accs": [0.9430811179277437, 1.0], "test_accs": [0.0, 0.11938749026732416]}