{"loss_data": [2.726072072982788, 1.8672080039978027, 1.7548826932907104, 1.3079047203063965, 1.0828408002853394, 0.8287649154663086, 0.617939829826355, 0.4671299159526825, 0.35671359300613403, 0.2707195580005646, 0.25792041420936584, 0.1979907751083374, 0.18870416283607483, 0.17901617288589478, 0.14080630242824554, 0.10761041939258575, 0.1264188289642334, 0.09095308184623718, 0.07164805382490158, 0.08007445186376572], "train_accs": [0.9780163599182005, 1.0], "dev_accs": [0.9761417859577369, 1.0], "test_accs": [0.0, 0.0011679211004412147]}