{"loss_data": [2.785001277923584, 1.7669025659561157, 1.5649350881576538, 1.242281436920166, 0.9341574311256409, 0.739944577217102, 0.612640917301178, 0.4532896876335144, 0.3648262619972229, 0.3103722631931305, 0.27001118659973145, 0.2477145493030548, 0.17880402505397797, 0.15569192171096802, 0.1488943248987198, 0.13276413083076477, 0.10552937537431717, 0.08996348083019257, 0.09278039634227753, 0.07659954577684402], "train_accs": [0.8830947511929107, 1.0], "dev_accs": [0.9819359236537151, 1.0], "test_accs": [0.0, 0.0027251492343628343]}