{"loss_data": [3.16373348236084, 2.6119096279144287, 2.13017201423645, 1.7704224586486816, 1.4854227304458618, 1.2970837354660034, 1.0448516607284546, 0.9295850396156311, 0.8127984404563904, 0.6530088186264038, 0.6577894687652588, 0.5648699402809143, 0.4659424424171448, 0.38863128423690796, 0.3520369231700897, 0.33218708634376526, 0.29726800322532654, 0.2291708141565323, 0.21657666563987732, 0.1977691799402237], "train_accs": [0.9963360599863668, 1.0], "dev_accs": [0.8718473074301295, 0.9113837764144512], "test_accs": [0.21541655852582403, 0.8638723072930184]}