{"loss_data": [3.6273417472839355, 1.9493012428283691, 1.981128215789795, 1.8833626508712769, 1.849048137664795, 1.7788339853286743, 1.5377687215805054, 1.2187610864639282, 0.9790495038032532, 0.8105286359786987, 0.7325315475463867, 0.5998443961143494, 0.46193382143974304, 0.38283586502075195, 0.3297443091869354, 0.25403308868408203, 0.23520076274871826, 0.19636161625385284, 0.17153091728687286, 0.15605850517749786], "train_accs": [0.1057430129516019, 0.9304703476482618], "dev_accs": [0.0541922290388548, 0.8858214042263122], "test_accs": [0.0, 0.0159615883726966]}