{"loss_data": [3.124809980392456, 2.5574095249176025, 2.2537002563476562, 2.005030870437622, 1.6709601879119873, 1.4462478160858154, 1.288686990737915, 1.0943180322647095, 0.9034208655357361, 0.788719892501831, 0.7071551084518433, 0.6391517519950867, 0.5889925360679626, 0.4869544208049774, 0.44486135244369507, 0.35995134711265564, 0.282706081867218, 0.2700842022895813, 0.2536052465438843, 0.21319754421710968], "train_accs": [0.8578732106339468, 1.0], "dev_accs": [0.6666666666666666, 0.9730743012951601], "test_accs": [0.02647287827666753, 0.45094731378146896]}