{"loss_data": [2.5992791652679443, 1.9288434982299805, 1.8821214437484741, 1.5636178255081177, 1.2955297231674194, 1.0344430208206177, 0.8444035649299622, 0.5625889897346497, 0.4416121542453766, 0.3336937725543976, 0.3280780017375946, 0.24362896382808685, 0.20773687958717346, 0.17699939012527466, 0.16104184091091156, 0.12767337262630463, 0.11393171548843384, 0.09972264617681503, 0.08215717226266861, 0.08939601480960846], "train_accs": [0.9928425357873211, 1.0], "dev_accs": [0.8967280163599182, 0.9993183367416496], "test_accs": [0.015053205294575656, 0.029327796522190502]}