{"loss_data": [3.3322136402130127, 2.8107714653015137, 2.613513469696045, 2.3554348945617676, 1.94541335105896, 1.6833785772323608, 1.4277104139328003, 1.2076300382614136, 0.9756422638893127, 0.8245787620544434, 0.8306037783622742, 0.7124797701835632, 0.6057616472244263, 0.4924154281616211, 0.4271807372570038, 0.37925583124160767, 0.31902050971984863, 0.2848969101905823, 0.29188045859336853, 0.2551996111869812], "train_accs": [0.7870654396728016, 1.0], "dev_accs": [0.5197682344921609, 0.9403544648943422], "test_accs": [0.0009083830781209447, 0.16649364131845315]}