{"loss_data": [3.1447770595550537, 2.6369216442108154, 2.242750883102417, 1.931588053703308, 1.6039193868637085, 1.3609598875045776, 1.1839720010757446, 1.0204076766967773, 0.8372796773910522, 0.692169725894928, 0.6591145396232605, 0.6012706160545349, 0.5151742696762085, 0.3922443389892578, 0.3439673185348511, 0.3134632110595703, 0.2795369029045105, 0.28433313965797424, 0.20791132748126984, 0.19550946354866028], "train_accs": [0.9710293115201091, 1.0], "dev_accs": [0.40899795501022496, 0.9758009543285617], "test_accs": [0.0, 0.029976641577991174]}