{"loss_data": [3.1348814964294434, 2.6451871395111084, 2.3289382457733154, 2.097357749938965, 1.7840571403503418, 1.5005766153335571, 1.178078055381775, 1.013914942741394, 0.8509306311607361, 0.7414467334747314, 0.6890670657157898, 0.5864772200584412, 0.51716148853302, 0.45397016406059265, 0.3636137545108795, 0.31393951177597046, 0.27169978618621826, 0.2719826102256775, 0.22892630100250244, 0.2098744809627533], "train_accs": [0.8500340831629175, 1.0], "dev_accs": [0.6349693251533742, 0.919904567143831], "test_accs": [0.1069296651959512, 0.47119127952245005]}