{"loss_data": [2.347508192062378, 1.915454387664795, 1.7168793678283691, 1.2302964925765991, 0.9288221001625061, 0.725928783416748, 0.5475061535835266, 0.4205845296382904, 0.33748331665992737, 0.26064085960388184, 0.2528788149356842, 0.21363462507724762, 0.17052896320819855, 0.14729082584381104, 0.12589974701404572, 0.0964251160621643, 0.09448348730802536, 0.07993856072425842, 0.08167552947998047, 0.06771604716777802], "train_accs": [0.9978698023176551, 1.0], "dev_accs": [0.9955691888207225, 1.0], "test_accs": [0.041915390604723594, 0.06773942382559045]}