{"loss_data": [2.381094455718994, 1.835646152496338, 1.6448701620101929, 1.3412835597991943, 1.0535637140274048, 0.7553767561912537, 0.573661744594574, 0.4532290995121002, 0.3532473146915436, 0.28055819869041443, 0.25086408853530884, 0.22263915836811066, 0.19469113647937775, 0.1489785611629486, 0.12648186087608337, 0.10996324568986893, 0.09589675068855286, 0.10038822889328003, 0.08098480850458145, 0.06996229290962219], "train_accs": [0.9918200408997955, 1.0], "dev_accs": [0.9921608725289707, 1.0], "test_accs": [0.0, 0.0007786140669608098]}