{"loss_data": [2.6459109783172607, 1.9899342060089111, 1.810610055923462, 1.4807987213134766, 1.1632888317108154, 0.79372638463974, 0.5661579370498657, 0.41315534710884094, 0.33602064847946167, 0.22513118386268616, 0.23654493689537048, 0.19928166270256042, 0.16508008539676666, 0.15603213012218475, 0.1443394124507904, 0.09775059670209885, 0.10028161853551865, 0.10452084243297577, 0.0663822740316391, 0.0674324482679367], "train_accs": [0.9971029311520109, 1.0], "dev_accs": [0.9976141785957737, 1.0], "test_accs": [0.0319231767453932, 0.05580067479885803]}