{"loss_data": [3.301320791244507, 2.8143043518066406, 2.6836581230163574, 2.4495174884796143, 2.111124038696289, 1.7599036693572998, 1.4490227699279785, 1.1523784399032593, 0.9681965112686157, 0.8205681443214417, 0.8305081129074097, 0.6454780697822571, 0.5449557304382324, 0.48069846630096436, 0.37833282351493835, 0.3687077462673187, 0.2863893210887909, 0.2598913908004761, 0.266038715839386, 0.2086503803730011], "train_accs": [0.8867586912065439, 1.0], "dev_accs": [0.6792774369461486, 1.0], "test_accs": [0.0, 0.030365948611471582]}