{"loss_data": [3.0607450008392334, 2.5845730304718018, 2.2774817943573, 1.958997368812561, 1.645815134048462, 1.3254705667495728, 1.1084434986114502, 0.9564509987831116, 0.7442135214805603, 0.6479820013046265, 0.6498702168464661, 0.517832338809967, 0.47307172417640686, 0.4337461292743683, 0.34425482153892517, 0.32174956798553467, 0.2711830735206604, 0.24052362143993378, 0.21768513321876526, 0.2082648128271103], "train_accs": [1.0, 1.0], "dev_accs": [0.9318336741649625, 0.9580777096114519], "test_accs": [0.014274591227614845, 0.008694523747729043]}