{"loss_data": [2.6152806282043457, 1.7603657245635986, 1.510105013847351, 1.2114280462265015, 1.039229393005371, 0.7809175848960876, 0.6948177814483643, 0.5433226823806763, 0.4241514205932617, 0.391732394695282, 0.3051564693450928, 0.27020928263664246, 0.2143554985523224, 0.1802421659231186, 0.17786268889904022, 0.1228797435760498, 0.11778540909290314, 0.09986390918493271, 0.09178680926561356, 0.09750603139400482], "train_accs": [0.9382242672119973, 1.0], "dev_accs": [0.8568507157464212, 1.0], "test_accs": [0.10420451596158838, 0.09395276407993772]}