{"loss_data": [3.3916208744049072, 2.737677574157715, 2.611302375793457, 2.4562716484069824, 2.2012386322021484, 1.877117395401001, 1.540651798248291, 1.3210864067077637, 1.0434434413909912, 0.9287915825843811, 0.8406765460968018, 0.7105294466018677, 0.5612993240356445, 0.506026566028595, 0.41101595759391785, 0.4157387316226959, 0.32156798243522644, 0.29490241408348083, 0.24906083941459656, 0.22907814383506775], "train_accs": [0.6493694614860259, 1.0], "dev_accs": [0.6816632583503749, 0.9928425357873211], "test_accs": [0.0, 0.43822995068777576]}