{"loss_data": [2.9918079376220703, 2.5287272930145264, 2.2075295448303223, 1.8189369440078735, 1.5009828805923462, 1.2688905000686646, 1.0481181144714355, 0.8839473128318787, 0.7332169413566589, 0.6149095892906189, 0.5803157687187195, 0.4707409739494324, 0.4238017201423645, 0.39371007680892944, 0.3137076795101166, 0.29689130187034607, 0.23968692123889923, 0.21254797279834747, 0.19109903275966644, 0.17337127029895782], "train_accs": [0.8943421949556919, 1.0], "dev_accs": [0.9025221540558964, 1.0], "test_accs": [0.006488450558006748, 0.4888398650402284]}