{"loss_data": [2.9108705520629883, 1.9586386680603027, 1.8627455234527588, 1.5750058889389038, 1.2390705347061157, 0.9313417077064514, 0.7221232652664185, 0.5177480578422546, 0.43302348256111145, 0.3281213045120239, 0.287116140127182, 0.2548302412033081, 0.25280529260635376, 0.19167035818099976, 0.16105709969997406, 0.14918209612369537, 0.1404220163822174, 0.09674138575792313, 0.0736444890499115, 0.09291796386241913], "train_accs": [0.8721881390593047, 1.0], "dev_accs": [0.8749147920927062, 1.0], "test_accs": [0.007007526602647288, 0.05099922138593304]}