{"loss_data": [2.5761642456054688, 1.9699335098266602, 1.9627890586853027, 1.8233071565628052, 1.6110773086547852, 1.3336182832717896, 1.0333025455474854, 0.7152091264724731, 0.5519875884056091, 0.4563530683517456, 0.430925190448761, 0.3359278738498688, 0.25997647643089294, 0.2273416370153427, 0.1709587574005127, 0.13988156616687775, 0.12965233623981476, 0.12528246641159058, 0.09836814552545547, 0.10100651532411575], "train_accs": [0.8329925017041582, 0.998721881390593], "dev_accs": [0.8122017723244717, 0.9993183367416496], "test_accs": [0.010381520892810797, 0.03607578510251752]}