{"loss_data": [3.1503453254699707, 2.5997731685638428, 2.3317244052886963, 2.045409917831421, 1.714080810546875, 1.445330262184143, 1.23525869846344, 1.1163675785064697, 0.9709920883178711, 0.8243923187255859, 0.7754486203193665, 0.6861795783042908, 0.5908026695251465, 0.5114596486091614, 0.43198955059051514, 0.38164839148521423, 0.3048461973667145, 0.32644787430763245, 0.2618023157119751, 0.22877290844917297], "train_accs": [0.501704158145876, 1.0], "dev_accs": [0.3667348329925017, 0.9451261077027948], "test_accs": [0.0, 0.004671684401764859]}