{"loss_data": [2.4362125396728516, 1.8475332260131836, 1.5720733404159546, 1.2760659456253052, 0.9315070509910583, 0.6768026947975159, 0.6031798124313354, 0.42708271741867065, 0.36196741461753845, 0.30365294218063354, 0.2673586905002594, 0.2450171709060669, 0.2105020433664322, 0.1653711348772049, 0.16846786439418793, 0.1420663595199585, 0.13432486355304718, 0.09163700044155121, 0.10181085765361786, 0.08293365687131882], "train_accs": [0.8924676209952284, 0.9994035446489434], "dev_accs": [0.9884117246080436, 0.9996591683708248], "test_accs": [0.0, 0.0319231767453932]}