{"loss_data": [3.1394991874694824, 2.7473208904266357, 2.6049933433532715, 2.370753765106201, 2.1024467945098877, 1.7398661375045776, 1.4910666942596436, 1.2710970640182495, 1.1194247007369995, 0.9446735978126526, 0.8539910316467285, 0.7549947500228882, 0.6012309193611145, 0.5553647875785828, 0.5082306861877441, 0.40899595618247986, 0.3576391339302063, 0.27794843912124634, 0.24457086622714996, 0.2139412760734558], "train_accs": [0.6897580095432856, 1.0], "dev_accs": [0.5323790047716428, 0.9969325153374233], "test_accs": [0.0, 0.4305735790293278]}