{"loss_data": [2.3090412616729736, 1.86375093460083, 1.614153265953064, 1.3316353559494019, 1.0123560428619385, 0.756894588470459, 0.5186474323272705, 0.4376184940338135, 0.355437695980072, 0.24269218742847443, 0.26295119524002075, 0.22761668264865875, 0.17967981100082397, 0.15452243387699127, 0.13819359242916107, 0.11813545972108841, 0.09370793402194977, 0.09323552250862122, 0.08447583764791489, 0.059484485536813736], "train_accs": [0.8591513292433538, 1.0], "dev_accs": [0.8793456032719836, 1.0], "test_accs": [0.0, 0.036465092135997926]}