{"loss_data": [2.456148624420166, 1.879685401916504, 1.719099521636963, 1.3376305103302002, 1.037882685661316, 0.7901447415351868, 0.6193860769271851, 0.4809493124485016, 0.35878780484199524, 0.3173947334289551, 0.2940644323825836, 0.23679190874099731, 0.19744029641151428, 0.1795186549425125, 0.15927013754844666, 0.15146133303642273, 0.12010829150676727, 0.1193329393863678, 0.09147913008928299, 0.07723496854305267], "train_accs": [0.8580436264485344, 0.9994887525562373], "dev_accs": [0.8646898432174506, 1.0], "test_accs": [0.0, 0.0005190760446405398]}