{"loss_data": [3.1911609172821045, 2.6054468154907227, 2.368093967437744, 2.1801962852478027, 1.8744301795959473, 1.6549277305603027, 1.4044493436813354, 1.1967755556106567, 1.0090938806533813, 0.8960317969322205, 0.8427518606185913, 0.6816192865371704, 0.6222814321517944, 0.5371387004852295, 0.46106287837028503, 0.4591885209083557, 0.34149524569511414, 0.2913956046104431, 0.2619398236274719, 0.22023643553256989], "train_accs": [0.9008179959100204, 1.0], "dev_accs": [0.5845262440354465, 0.9914792092706203], "test_accs": [0.0010381520892810796, 0.31313262392940566]}