{"loss_data": [3.234570264816284, 2.755350351333618, 2.5197672843933105, 2.2550573348999023, 1.8651001453399658, 1.5752768516540527, 1.4255902767181396, 1.159188151359558, 0.9532510042190552, 0.7953646779060364, 0.7895660400390625, 0.6591695547103882, 0.5573840737342834, 0.4946609437465668, 0.4139186441898346, 0.32788947224617004, 0.3015311360359192, 0.25241613388061523, 0.22039583325386047, 0.2203633040189743], "train_accs": [0.773517382413088, 0.9999147920927062], "dev_accs": [0.6557600545330606, 0.9819359236537151], "test_accs": [0.0003893070334804049, 0.446145860368544]}