{"loss_data": [3.129535436630249, 2.5933916568756104, 2.262091875076294, 1.9568064212799072, 1.7085610628128052, 1.450463056564331, 1.1394351720809937, 1.000420093536377, 0.8284339904785156, 0.7851800918579102, 0.7234987616539001, 0.6011087894439697, 0.48802244663238525, 0.39079833030700684, 0.36148199439048767, 0.296774685382843, 0.2556320130825043, 0.22491632401943207, 0.21928487718105316, 0.20041461288928986], "train_accs": [0.9484492160872529, 1.0], "dev_accs": [0.921949556918882, 1.0], "test_accs": [0.32039968855437323, 0.5859070853880094]}