{"loss_data": [2.589123249053955, 1.9557007551193237, 1.8164596557617188, 1.5970739126205444, 1.2139900922775269, 0.9411569237709045, 0.6805320978164673, 0.4965180456638336, 0.40416714549064636, 0.3326564431190491, 0.305583119392395, 0.23263463377952576, 0.18122242391109467, 0.18026849627494812, 0.14491137862205505, 0.12640827894210815, 0.12030883878469467, 0.09557314217090607, 0.08642927557229996, 0.07417262345552444], "train_accs": [0.9930129516019086, 1.0], "dev_accs": [0.9035446489434219, 1.0], "test_accs": [0.003893070334804049, 0.10887620036335323]}