{"loss_data": [3.556082248687744, 2.7573537826538086, 2.5055203437805176, 2.1314990520477295, 1.781261920928955, 1.5587774515151978, 1.38427734375, 1.1579265594482422, 0.9351412057876587, 0.8197630643844604, 0.7824209928512573, 0.6650608777999878, 0.584972620010376, 0.4963851869106293, 0.42294788360595703, 0.4012790322303772, 0.2994658946990967, 0.3081488609313965, 0.27334490418434143, 0.23158538341522217], "train_accs": [0.8916155419222904, 1.0], "dev_accs": [0.8152692569870484, 1.0], "test_accs": [0.10952504541915391, 0.6479366727225538]}