{"loss_data": [2.896411418914795, 1.9646817445755005, 1.8715330362319946, 1.4972829818725586, 1.154625654220581, 0.8830623030662537, 0.7501136660575867, 0.6062286496162415, 0.4659115672111511, 0.3706519603729248, 0.36253514885902405, 0.3091224730014801, 0.22679607570171356, 0.1872486025094986, 0.16603469848632812, 0.13568179309368134, 0.11829989403486252, 0.11227385699748993, 0.09629353880882263, 0.09279731661081314], "train_accs": [0.9383946830265849, 1.0], "dev_accs": [0.9383094751192911, 0.9993183367416496], "test_accs": [0.0002595380223202699, 0.01622112639501687]}