{"loss_data": [3.0881316661834717, 2.620924949645996, 2.298792839050293, 1.913560152053833, 1.6717764139175415, 1.3576228618621826, 1.1552307605743408, 0.9975157976150513, 0.8213594555854797, 0.6963312029838562, 0.7035592198371887, 0.5950955152511597, 0.5341483354568481, 0.42423486709594727, 0.39909008145332336, 0.34025242924690247, 0.292055606842041, 0.22394666075706482, 0.22225332260131836, 0.19058416783809662], "train_accs": [0.9908827539195637, 1.0], "dev_accs": [0.9751192910702113, 1.0], "test_accs": [0.07137295613807423, 0.7895146638982611]}