{"loss_data": [3.3041293621063232, 2.8083295822143555, 2.389230489730835, 2.0552899837493896, 1.6880637407302856, 1.4318498373031616, 1.2419307231903076, 1.0636483430862427, 0.917723536491394, 0.7945517897605896, 0.7488514184951782, 0.6437801718711853, 0.5690348148345947, 0.486877977848053, 0.40112584829330444, 0.3737252652645111, 0.3082199990749359, 0.26345574855804443, 0.2460244596004486, 0.20300573110580444], "train_accs": [0.963957055214724, 1.0], "dev_accs": [0.2614178595773688, 0.5241990456714383], "test_accs": [0.09070853880093434, 0.4784583441474176]}