{"loss_data": [2.2731618881225586, 1.7805546522140503, 1.5142987966537476, 1.1244240999221802, 0.8488800525665283, 0.6213740706443787, 0.49234631657600403, 0.43711236119270325, 0.3025071918964386, 0.22095811367034912, 0.2324477583169937, 0.2009853571653366, 0.15458452701568604, 0.14262919127941132, 0.12112005800008774, 0.10552598536014557, 0.0810934528708458, 0.0733322948217392, 0.06604137271642685, 0.07510177791118622], "train_accs": [0.8973244717109747, 1.0], "dev_accs": [0.9059304703476483, 0.912747102931152], "test_accs": [0.0, 0.004541915390604724]}