{"loss_data": [3.122616767883301, 2.0787553787231445, 1.938490867614746, 1.739500880241394, 1.5585328340530396, 1.2879661321640015, 1.010987401008606, 0.7048097252845764, 0.5631389021873474, 0.43292149901390076, 0.40224194526672363, 0.3368019461631775, 0.24606074392795563, 0.20990508794784546, 0.1966109275817871, 0.155708909034729, 0.11491861939430237, 0.12353138625621796, 0.10946015268564224, 0.10846314579248428], "train_accs": [0.848585548738923, 0.998295841854124], "dev_accs": [0.856509884117246, 0.998295841854124], "test_accs": [0.0, 0.004152608357124318]}