{"loss_data": [3.258763551712036, 2.7118701934814453, 2.4701499938964844, 2.147029399871826, 1.808572769165039, 1.5452176332473755, 1.2975597381591797, 1.0499236583709717, 0.8394735455513, 0.7325102090835571, 0.7180362939834595, 0.5997809767723083, 0.5010796189308167, 0.39918243885040283, 0.38443005084991455, 0.3296053111553192, 0.2799082100391388, 0.26312240958213806, 0.227021262049675, 0.19917114078998566], "train_accs": [0.9680470347648262, 1.0], "dev_accs": [0.7522154055896387, 0.9597818677573279], "test_accs": [0.0002595380223202699, 0.5079159096807683]}