{"loss_data": [3.149411201477051, 2.0413336753845215, 1.9808895587921143, 1.7341759204864502, 1.4374557733535767, 1.0761774778366089, 0.7922399640083313, 0.6352185606956482, 0.4950595200061798, 0.4058278799057007, 0.36149200797080994, 0.3072161376476288, 0.23742510378360748, 0.23300154507160187, 0.19382400810718536, 0.14303652942180634, 0.12216956168413162, 0.12713630497455597, 0.10153743624687195, 0.09276276081800461], "train_accs": [0.820040899795501, 1.0], "dev_accs": [0.8227675528289026, 1.0], "test_accs": [0.0, 0.019984427718660783]}