{"loss_data": [3.159060478210449, 2.6127243041992188, 2.398448944091797, 2.103573799133301, 1.8399872779846191, 1.571217656135559, 1.311752438545227, 1.1134644746780396, 0.8929433226585388, 0.7574096918106079, 0.7313551306724548, 0.619638979434967, 0.5031313896179199, 0.3936525583267212, 0.3667948544025421, 0.3670739233493805, 0.28545093536376953, 0.2510702908039093, 0.2398761808872223, 0.1992008239030838], "train_accs": [0.942143830947512, 0.9999147920927062], "dev_accs": [0.8220858895705522, 0.9989775051124744], "test_accs": [0.0, 0.003633532312483779]}