{"loss_data": [3.2703747749328613, 2.6704864501953125, 2.4154810905456543, 2.1773924827575684, 1.8840888738632202, 1.659349799156189, 1.4440003633499146, 1.2299323081970215, 1.0057649612426758, 0.8555496335029602, 0.8708946704864502, 0.7077367305755615, 0.6057540774345398, 0.5417487025260925, 0.42847582697868347, 0.36875006556510925, 0.3028901517391205, 0.28222158551216125, 0.2602679133415222, 0.220600426197052], "train_accs": [0.7606509884117246, 1.0], "dev_accs": [0.27334696659850033, 0.9025221540558964], "test_accs": [0.01440436023877498, 0.5641058915131066]}