{"loss_data": [3.2335362434387207, 2.7359163761138916, 2.504509925842285, 2.253060817718506, 2.011617422103882, 1.7408488988876343, 1.5379273891448975, 1.2106096744537354, 1.0319002866744995, 0.8909925818443298, 0.8491846323013306, 0.7111719250679016, 0.6166137456893921, 0.5021241307258606, 0.43195244669914246, 0.4168888032436371, 0.33122360706329346, 0.2731231153011322, 0.24220111966133118, 0.2352401614189148], "train_accs": [0.985770279481936, 1.0], "dev_accs": [0.8135650988411725, 0.9972733469665985], "test_accs": [0.007007526602647288, 0.5679989618479108]}