{"loss_data": [3.020691156387329, 2.703054189682007, 2.404453992843628, 2.084752321243286, 1.7376912832260132, 1.4863604307174683, 1.2663334608078003, 1.0441675186157227, 0.807490885257721, 0.7040622234344482, 0.681645929813385, 0.5520030856132507, 0.5087274312973022, 0.3970315456390381, 0.34430426359176636, 0.31229639053344727, 0.28358975052833557, 0.25118163228034973, 0.19255363941192627, 0.19794993102550507], "train_accs": [0.8953646898432175, 1.0], "dev_accs": [0.6656441717791411, 0.9843217450579413], "test_accs": [0.0720218011938749, 0.9454970153127433]}