{"loss_data": [2.5484731197357178, 1.9069181680679321, 1.7089695930480957, 1.4127620458602905, 1.026450753211975, 0.7370319366455078, 0.5889508724212646, 0.45450106263160706, 0.36847373843193054, 0.29964879155158997, 0.275623083114624, 0.24747797846794128, 0.19987265765666962, 0.16507510840892792, 0.15400049090385437, 0.11456821113824844, 0.1165088564157486, 0.09069453179836273, 0.08448763191699982, 0.0902583971619606], "train_accs": [0.898091342876619, 1.0], "dev_accs": [0.9032038173142468, 1.0], "test_accs": [0.0, 0.0019465351674020244]}