{"loss_data": [3.5021328926086426, 2.7414822578430176, 2.430140495300293, 2.0776779651641846, 1.752419114112854, 1.3585985898971558, 1.2464065551757812, 0.9772424697875977, 0.8770738840103149, 0.7205706834793091, 0.7034774422645569, 0.6183456778526306, 0.5058521032333374, 0.49198806285858154, 0.39405497908592224, 0.3572815954685211, 0.3213539719581604, 0.26770949363708496, 0.25837185978889465, 0.21813546121120453], "train_accs": [0.5308452624403545, 1.0], "dev_accs": [0.46591683708248127, 0.9996591683708248], "test_accs": [0.03114456267843239, 0.8213080716324942]}