{"loss_data": [3.0524919033050537, 2.6411802768707275, 2.3113632202148438, 1.9423848390579224, 1.6558500528335571, 1.4130712747573853, 1.2189393043518066, 1.0484288930892944, 0.8156556487083435, 0.722335934638977, 0.710506021976471, 0.6147732734680176, 0.46896106004714966, 0.44743263721466064, 0.37004563212394714, 0.35533231496810913, 0.2754622995853424, 0.2540171444416046, 0.21083924174308777, 0.1948239654302597], "train_accs": [0.9879856850715747, 1.0], "dev_accs": [0.7951601908657123, 0.9976141785957737], "test_accs": [0.0, 0.48832078899558784]}