{"loss_data": [3.28149151802063, 2.843043327331543, 2.66150164604187, 2.3739607334136963, 2.1157591342926025, 1.9135746955871582, 1.592800259590149, 1.4315617084503174, 1.1957037448883057, 0.9667321443557739, 0.8996353149414062, 0.776672899723053, 0.6513232588768005, 0.5259425640106201, 0.4778704047203064, 0.40241360664367676, 0.3073064684867859, 0.2608339488506317, 0.290892630815506, 0.22766950726509094], "train_accs": [0.8107532379004772, 1.0], "dev_accs": [0.5538513974096796, 0.9014996591683708], "test_accs": [0.11757072411108227, 0.14378406436542954]}