{"loss_data": [2.488740921020508, 1.8744038343429565, 1.6792044639587402, 1.1147830486297607, 0.8469074964523315, 0.6636275053024292, 0.4930095970630646, 0.36654147505760193, 0.29932835698127747, 0.23776954412460327, 0.23258036375045776, 0.1652483493089676, 0.12928061187267303, 0.1455712467432022, 0.10903343558311462, 0.10656427592039108, 0.08475582301616669, 0.08087489008903503, 0.056888703256845474, 0.06208160147070885], "train_accs": [0.9612304021813224, 1.0], "dev_accs": [0.9665985003408316, 1.0], "test_accs": [0.022839345964183754, 0.18362315079159097]}