{"loss_data": [3.020112991333008, 2.6798062324523926, 2.5474398136138916, 2.196834087371826, 1.8087475299835205, 1.4780657291412354, 1.3516467809677124, 1.067590355873108, 0.889930009841919, 0.8053424954414368, 0.7246608734130859, 0.6293637752532959, 0.540306568145752, 0.4617888629436493, 0.38076847791671753, 0.3449065387248993, 0.2811388671398163, 0.26398342847824097, 0.21856842935085297, 0.20217503607273102], "train_accs": [0.8252385821404227, 1.0], "dev_accs": [0.2903885480572597, 0.9461486025903204], "test_accs": [0.007396833636127692, 0.43485595639761226]}