{"loss_data": [2.7529897689819336, 1.9686872959136963, 1.833532452583313, 1.36115300655365, 0.9815492630004883, 0.7230491638183594, 0.557753324508667, 0.44712695479393005, 0.33891430497169495, 0.2999562919139862, 0.2929432988166809, 0.22990380227565765, 0.21454490721225739, 0.1732904464006424, 0.1409071981906891, 0.1151304766535759, 0.11378533393144608, 0.09317346662282944, 0.07995710521936417, 0.08183176815509796], "train_accs": [0.6386332651670075, 0.9999147920927062], "dev_accs": [0.5807770961145194, 0.9952283571915473], "test_accs": [0.0, 0.04347261873864521]}