{"loss_data": [3.201354742050171, 2.6380088329315186, 2.2452352046966553, 1.9203455448150635, 1.6144088506698608, 1.4739761352539062, 1.2223472595214844, 1.1180421113967896, 0.9077785015106201, 0.7708913683891296, 0.7918049097061157, 0.6797313094139099, 0.571284830570221, 0.5387904644012451, 0.4363361597061157, 0.3831200897693634, 0.3272971212863922, 0.3065112829208374, 0.3211383521556854, 0.23520509898662567], "train_accs": [0.6164792092706203, 1.0], "dev_accs": [0.6172460804362645, 0.9062713019768235], "test_accs": [0.0, 0.0371139371917986]}