{"loss_data": [2.9201877117156982, 1.9977232217788696, 1.708643913269043, 1.4274331331253052, 1.1909232139587402, 0.8674970269203186, 0.6960824131965637, 0.5466509461402893, 0.4061846137046814, 0.3478242754936218, 0.3179782032966614, 0.2684094309806824, 0.2337663620710373, 0.17319640517234802, 0.17554180324077606, 0.13754351437091827, 0.12597087025642395, 0.09977389872074127, 0.09720911085605621, 0.09544742107391357], "train_accs": [0.8928084526244036, 0.9997443762781186], "dev_accs": [0.8994546693933198, 0.9996591683708248], "test_accs": [0.0, 0.04282377368284453]}