{"loss_data": [3.4868011474609375, 2.8134877681732178, 2.6077959537506104, 2.35649037361145, 2.0306732654571533, 1.7305115461349487, 1.4454724788665771, 1.1421046257019043, 0.9565066695213318, 0.7976850271224976, 0.7795920372009277, 0.6898396015167236, 0.5227876901626587, 0.43828871846199036, 0.40856239199638367, 0.32227781414985657, 0.2758948504924774, 0.2632083296775818, 0.23255473375320435, 0.19274039566516876], "train_accs": [0.9254430811179277, 1.0], "dev_accs": [0.7481254260395365, 0.9996591683708248], "test_accs": [0.049312224240851285, 0.3483000259538022]}