{"loss_data": [2.9894521236419678, 1.8428101539611816, 1.6854077577590942, 1.334497332572937, 1.0284287929534912, 0.8138174414634705, 0.6160172820091248, 0.475564569234848, 0.36776408553123474, 0.28582480549812317, 0.2930445075035095, 0.22823882102966309, 0.1979757696390152, 0.1626466065645218, 0.14198066294193268, 0.1238512396812439, 0.08713499456644058, 0.08324800431728363, 0.07777563482522964, 0.07051844149827957], "train_accs": [0.8961315610088616, 1.0], "dev_accs": [0.901840490797546, 0.9996591683708248], "test_accs": [0.0, 0.004671684401764859]}