{"loss_data": [2.963273048400879, 2.550586223602295, 2.2747139930725098, 1.9372822046279907, 1.650482177734375, 1.4417749643325806, 1.300894856452942, 1.1166257858276367, 0.9518539905548096, 0.8128734230995178, 0.813456654548645, 0.7291317582130432, 0.6103966236114502, 0.5755296945571899, 0.5108100771903992, 0.4200851023197174, 0.3425675630569458, 0.316072553396225, 0.2637908160686493, 0.2330947071313858], "train_accs": [0.45841854124062714, 1.0], "dev_accs": [0.33640081799591004, 0.9955691888207225], "test_accs": [0.051388528419413444, 0.33091097845834416]}