{"loss_data": [3.16782808303833, 2.712148904800415, 2.5016493797302246, 2.132605791091919, 1.814112901687622, 1.567639708518982, 1.3458949327468872, 1.1318939924240112, 0.9663408398628235, 0.7742472290992737, 0.7547754049301147, 0.6437177062034607, 0.5375309586524963, 0.45459404587745667, 0.3635627329349518, 0.33284229040145874, 0.2702700197696686, 0.2885452210903168, 0.2433938980102539, 0.22297213971614838], "train_accs": [0.9785276073619632, 1.0], "dev_accs": [0.9093387866394002, 0.9986366734832992], "test_accs": [0.27848429794964963, 0.4152608357124319]}