{"loss_data": [3.225249767303467, 2.622450828552246, 2.3273510932922363, 1.9271873235702515, 1.6282662153244019, 1.3515560626983643, 1.1142075061798096, 0.9871835112571716, 0.8538432121276855, 0.722459077835083, 0.7241199016571045, 0.6176881194114685, 0.5173333287239075, 0.47995585203170776, 0.3833780288696289, 0.3291916251182556, 0.3096943497657776, 0.22040775418281555, 0.26022496819496155, 0.2031034380197525], "train_accs": [0.8795160190865713, 1.0], "dev_accs": [0.8179959100204499, 1.0], "test_accs": [0.0011679211004412147, 0.4609395276407994]}