{"loss_data": [2.17207670211792, 1.7894504070281982, 1.4042927026748657, 1.0872185230255127, 0.8332211971282959, 0.653192937374115, 0.49142926931381226, 0.41051924228668213, 0.33476996421813965, 0.2742733955383301, 0.26530715823173523, 0.21392542123794556, 0.16745229065418243, 0.13218341767787933, 0.14220498502254486, 0.12184518575668335, 0.08937235176563263, 0.0847548320889473, 0.06662674248218536, 0.06724809110164642], "train_accs": [0.9925869120654397, 0.9997443762781186], "dev_accs": [0.9052488070892979, 0.9996591683708248], "test_accs": [0.0009083830781209447, 0.042564235660524266]}