{"loss_data": [2.530405282974243, 1.711772084236145, 1.4754184484481812, 1.3215641975402832, 1.1091914176940918, 0.8918512463569641, 0.7804871201515198, 0.5842190384864807, 0.4269143342971802, 0.36652734875679016, 0.34217846393585205, 0.28539514541625977, 0.24072402715682983, 0.18171294033527374, 0.17089338600635529, 0.13239814341068268, 0.13828928768634796, 0.11722757667303085, 0.09459266811609268, 0.08438988029956818], "train_accs": [0.9364349011588275, 1.0], "dev_accs": [0.8541240627130198, 1.0], "test_accs": [0.0015572281339216196, 0.006228912535686478]}