{"loss_data": [2.2420437335968018, 1.7863190174102783, 1.5785523653030396, 1.3250727653503418, 1.065675139427185, 0.8392860889434814, 0.6284088492393494, 0.525153636932373, 0.3947446942329407, 0.28316354751586914, 0.26208508014678955, 0.23532354831695557, 0.2025308609008789, 0.1559051126241684, 0.1373530775308609, 0.10974182933568954, 0.08914229273796082, 0.09889335930347443, 0.07425199449062347, 0.0799098089337349], "train_accs": [0.9917348329925018, 1.0], "dev_accs": [0.9928425357873211, 1.0], "test_accs": [0.01699974046197768, 0.013495977160654036]}