{"loss_data": [2.839238166809082, 1.988157033920288, 1.964343547821045, 1.7887749671936035, 1.4212411642074585, 1.0040643215179443, 0.6828393936157227, 0.5374531149864197, 0.3858928382396698, 0.35775378346443176, 0.3024110198020935, 0.2732565999031067, 0.21033716201782227, 0.1801571547985077, 0.13407470285892487, 0.12002253532409668, 0.11072277277708054, 0.08557930588722229, 0.08124497532844543, 0.08190047740936279], "train_accs": [0.869972733469666, 1.0], "dev_accs": [0.854464894342195, 1.0], "test_accs": [0.0, 0.01570205035037633]}