{"loss_data": [3.067779541015625, 2.0511372089385986, 1.989808440208435, 1.7405730485916138, 1.5157002210617065, 1.2209584712982178, 0.9464734792709351, 0.7061766386032104, 0.6088146567344666, 0.48954302072525024, 0.4649149775505066, 0.3496764302253723, 0.30060115456581116, 0.24646884202957153, 0.19562213122844696, 0.1514299064874649, 0.12609504163265228, 0.11849294602870941, 0.12042063474655151, 0.0914011299610138], "train_accs": [0.6247443762781186, 0.9872188139059305], "dev_accs": [0.6915473755964554, 0.9928425357873211], "test_accs": [0.0, 0.007656371658447962]}