{"loss_data": [2.7357282638549805, 1.9493473768234253, 1.811134696006775, 1.4471131563186646, 1.1885167360305786, 0.895980715751648, 0.7288457751274109, 0.5770043134689331, 0.46553072333335876, 0.3675682842731476, 0.3479347825050354, 0.30373308062553406, 0.2170713245868683, 0.19580601155757904, 0.15055473148822784, 0.12658187747001648, 0.10980405658483505, 0.09508384764194489, 0.07441611588001251, 0.07511566579341888], "train_accs": [0.7791411042944786, 0.9988922972051807], "dev_accs": [0.7484662576687117, 0.9976141785957737], "test_accs": [0.0, 0.004931222424085129]}