{"loss_data": [3.266336441040039, 2.86138653755188, 2.6691269874572754, 2.439530849456787, 2.1789193153381348, 1.860792875289917, 1.5597752332687378, 1.3370801210403442, 1.1626043319702148, 0.9221521615982056, 0.8895136713981628, 0.7400440573692322, 0.6179506182670593, 0.536956250667572, 0.4360869228839874, 0.38699787855148315, 0.3338228166103363, 0.30791017413139343, 0.2862611711025238, 0.22623734176158905], "train_accs": [0.8896557600545331, 1.0], "dev_accs": [0.9141104294478528, 1.0], "test_accs": [0.4609395276407994, 0.559563976122502]}