{"loss_data": [3.3015425205230713, 2.7377829551696777, 2.6760053634643555, 2.539790391921997, 2.2517147064208984, 1.8673800230026245, 1.5693261623382568, 1.3383538722991943, 1.128440260887146, 0.9904112219810486, 0.9619302153587341, 0.8328981399536133, 0.7396863102912903, 0.6195145845413208, 0.49990418553352356, 0.47770678997039795, 0.36575618386268616, 0.3528512716293335, 0.2922540605068207, 0.2769547998905182], "train_accs": [0.5089468302658486, 0.9955691888207225], "dev_accs": [0.2828902522154056, 0.9860259032038173], "test_accs": [0.046716844017648584, 0.6594861147158059]}