{"loss_data": [3.393448829650879, 2.6916117668151855, 2.368903636932373, 1.942748785018921, 1.6926089525222778, 1.4214121103286743, 1.2154148817062378, 1.0809911489486694, 0.9193204641342163, 0.767758846282959, 0.7671681642532349, 0.6051033735275269, 0.6275975108146667, 0.4902614951133728, 0.40800029039382935, 0.3770068883895874, 0.32576504349708557, 0.3031952679157257, 0.2521439492702484, 0.2340184897184372], "train_accs": [0.8766189502385822, 1.0], "dev_accs": [0.7723244717109747, 0.9989775051124744], "test_accs": [0.0, 0.006228912535686478]}