{"loss_data": [2.896242618560791, 1.8358263969421387, 1.6542807817459106, 1.18472158908844, 0.8936045169830322, 0.7033748626708984, 0.5594124794006348, 0.43163713812828064, 0.3415432870388031, 0.25564077496528625, 0.2675568163394928, 0.22101469337940216, 0.1709638237953186, 0.15321749448776245, 0.12493472546339035, 0.10862034559249878, 0.10206858068704605, 0.10546592622995377, 0.08163411170244217, 0.07556498795747757], "train_accs": [0.8627300613496932, 0.9997443762781186], "dev_accs": [0.8759372869802318, 1.0], "test_accs": [0.0, 0.20088242927588892]}