{"loss_data": [2.80403470993042, 1.9791456460952759, 1.8383277654647827, 1.6880602836608887, 1.3405201435089111, 1.0562694072723389, 0.7978176474571228, 0.6278718709945679, 0.5237350463867188, 0.3722374141216278, 0.3979889750480652, 0.30119797587394714, 0.24599024653434753, 0.20863190293312073, 0.19062063097953796, 0.16004259884357452, 0.13655434548854828, 0.12173682451248169, 0.09060589969158173, 0.10433035343885422], "train_accs": [0.7874914792092707, 0.998721881390593], "dev_accs": [0.7849352419904567, 0.9993183367416496], "test_accs": [0.0, 0.09148715286789515]}