{"loss_data": [3.2886016368865967, 2.7467567920684814, 2.3895840644836426, 1.9846795797348022, 1.687774658203125, 1.4830299615859985, 1.2757153511047363, 1.0685632228851318, 0.905279278755188, 0.7729390859603882, 0.7243823409080505, 0.6517658829689026, 0.536554753780365, 0.48924389481544495, 0.38621002435684204, 0.3413829207420349, 0.31581124663352966, 0.263400673866272, 0.22333696484565735, 0.20100805163383484], "train_accs": [0.9875596455351057, 0.999573960463531], "dev_accs": [0.6411042944785276, 0.9052488070892979], "test_accs": [0.0, 0.0009083830781209447]}