{"loss_data": [2.8133254051208496, 1.8492112159729004, 1.7591683864593506, 1.3998064994812012, 1.2031463384628296, 0.9633966684341431, 0.8072991371154785, 0.6375648379325867, 0.5199944376945496, 0.4427739679813385, 0.404058039188385, 0.31163734197616577, 0.27630773186683655, 0.21340858936309814, 0.18020860850811005, 0.16045542061328888, 0.1320156753063202, 0.11408854275941849, 0.09944604337215424, 0.08132820576429367], "train_accs": [0.7517893660531697, 0.9998295841854125], "dev_accs": [0.7648261758691206, 1.0], "test_accs": [0.0003893070334804049, 0.17051648066441732]}