{"loss_data": [3.5022597312927246, 2.6707520484924316, 2.4243688583374023, 2.112687349319458, 1.7983510494232178, 1.5793449878692627, 1.4222506284713745, 1.1381973028182983, 0.9398531317710876, 0.8171738982200623, 0.7237104177474976, 0.6336894035339355, 0.5360220670700073, 0.4292401373386383, 0.40897148847579956, 0.3209269642829895, 0.26285049319267273, 0.2733781635761261, 0.2523469626903534, 0.20948649942874908], "train_accs": [0.9651499659168371, 1.0], "dev_accs": [0.9744376278118609, 1.0], "test_accs": [0.0019465351674020244, 0.7573319491305476]}