{"loss_data": [3.4332637786865234, 2.843351125717163, 2.7004921436309814, 2.4282655715942383, 2.1005136966705322, 1.8078242540359497, 1.4989722967147827, 1.3280659914016724, 1.1470483541488647, 1.0267351865768433, 0.9183369874954224, 0.7399888634681702, 0.6794375777244568, 0.5550404787063599, 0.46574142575263977, 0.44920510053634644, 0.3479132056236267, 0.3065742254257202, 0.2920890748500824, 0.25980260968208313], "train_accs": [0.8406612133605998, 1.0], "dev_accs": [0.8026584867075665, 1.0], "test_accs": [0.0, 0.6397612250194653]}