{"loss_data": [3.459007740020752, 2.792123556137085, 2.5804519653320312, 2.3223981857299805, 2.052945375442505, 1.7327896356582642, 1.3880248069763184, 1.1751481294631958, 0.9665338397026062, 0.8358729481697083, 0.8361363410949707, 0.7043371796607971, 0.6203842163085938, 0.5061629414558411, 0.43846026062965393, 0.3677750527858734, 0.30756789445877075, 0.3102984130382538, 0.26865726709365845, 0.22227440774440765], "train_accs": [0.7339809134287661, 1.0], "dev_accs": [0.6496250852079073, 0.9989775051124744], "test_accs": [0.0, 0.09356345704645731]}