{"loss_data": [2.518975257873535, 1.9380395412445068, 1.7736461162567139, 1.353510856628418, 1.0398995876312256, 0.7642936706542969, 0.6163859367370605, 0.4890890419483185, 0.3785775899887085, 0.2879265248775482, 0.2829034924507141, 0.2360658496618271, 0.1800220012664795, 0.16160625219345093, 0.1455938220024109, 0.10516741871833801, 0.08938056230545044, 0.08404915779829025, 0.08149747550487518, 0.06561335176229477], "train_accs": [0.9383946830265849, 1.0], "dev_accs": [0.8152692569870484, 0.912747102931152], "test_accs": [0.0, 0.007267064624967558]}