{"loss_data": [3.299328088760376, 2.796720266342163, 2.634997606277466, 2.4526805877685547, 2.1268558502197266, 1.7985769510269165, 1.552681565284729, 1.3921985626220703, 1.1552202701568604, 0.9438929557800293, 0.9492613077163696, 0.7527738809585571, 0.6586580276489258, 0.5647443532943726, 0.4359108805656433, 0.4367629587650299, 0.3728427588939667, 0.31487658619880676, 0.2970777153968811, 0.2146163284778595], "train_accs": [0.7992501704158146, 1.0], "dev_accs": [0.3943421949556919, 0.9989775051124744], "test_accs": [0.0, 0.2723851544251233]}