{"loss_data": [2.6263177394866943, 1.8885130882263184, 1.7489365339279175, 1.4158718585968018, 1.0631663799285889, 0.8127753734588623, 0.6354547739028931, 0.5697497725486755, 0.4487326145172119, 0.36520594358444214, 0.33947575092315674, 0.28732383251190186, 0.23750397562980652, 0.20547015964984894, 0.16613057255744934, 0.15892648696899414, 0.1196603775024414, 0.11409889161586761, 0.09435705840587616, 0.08911944925785065], "train_accs": [0.9233980913428766, 0.9994887525562373], "dev_accs": [0.8438991138377642, 0.9996591683708248], "test_accs": [0.0, 0.0005190760446405398]}