{"loss_data": [2.68070650100708, 1.9208217859268188, 1.8097524642944336, 1.4467800855636597, 1.0803496837615967, 0.8771581053733826, 0.6484547257423401, 0.5046159029006958, 0.3615109920501709, 0.32517844438552856, 0.2726931571960449, 0.259436696767807, 0.17829757928848267, 0.16357304155826569, 0.15316972136497498, 0.10728572309017181, 0.1125025674700737, 0.09888762980699539, 0.09636179357767105, 0.07500644028186798], "train_accs": [0.9632753919563736, 1.0], "dev_accs": [0.803680981595092, 1.0], "test_accs": [0.0, 0.005190760446405399]}