{"loss_data": [2.814633369445801, 2.114316701889038, 1.856148600578308, 1.573160171508789, 1.2672030925750732, 1.0513132810592651, 0.8727865219116211, 0.6601629257202148, 0.4773036241531372, 0.4135217070579529, 0.3700341284275055, 0.2876783609390259, 0.23040074110031128, 0.20210649073123932, 0.16572809219360352, 0.13780803978443146, 0.12640658020973206, 0.11289239674806595, 0.09625989198684692, 0.08587009459733963], "train_accs": [0.7995910020449898, 1.0], "dev_accs": [0.8094751192910702, 0.912747102931152], "test_accs": [0.0, 0.0]}