{"loss_data": [3.3266680240631104, 1.9229164123535156, 1.5741773843765259, 1.3020576238632202, 1.0522438287734985, 0.9333285689353943, 0.7713231444358826, 0.6321153044700623, 0.5108399987220764, 0.4229210913181305, 0.4090556204319, 0.3757239878177643, 0.32468655705451965, 0.2366366982460022, 0.2514430582523346, 0.21190106868743896, 0.17848695814609528, 0.14424653351306915, 0.11838870495557785, 0.11101631075143814], "train_accs": [0.8104976141785958, 1.0], "dev_accs": [0.7907293796864349, 1.0], "test_accs": [0.0, 0.0015572281339216196]}