{"loss_data": [2.194976806640625, 1.7282109260559082, 1.4982898235321045, 1.0501699447631836, 0.7794398665428162, 0.5659888386726379, 0.43903231620788574, 0.342824786901474, 0.27722615003585815, 0.2405761182308197, 0.23500004410743713, 0.18542438745498657, 0.15269994735717773, 0.13119609653949738, 0.12164140492677689, 0.09984186291694641, 0.09708056598901749, 0.08550343662500381, 0.06962397694587708, 0.06195243448019028], "train_accs": [1.0, 1.0], "dev_accs": [0.9042263122017723, 0.9996591683708248], "test_accs": [0.0, 0.041136776537762786]}