{"loss_data": [2.961263418197632, 2.5399441719055176, 2.308884382247925, 1.9409856796264648, 1.6294033527374268, 1.460847020149231, 1.2173824310302734, 1.1071616411209106, 0.8754335641860962, 0.7529883980751038, 0.7558814287185669, 0.6695473790168762, 0.557698130607605, 0.48807260394096375, 0.3763120472431183, 0.3637377619743347, 0.28930988907814026, 0.2774669826030731, 0.23866187036037445, 0.19854843616485596], "train_accs": [0.9930981595092024, 1.0], "dev_accs": [0.869120654396728, 0.9996591683708248], "test_accs": [0.24552296911497534, 0.4164287568128731]}