{"loss_data": [2.721220016479492, 2.013688087463379, 1.9544835090637207, 1.8603322505950928, 1.6796115636825562, 1.3784464597702026, 1.1243889331817627, 0.8757064938545227, 0.6046354174613953, 0.4697561264038086, 0.423179030418396, 0.3633884787559509, 0.2707899212837219, 0.2298509180545807, 0.18056581914424896, 0.1582542061805725, 0.13083645701408386, 0.1226702332496643, 0.1010143831372261, 0.10316234081983566], "train_accs": [0.7602249488752556, 0.9988070892978869], "dev_accs": [0.6462167689161554, 0.9986366734832992], "test_accs": [0.025824033220866856, 0.024396574098105372]}