{"loss_data": [2.739480972290039, 1.830128788948059, 1.6472302675247192, 1.2496165037155151, 1.0313876867294312, 0.7365863919258118, 0.5813421010971069, 0.4918477237224579, 0.3835258185863495, 0.3166912794113159, 0.3174113631248474, 0.27700966596603394, 0.21920646727085114, 0.1856936663389206, 0.163752943277359, 0.14134766161441803, 0.1332874447107315, 0.11605768650770187, 0.10063271224498749, 0.09253066778182983], "train_accs": [0.8910190865712339, 1.0], "dev_accs": [0.8984321745057942, 1.0], "test_accs": [0.0, 0.0015572281339216196]}