{"loss_data": [2.605856418609619, 1.8745365142822266, 1.5555561780929565, 1.2035857439041138, 0.9582260251045227, 0.7398016452789307, 0.5966498851776123, 0.52006596326828, 0.39397990703582764, 0.3457915484905243, 0.35067129135131836, 0.27671799063682556, 0.255729615688324, 0.2141704112291336, 0.18295150995254517, 0.16781945526599884, 0.15564529597759247, 0.13897480070590973, 0.10831866413354874, 0.09826863557100296], "train_accs": [0.8885480572597138, 0.9994035446489434], "dev_accs": [0.8554873892297206, 0.9996591683708248], "test_accs": [0.0, 0.00012976901116013495]}