{"loss_data": [3.128617286682129, 2.696600914001465, 2.3786098957061768, 2.034838914871216, 1.6743996143341064, 1.3629951477050781, 1.0760319232940674, 1.0253478288650513, 0.848275363445282, 0.7066777348518372, 0.710903525352478, 0.546208918094635, 0.5162864923477173, 0.4129587709903717, 0.3712824285030365, 0.34896278381347656, 0.2918562591075897, 0.2757909893989563, 0.23085342347621918, 0.19291794300079346], "train_accs": [0.9313224267211997, 1.0], "dev_accs": [0.8278800272665303, 1.0], "test_accs": [0.0133662081494939, 0.4818323384375811]}