{"loss_data": [2.9729714393615723, 2.064542055130005, 1.7097463607788086, 1.426095724105835, 1.1529369354248047, 0.8967899084091187, 0.7602280974388123, 0.558347761631012, 0.4904753267765045, 0.3686247766017914, 0.3666542172431946, 0.2932300865650177, 0.23790913820266724, 0.2379811704158783, 0.19419565796852112, 0.15371769666671753, 0.12746334075927734, 0.1249079778790474, 0.09837604314088821, 0.09240879118442535], "train_accs": [0.9493865030674846, 1.0], "dev_accs": [0.9212678936605317, 1.0], "test_accs": [0.0002595380223202699, 0.0011679211004412147]}