{"loss_data": [3.1955010890960693, 2.6979308128356934, 2.5167267322540283, 2.1731371879577637, 1.7661139965057373, 1.4505903720855713, 1.1535123586654663, 0.9885691404342651, 0.772573709487915, 0.6507632732391357, 0.6081778407096863, 0.5212817788124084, 0.4339662492275238, 0.35279324650764465, 0.29573512077331543, 0.3046437203884125, 0.24974142014980316, 0.21086816489696503, 0.2026171237230301, 0.17364372313022614], "train_accs": [0.99079754601227, 1.0], "dev_accs": [0.9250170415814588, 0.9904567143830948], "test_accs": [0.2621334025434726, 0.7508434985725408]}