{"loss_data": [3.212362289428711, 2.7569727897644043, 2.503265380859375, 2.176393508911133, 1.8004801273345947, 1.507879376411438, 1.2520959377288818, 1.0781153440475464, 0.9600279331207275, 0.8296025991439819, 0.788286030292511, 0.6601527333259583, 0.572639524936676, 0.5012415647506714, 0.44393259286880493, 0.360764741897583, 0.3222300410270691, 0.2904443144798279, 0.2976052463054657, 0.21421392261981964], "train_accs": [0.5961997273346966, 1.0], "dev_accs": [0.3997955010224949, 0.9850034083162917], "test_accs": [0.0006488450558006748, 0.1681806384635349]}