{"loss_data": [3.307565927505493, 2.6669578552246094, 2.442284345626831, 2.144760847091675, 1.7788100242614746, 1.5622576475143433, 1.3429447412490845, 1.065285086631775, 0.8836072683334351, 0.7796886563301086, 0.7610812187194824, 0.5767052173614502, 0.49945399165153503, 0.4753473401069641, 0.36444345116615295, 0.3264021873474121, 0.2438850849866867, 0.24291931092739105, 0.22420939803123474, 0.16737963259220123], "train_accs": [0.948790047716428, 1.0], "dev_accs": [0.8711656441717791, 0.9993183367416496], "test_accs": [0.045289384894887104, 0.20594342071113417]}