{"loss_data": [3.2397854328155518, 2.8283631801605225, 2.5626187324523926, 2.2339470386505127, 1.9171513319015503, 1.5645283460617065, 1.2959084510803223, 1.1392168998718262, 0.9305213093757629, 0.8411932587623596, 0.8390339016914368, 0.7064058780670166, 0.5933622121810913, 0.5094348192214966, 0.44682982563972473, 0.4019104242324829, 0.32891201972961426, 0.3418233394622803, 0.2700344920158386, 0.22531351447105408], "train_accs": [0.5655248807089298, 1.0], "dev_accs": [0.4120654396728016, 0.9631901840490797], "test_accs": [0.0018167661562418895, 0.07552556449519855]}