{"loss_data": [3.1587531566619873, 2.767953872680664, 2.4670422077178955, 2.131240129470825, 1.7632185220718384, 1.5521615743637085, 1.2856546640396118, 1.1092915534973145, 0.9043716788291931, 0.7974753379821777, 0.7051102519035339, 0.6100674271583557, 0.5328488349914551, 0.41865888237953186, 0.3780198395252228, 0.3765561282634735, 0.28880399465560913, 0.2616370618343353, 0.22661016881465912, 0.2256408929824829], "train_accs": [0.9985514655760055, 1.0], "dev_accs": [0.9393319700068167, 1.0], "test_accs": [0.28860628082014017, 0.45393200103815207]}