{"loss_data": [3.139068603515625, 2.626514196395874, 2.431628942489624, 2.0853679180145264, 1.7859083414077759, 1.482592225074768, 1.2445801496505737, 1.0636613368988037, 0.865843653678894, 0.711652398109436, 0.673001766204834, 0.598223865032196, 0.5021037459373474, 0.4311453700065613, 0.3631502389907837, 0.3095073401927948, 0.24594184756278992, 0.26139622926712036, 0.234475776553154, 0.20504458248615265], "train_accs": [0.9860259032038173, 1.0], "dev_accs": [0.8551465576005454, 0.9976141785957737], "test_accs": [0.032572021801193875, 0.2501946535167402]}