{"loss_data": [2.425894260406494, 1.8448169231414795, 1.7808226346969604, 1.4039090871810913, 1.1177421808242798, 0.8601864576339722, 0.6737135648727417, 0.5084661841392517, 0.3623690605163574, 0.31699568033218384, 0.28399401903152466, 0.2597222328186035, 0.1905817687511444, 0.16283263266086578, 0.142556294798851, 0.12227803468704224, 0.10633662343025208, 0.09664075076580048, 0.0752379447221756, 0.08393343538045883], "train_accs": [0.8964723926380368, 1.0], "dev_accs": [0.9038854805725971, 1.0], "test_accs": [0.0, 0.0]}