{"loss_data": [3.0125441551208496, 2.676990032196045, 2.460566520690918, 2.247497081756592, 1.906615972518921, 1.566397786140442, 1.3617637157440186, 1.1659036874771118, 0.9915283918380737, 0.828662097454071, 0.8661705851554871, 0.6911834478378296, 0.5964275598526001, 0.5177280902862549, 0.47575706243515015, 0.37454938888549805, 0.3095313012599945, 0.28967732191085815, 0.2698878049850464, 0.23657535016536713], "train_accs": [0.9375426039536469, 1.0], "dev_accs": [0.5374914792092707, 0.9042263122017723], "test_accs": [0.020763041785621595, 0.29872826369063066]}