{"loss_data": [3.2492547035217285, 2.6650993824005127, 2.45504093170166, 2.196347236633301, 1.8745895624160767, 1.6214604377746582, 1.4121614694595337, 1.1951346397399902, 1.0756179094314575, 0.8842185735702515, 0.8761329650878906, 0.7482277750968933, 0.6217621564865112, 0.5331414341926575, 0.45571789145469666, 0.40647098422050476, 0.34738945960998535, 0.32692956924438477, 0.27955737709999084, 0.24990838766098022], "train_accs": [0.6065950920245399, 1.0], "dev_accs": [0.37457396046353103, 0.9935241990456715], "test_accs": [0.005580067479885803, 0.10744874124059174]}