{"loss_data": [2.6089229583740234, 1.8862417936325073, 1.665215015411377, 1.471920132637024, 1.1316583156585693, 0.9376718997955322, 0.7088497877120972, 0.5746276378631592, 0.47023656964302063, 0.3316054344177246, 0.34281471371650696, 0.252461314201355, 0.20587478578090668, 0.15903647243976593, 0.16608910262584686, 0.1306280940771103, 0.11772485822439194, 0.10068944096565247, 0.0823313370347023, 0.07496502250432968], "train_accs": [0.998295841854124, 1.0], "dev_accs": [0.9021813224267212, 1.0], "test_accs": [0.0, 0.0025953802232026994]}