{"loss_data": [2.431668281555176, 1.762972354888916, 1.402863621711731, 1.0796149969100952, 0.8371902704238892, 0.6811508536338806, 0.518968403339386, 0.471984326839447, 0.36082106828689575, 0.3383408486843109, 0.2887248694896698, 0.23832356929779053, 0.2167225182056427, 0.1977136880159378, 0.15874087810516357, 0.12674792110919952, 0.1216999813914299, 0.09456312656402588, 0.09551239013671875, 0.08261843025684357], "train_accs": [0.8790047716428084, 0.9996591683708248], "dev_accs": [0.8868438991138378, 1.0], "test_accs": [0.027381261354788477, 0.08733454451077083]}