{"loss_data": [3.282381296157837, 2.6924030780792236, 2.356675386428833, 2.0527822971343994, 1.7387659549713135, 1.5458046197891235, 1.2428054809570312, 1.1476606130599976, 0.9789968132972717, 0.8382728099822998, 0.8345534205436707, 0.677470862865448, 0.6000705361366272, 0.4898163974285126, 0.40934234857559204, 0.36373746395111084, 0.3161058723926544, 0.27090513706207275, 0.2534638047218323, 0.1979144662618637], "train_accs": [0.7749659168370825, 1.0], "dev_accs": [0.4321745057941377, 0.9972733469665985], "test_accs": [0.0, 0.06060212821178303]}