{"loss_data": [2.7339837551116943, 1.8885258436203003, 1.7242995500564575, 1.4597734212875366, 1.1831755638122559, 0.8911020755767822, 0.6847519278526306, 0.5735644698143005, 0.45109039545059204, 0.3769800066947937, 0.34579819440841675, 0.3146745562553406, 0.27757686376571655, 0.2380351722240448, 0.18340206146240234, 0.16685038805007935, 0.12852360308170319, 0.12794847786426544, 0.11508166790008545, 0.09239377826452255], "train_accs": [0.8941717791411042, 1.0], "dev_accs": [0.8960463531015678, 1.0], "test_accs": [0.0, 0.002984687256683104]}