{"loss_data": [2.481738328933716, 1.9238368272781372, 1.9279346466064453, 1.7042737007141113, 1.335606575012207, 1.0048916339874268, 0.7862781286239624, 0.6242687702178955, 0.43196380138397217, 0.3541358411312103, 0.29048436880111694, 0.29058435559272766, 0.18945841491222382, 0.17813438177108765, 0.14713819324970245, 0.11666364967823029, 0.11034860461950302, 0.08406665176153183, 0.08260905742645264, 0.06633315235376358], "train_accs": [0.8663087934560327, 0.9998295841854125], "dev_accs": [0.8657123381049762, 0.9996591683708248], "test_accs": [0.0, 0.010770827926291202]}