{"loss_data": [3.61337947845459, 2.7726237773895264, 2.459986925125122, 2.101392984390259, 1.8283802270889282, 1.5438315868377686, 1.3157566785812378, 1.1393102407455444, 0.9261708855628967, 0.7718526721000671, 0.767199695110321, 0.6357576847076416, 0.5370829105377197, 0.4846152365207672, 0.4066179096698761, 0.3512544333934784, 0.307840496301651, 0.2768761217594147, 0.24439357221126556, 0.2204994112253189], "train_accs": [0.9103612815269257, 1.0], "dev_accs": [0.8231083844580777, 0.9993183367416496], "test_accs": [0.17181417077601868, 0.517259278484298]}