{"loss_data": [2.796400308609009, 1.9896990060806274, 1.9069764614105225, 1.5615512132644653, 1.3056678771972656, 1.1378289461135864, 0.9236770868301392, 0.7707088589668274, 0.5672693252563477, 0.4298836886882782, 0.4078493118286133, 0.3133637309074402, 0.24188077449798584, 0.2100485861301422, 0.15876540541648865, 0.13009902834892273, 0.11838343739509583, 0.1101830005645752, 0.09125947952270508, 0.08988037705421448], "train_accs": [0.8669904567143831, 1.0], "dev_accs": [0.8803680981595092, 1.0], "test_accs": [0.007007526602647288, 0.060731897222943164]}