{"loss_data": [2.6030917167663574, 1.906218409538269, 1.6922948360443115, 1.278938889503479, 0.9671202898025513, 0.8139269948005676, 0.650534987449646, 0.5280278325080872, 0.42705094814300537, 0.39427435398101807, 0.35441622138023376, 0.2788492739200592, 0.28825584053993225, 0.2729661464691162, 0.22749516367912292, 0.2030404508113861, 0.1486920565366745, 0.11766102910041809, 0.11853257566690445, 0.10247425734996796], "train_accs": [0.1032719836400818, 0.9938650306748467], "dev_accs": [0.016700749829584187, 0.9952283571915473], "test_accs": [0.0010381520892810796, 0.025953802232026993]}