{"loss_data": [3.296304702758789, 2.662560224533081, 2.4656453132629395, 2.132676601409912, 1.885000228881836, 1.5939558744430542, 1.3876110315322876, 1.1415159702301025, 1.0011874437332153, 0.8208132982254028, 0.790998101234436, 0.6507219076156616, 0.5744683146476746, 0.4751715064048767, 0.4599560499191284, 0.41945818066596985, 0.3340250849723816, 0.2964327037334442, 0.28068867325782776, 0.23522494733333588], "train_accs": [0.9338786639400136, 1.0], "dev_accs": [0.7937968643490115, 0.9815950920245399], "test_accs": [0.0003893070334804049, 0.01751881650661822]}