{"loss_data": [2.5992825031280518, 1.8763593435287476, 1.5978176593780518, 1.3462337255477905, 1.1349350214004517, 0.9136794805526733, 0.8017626404762268, 0.6107972264289856, 0.5021712779998779, 0.4039131700992584, 0.4160574972629547, 0.3356092572212219, 0.2802416980266571, 0.2363656461238861, 0.22631613910198212, 0.18363873660564423, 0.16387738287448883, 0.14894916117191315, 0.12351205945014954, 0.1126478761434555], "train_accs": [0.8492672119972734, 0.9997443762781186], "dev_accs": [0.8340149965916837, 0.9093387866394002], "test_accs": [0.0, 0.0003893070334804049]}