{"loss_data": [2.6684560775756836, 2.043851375579834, 1.7973487377166748, 1.652897834777832, 1.3973194360733032, 1.0822025537490845, 0.8533005714416504, 0.7033868432044983, 0.5143789052963257, 0.38879233598709106, 0.3705596327781677, 0.35863709449768066, 0.28907299041748047, 0.2203964740037918, 0.18842138350009918, 0.1629968285560608, 0.15997673571109772, 0.11905777454376221, 0.102154940366745, 0.09548234939575195], "train_accs": [0.8290729379686435, 0.9997443762781186], "dev_accs": [0.7774369461486026, 0.9989775051124744], "test_accs": [0.0015572281339216196, 0.020763041785621595]}