{"loss_data": [2.4363696575164795, 1.878076434135437, 1.6625972986221313, 1.215703010559082, 0.9182366728782654, 0.6782369613647461, 0.5550001859664917, 0.4697507321834564, 0.33648261427879333, 0.262867271900177, 0.2847585380077362, 0.26537832617759705, 0.23290368914604187, 0.1818149983882904, 0.1497141569852829, 0.11610095202922821, 0.11781700700521469, 0.08530130237340927, 0.08464565128087997, 0.07024379819631577], "train_accs": [0.9985514655760055, 1.0], "dev_accs": [0.9008179959100204, 0.912747102931152], "test_accs": [0.0, 0.002206073189722294]}