{"loss_data": [2.6784110069274902, 2.026231050491333, 1.9377658367156982, 1.762601613998413, 1.5149585008621216, 1.196911096572876, 0.8822091817855835, 0.708530604839325, 0.577056884765625, 0.4328806698322296, 0.41659682989120483, 0.3637062907218933, 0.33287811279296875, 0.23240110278129578, 0.1939595341682434, 0.17353114485740662, 0.13779252767562866, 0.10380228608846664, 0.10051081329584122, 0.08611628413200378], "train_accs": [0.20671438309475118, 1.0], "dev_accs": [0.17723244717109748, 1.0], "test_accs": [0.0024656112120425644, 0.005060991435245263]}