{"loss_data": [3.1057000160217285, 2.6039698123931885, 2.230666399002075, 1.9661521911621094, 1.681477427482605, 1.426722526550293, 1.2355860471725464, 1.0193631649017334, 0.8585256934165955, 0.7363093495368958, 0.6669514179229736, 0.5776543617248535, 0.4952716827392578, 0.43766582012176514, 0.36492711305618286, 0.31171947717666626, 0.30027690529823303, 0.2728908956050873, 0.23992770910263062, 0.19918516278266907], "train_accs": [0.8781526925698705, 1.0], "dev_accs": [0.7062031356509885, 0.987389229720518], "test_accs": [0.0, 0.5003893070334804]}