{"loss_data": [3.044212579727173, 2.5149476528167725, 2.2115392684936523, 1.9594541788101196, 1.6912816762924194, 1.4538874626159668, 1.1782379150390625, 1.025329351425171, 0.8548458218574524, 0.7159276604652405, 0.6911135315895081, 0.5932501554489136, 0.5105993151664734, 0.45077499747276306, 0.3993842899799347, 0.32827043533325195, 0.3130415678024292, 0.25717073678970337, 0.2337251454591751, 0.21943534910678864], "train_accs": [0.9218643490115883, 1.0], "dev_accs": [0.71813224267212, 0.9942058623040219], "test_accs": [0.20464573059953284, 0.9029327796522191]}