{"loss_data": [3.2737417221069336, 2.769348621368408, 2.5428085327148438, 2.2940027713775635, 1.9860800504684448, 1.6986520290374756, 1.4805238246917725, 1.2023998498916626, 1.010162115097046, 0.848589301109314, 0.8104706406593323, 0.6859096884727478, 0.5537500381469727, 0.5041903257369995, 0.38022810220718384, 0.370733380317688, 0.30152198672294617, 0.3044983744621277, 0.23397639393806458, 0.20635196566581726], "train_accs": [0.9180299931833674, 1.0], "dev_accs": [0.7007498295841854, 0.9955691888207225], "test_accs": [0.2270957695302362, 0.6204256423566052]}