{"loss_data": [2.941042423248291, 2.184968948364258, 1.9499289989471436, 1.638040542602539, 1.2785619497299194, 0.9218767881393433, 0.7435052394866943, 0.5653311014175415, 0.45291998982429504, 0.353483647108078, 0.28051719069480896, 0.274049311876297, 0.2141793817281723, 0.17608049511909485, 0.1565660834312439, 0.1330684870481491, 0.12107051908969879, 0.08990081399679184, 0.0744214653968811, 0.07952713966369629], "train_accs": [0.8663940013633266, 0.998721881390593], "dev_accs": [0.8735514655760055, 0.9979550102249489], "test_accs": [0.0, 0.024007267064624967]}