{"loss_data": [3.1084468364715576, 1.915379524230957, 1.6862461566925049, 1.3486723899841309, 1.0355466604232788, 0.7591015100479126, 0.6375613212585449, 0.5126267075538635, 0.400504469871521, 0.33491647243499756, 0.32783669233322144, 0.2906820476055145, 0.225142240524292, 0.19438673555850983, 0.15212570130825043, 0.1544051319360733, 0.12318982183933258, 0.09701652824878693, 0.09514354169368744, 0.08243424445390701], "train_accs": [0.8244717109747784, 0.9994887525562373], "dev_accs": [0.8548057259713702, 0.9989775051124744], "test_accs": [0.0, 0.026602647287827668]}