{"loss_data": [3.181948184967041, 2.526028871536255, 2.213707447052002, 1.9133899211883545, 1.6309449672698975, 1.4034479856491089, 1.2151967287063599, 1.025835394859314, 0.8301466107368469, 0.7024511694908142, 0.6752152442932129, 0.5898112654685974, 0.49470603466033936, 0.43201494216918945, 0.3268526494503021, 0.3387574255466461, 0.276336133480072, 0.23391418159008026, 0.23027734458446503, 0.2057107836008072], "train_accs": [0.9740115882753919, 1.0], "dev_accs": [0.623721881390593, 1.0], "test_accs": [0.008954061770049312, 0.44225279003373996]}