{"loss_data": [2.833089828491211, 2.0574827194213867, 1.974682331085205, 1.8269147872924805, 1.5609400272369385, 1.2385547161102295, 0.9149035215377808, 0.6778927445411682, 0.5004037022590637, 0.3877505362033844, 0.36447328329086304, 0.31765738129615784, 0.2314009964466095, 0.19144724309444427, 0.16088508069515228, 0.15652722120285034, 0.12450060993432999, 0.10842781513929367, 0.09187117964029312, 0.06706531345844269], "train_accs": [0.9772494887525562, 1.0], "dev_accs": [0.8905930470347648, 1.0], "test_accs": [0.021801193874902675, 0.033220866856994546]}