{"loss_data": [2.693601131439209, 1.9492233991622925, 1.8383938074111938, 1.5130023956298828, 1.2215015888214111, 0.9715824723243713, 0.7195290923118591, 0.5703439712524414, 0.43274980783462524, 0.365664005279541, 0.3099145293235779, 0.2673388719558716, 0.21088416874408722, 0.2062719315290451, 0.17738476395606995, 0.14600828289985657, 0.112684465944767, 0.0981699526309967, 0.08880043029785156, 0.08171772211790085], "train_accs": [0.9994035446489434, 0.9994035446489434], "dev_accs": [0.9996591683708248, 0.9996591683708248], "test_accs": [0.01907604464053984, 0.06838826888139113]}