{"loss_data": [2.6552045345306396, 1.9280728101730347, 1.8186873197555542, 1.5628033876419067, 1.2713611125946045, 1.012539267539978, 0.8008643984794617, 0.6292293667793274, 0.5116816759109497, 0.41446271538734436, 0.3523089289665222, 0.3312842845916748, 0.26523688435554504, 0.2229834496974945, 0.1911923736333847, 0.1614658385515213, 0.13378232717514038, 0.12657804787158966, 0.10088060051202774, 0.09768546372652054], "train_accs": [0.7849352419904567, 1.0], "dev_accs": [0.6987048398091343, 1.0], "test_accs": [0.0, 0.006877757591487153]}