{"loss_data": [2.845106601715088, 1.9478305578231812, 1.698030710220337, 1.3995169401168823, 1.078047275543213, 0.7919092774391174, 0.6554791331291199, 0.483877032995224, 0.4179443120956421, 0.3425738513469696, 0.32074177265167236, 0.28777068853378296, 0.24930104613304138, 0.2216118723154068, 0.17684203386306763, 0.13240768015384674, 0.13630197942256927, 0.1292673796415329, 0.11083366721868515, 0.10403738915920258], "train_accs": [0.8776414451261078, 0.9973585548738922], "dev_accs": [0.8875255623721882, 0.911042944785276], "test_accs": [0.0003893070334804049, 0.021282117830262133]}