{"loss_data": [2.711200475692749, 1.9355803728103638, 1.7290172576904297, 1.3557871580123901, 1.0174847841262817, 0.7903613448143005, 0.6503651738166809, 0.5355677008628845, 0.40688320994377136, 0.342498779296875, 0.3322204053401947, 0.26223739981651306, 0.24818021059036255, 0.1864379495382309, 0.16185930371284485, 0.15227235853672028, 0.12376753240823746, 0.11077842116355896, 0.09136459976434708, 0.08811825513839722], "train_accs": [0.8341002044989775, 0.9989775051124744], "dev_accs": [0.8629856850715747, 0.9117246080436264], "test_accs": [0.021022579807941862, 0.0612509732675837]}