{"loss_data": [2.569727897644043, 2.0920937061309814, 1.8961840867996216, 1.5631763935089111, 1.1729865074157715, 0.8744863867759705, 0.7009612917900085, 0.522925078868866, 0.43417540192604065, 0.34312623739242554, 0.35688355565071106, 0.3004850745201111, 0.25968703627586365, 0.22938868403434753, 0.17686446011066437, 0.1427590548992157, 0.1443459689617157, 0.11846984922885895, 0.09914132207632065, 0.10447128117084503], "train_accs": [0.8214894342194956, 0.9994887525562373], "dev_accs": [0.8009543285616906, 1.0], "test_accs": [0.0, 0.11225019465351674]}