{"loss_data": [2.4839963912963867, 1.9618842601776123, 1.6777281761169434, 1.3794317245483398, 0.9741995334625244, 0.7381943464279175, 0.6028040647506714, 0.4386455714702606, 0.3698469400405884, 0.3055611848831177, 0.29573431611061096, 0.2508690655231476, 0.19232983887195587, 0.18241026997566223, 0.16204260289669037, 0.12915052473545074, 0.14052866399288177, 0.12500432133674622, 0.0944758951663971, 0.08211442083120346], "train_accs": [0.8852249488752556, 0.9961656441717791], "dev_accs": [0.887184730743013, 0.9952283571915473], "test_accs": [0.0, 0.0057098364910459385]}