{"loss_data": [3.10097336769104, 2.5649540424346924, 2.227642774581909, 1.9102590084075928, 1.5918418169021606, 1.363457202911377, 1.2031620740890503, 1.044646978378296, 0.7679784893989563, 0.6434171199798584, 0.691851019859314, 0.587242603302002, 0.5494903922080994, 0.40519094467163086, 0.3550886809825897, 0.35394203662872314, 0.29251497983932495, 0.22970549762248993, 0.2105996459722519, 0.2226766049861908], "train_accs": [0.9954839809134287, 1.0], "dev_accs": [0.8074301295160191, 0.9560327198364008], "test_accs": [0.18427199584739165, 0.39514663898261093]}