{"loss_data": [3.169401168823242, 2.679211378097534, 2.3133044242858887, 1.9709066152572632, 1.6400068998336792, 1.320817470550537, 1.0959124565124512, 0.959091305732727, 0.761118471622467, 0.653971791267395, 0.6409596800804138, 0.5493468642234802, 0.4626685678958893, 0.3835611641407013, 0.3560080826282501, 0.30760908126831055, 0.274225652217865, 0.22618547081947327, 0.22940896451473236, 0.18472489714622498], "train_accs": [0.856509884117246, 1.0], "dev_accs": [0.5368098159509203, 0.9938650306748467], "test_accs": [0.13210485336101738, 0.5022060731897223]}