{"loss_data": [2.838071346282959, 2.0203750133514404, 1.9172964096069336, 1.6014370918273926, 1.2250888347625732, 0.9292073845863342, 0.762801468372345, 0.5906885862350464, 0.4781147837638855, 0.4424731135368347, 0.38010352849960327, 0.3005211055278778, 0.28241488337516785, 0.2299935668706894, 0.16308808326721191, 0.1540459394454956, 0.12271196395158768, 0.1031518206000328, 0.12329105287790298, 0.07605812698602676], "train_accs": [0.8613667348329925, 1.0], "dev_accs": [0.8554873892297206, 1.0], "test_accs": [0.018167661562418894, 0.021930962886062808]}