{"loss_data": [2.4140164852142334, 1.9937876462936401, 1.9032546281814575, 1.591529130935669, 1.1919074058532715, 0.8669648170471191, 0.6477686762809753, 0.5249183773994446, 0.3739567697048187, 0.2971346974372864, 0.27908292412757874, 0.2167591005563736, 0.21511529386043549, 0.1967235505580902, 0.13935059309005737, 0.11635828018188477, 0.09984195232391357, 0.0981840118765831, 0.07883144170045853, 0.07720188051462173], "train_accs": [0.9972733469665985, 1.0], "dev_accs": [0.9959100204498977, 1.0], "test_accs": [0.007526602647287828, 0.10264728782766676]}