{"loss_data": [3.209559917449951, 1.912848711013794, 1.8730701208114624, 1.5755653381347656, 1.3572766780853271, 1.1137816905975342, 0.8427855968475342, 0.6753379702568054, 0.5174432396888733, 0.4027790427207947, 0.3596721887588501, 0.33224722743034363, 0.2605834901332855, 0.21609443426132202, 0.17860251665115356, 0.15226556360721588, 0.1280643790960312, 0.12061922252178192, 0.10412056744098663, 0.08403325080871582], "train_accs": [0.788173142467621, 1.0], "dev_accs": [0.7338104976141786, 1.0], "test_accs": [0.0, 0.0159615883726966]}