{"loss_data": [3.148641347885132, 2.6983561515808105, 2.497828483581543, 2.130063056945801, 1.7543998956680298, 1.4619933366775513, 1.2498812675476074, 0.9829373359680176, 0.8397653698921204, 0.6920347213745117, 0.6604241728782654, 0.5414562821388245, 0.4814406633377075, 0.43588289618492126, 0.3550669848918915, 0.31200629472732544, 0.29113829135894775, 0.28372231125831604, 0.22169806063175201, 0.1982685923576355], "train_accs": [0.9521983640081799, 0.9996591683708248], "dev_accs": [0.9372869802317655, 0.9993183367416496], "test_accs": [0.9482221645471062, 1.0]}