{"loss_data": [3.0910544395446777, 2.5430939197540283, 2.2657268047332764, 1.8996784687042236, 1.6009522676467896, 1.3800231218338013, 1.141154170036316, 0.9589369893074036, 0.8137848377227783, 0.7089221477508545, 0.691379964351654, 0.5963483452796936, 0.518302321434021, 0.4593680500984192, 0.3617057204246521, 0.3573945462703705, 0.2933378219604492, 0.2808622717857361, 0.2579082250595093, 0.22688530385494232], "train_accs": [0.9808282208588958, 1.0], "dev_accs": [0.8411724608043627, 1.0], "test_accs": [0.3463534907864002, 0.6771347002335842]}