{"loss_data": [3.318509817123413, 2.751335382461548, 2.6032302379608154, 2.231184244155884, 1.8275189399719238, 1.5137875080108643, 1.3285449743270874, 1.1245731115341187, 0.9422312378883362, 0.7742131948471069, 0.7700294852256775, 0.6488861441612244, 0.5344533920288086, 0.4657239317893982, 0.35506299138069153, 0.3378634750843048, 0.2742501199245453, 0.27204516530036926, 0.25560420751571655, 0.2297331541776657], "train_accs": [0.8634117246080436, 1.0], "dev_accs": [0.27880027266530333, 0.7007498295841854], "test_accs": [0.0, 0.13534907864002077]}