{"loss_data": [3.189810037612915, 2.7313151359558105, 2.5171642303466797, 2.281593084335327, 1.9544278383255005, 1.6831713914871216, 1.465873122215271, 1.2140079736709595, 0.9978399276733398, 0.8009438514709473, 0.8252691030502319, 0.68825763463974, 0.5765300989151001, 0.5228215456008911, 0.4016472399234772, 0.3847934603691101, 0.2937152683734894, 0.2590838670730591, 0.25800132751464844, 0.19007280468940735], "train_accs": [0.7755623721881391, 1.0], "dev_accs": [0.8074301295160191, 1.0], "test_accs": [0.5186867376070594, 0.45341292499351155]}