{"loss_data": [2.8008058071136475, 1.8177129030227661, 1.7639356851577759, 1.403363823890686, 1.1779719591140747, 0.8976755142211914, 0.751470685005188, 0.579037070274353, 0.44101741909980774, 0.34516292810440063, 0.325824111700058, 0.2905503809452057, 0.23743700981140137, 0.18617840111255646, 0.1638379544019699, 0.13493002951145172, 0.13393621146678925, 0.09514052420854568, 0.09618367999792099, 0.08876758068799973], "train_accs": [0.9147068847989094, 1.0], "dev_accs": [0.8231083844580777, 1.0], "test_accs": [0.0, 0.03555670905787698]}