{"loss_data": [2.9012086391448975, 1.8878282308578491, 1.6240978240966797, 1.2680844068527222, 0.9974462985992432, 0.8196312785148621, 0.6868740320205688, 0.5739320516586304, 0.4552150368690491, 0.3993666172027588, 0.3422946631908417, 0.2658301591873169, 0.23502160608768463, 0.21735668182373047, 0.18931575119495392, 0.15195955336093903, 0.1363743245601654, 0.10819755494594574, 0.08480381220579147, 0.0838436633348465], "train_accs": [0.8727845944103613, 0.998295841854124], "dev_accs": [0.8595773687798227, 0.998295841854124], "test_accs": [0.1169218790552816, 0.002984687256683104]}