{"loss_data": [3.1008808612823486, 2.648268699645996, 2.408787727355957, 2.0964243412017822, 1.7726455926895142, 1.5003578662872314, 1.2477940320968628, 1.0378344058990479, 0.8711975812911987, 0.7535250782966614, 0.7181315422058105, 0.570586621761322, 0.4713937044143677, 0.4532916247844696, 0.378429651260376, 0.34308919310569763, 0.26026344299316406, 0.2360471934080124, 0.23366451263427734, 0.20067261159420013], "train_accs": [0.951772324471711, 1.0], "dev_accs": [0.9250170415814588, 1.0], "test_accs": [0.14547106151051128, 0.457695302361796]}