{"loss_data": [3.13669490814209, 2.710350751876831, 2.3717308044433594, 2.078507423400879, 1.770674705505371, 1.5070604085922241, 1.3228797912597656, 1.1558831930160522, 0.9185487031936646, 0.7905839085578918, 0.7710468173027039, 0.6449066400527954, 0.5779914259910583, 0.5130132436752319, 0.4188273251056671, 0.372092604637146, 0.2931363582611084, 0.2699694335460663, 0.24041177332401276, 0.20996040105819702], "train_accs": [0.9902010906612133, 1.0], "dev_accs": [0.8803680981595092, 0.9959100204498977], "test_accs": [0.24565273812613547, 0.8340254347261874]}