{"loss_data": [3.1420371532440186, 2.7631995677948, 2.4406239986419678, 2.021387815475464, 1.758865237236023, 1.5160099267959595, 1.3368967771530151, 1.2128937244415283, 0.9910125136375427, 0.8419023752212524, 0.8211117386817932, 0.7150605916976929, 0.6180397868156433, 0.5441726446151733, 0.4322429299354553, 0.4034038484096527, 0.38197076320648193, 0.2874256670475006, 0.2761736214160919, 0.21293999254703522], "train_accs": [0.5470347648261759, 1.0], "dev_accs": [0.46284935241990455, 1.0], "test_accs": [0.17544770308850247, 0.9894887100960291]}