{"loss_data": [2.322460889816284, 1.8523626327514648, 1.5602378845214844, 1.3398748636245728, 1.00685453414917, 0.7405301928520203, 0.6125377416610718, 0.4697093665599823, 0.35544803738594055, 0.29016566276550293, 0.2693862318992615, 0.214553564786911, 0.18903282284736633, 0.17932921648025513, 0.14753693342208862, 0.11281837522983551, 0.1034775897860527, 0.09332514554262161, 0.08611733466386795, 0.0721951425075531], "train_accs": [0.8721881390593047, 1.0], "dev_accs": [0.8384458077709611, 0.911042944785276], "test_accs": [0.00012976901116013495, 0.03399948092395536]}