{"loss_data": [3.0522336959838867, 1.882596731185913, 1.5629175901412964, 1.3247750997543335, 1.1232408285140991, 0.9275810122489929, 0.7825593948364258, 0.6021044254302979, 0.4801619350910187, 0.431158185005188, 0.3832921087741852, 0.36643439531326294, 0.3113308846950531, 0.27038758993148804, 0.21178698539733887, 0.1906186193227768, 0.1579257845878601, 0.15450243651866913, 0.13727831840515137, 0.11733634024858475], "train_accs": [0.7016871165644172, 0.9942910702113156], "dev_accs": [0.7021131561008862, 0.9938650306748467], "test_accs": [0.0, 0.019724889696340515]}