{"loss_data": [2.7260656356811523, 1.880745768547058, 1.7239235639572144, 1.4645378589630127, 1.155368447303772, 0.9415247440338135, 0.6598179340362549, 0.5450075268745422, 0.4140215814113617, 0.34725919365882874, 0.32069459557533264, 0.2758035957813263, 0.1991506963968277, 0.18024779856204987, 0.15125873684883118, 0.13101206719875336, 0.11436610668897629, 0.10504508018493652, 0.08585996180772781, 0.07481583207845688], "train_accs": [0.86579754601227, 1.0], "dev_accs": [0.825494205862304, 0.9993183367416496], "test_accs": [0.0, 0.002206073189722294]}