{"loss_data": [2.5801808834075928, 1.8155306577682495, 1.5389204025268555, 1.1541436910629272, 0.8718696236610413, 0.6916705965995789, 0.5280578136444092, 0.45017120242118835, 0.32012853026390076, 0.2831015884876251, 0.25693145394325256, 0.24480199813842773, 0.1645568162202835, 0.1627677083015442, 0.14895914494991302, 0.11653423309326172, 0.11648015677928925, 0.09874450415372849, 0.08761017769575119, 0.0765015110373497], "train_accs": [0.9745228357191548, 0.9981254260395365], "dev_accs": [0.9710293115201091, 0.9986366734832992], "test_accs": [0.10679989618479108, 0.13950168699714507]}