{"loss_data": [3.0423829555511475, 2.1190764904022217, 1.8654160499572754, 1.5615367889404297, 1.2255314588546753, 0.8567243218421936, 0.677856981754303, 0.5131801962852478, 0.41743361949920654, 0.36754709482192993, 0.3281111419200897, 0.2934628427028656, 0.24094295501708984, 0.20240098237991333, 0.16166390478610992, 0.156725212931633, 0.1355988085269928, 0.10704632103443146, 0.11368676275014877, 0.0917213186621666], "train_accs": [0.7755623721881391, 0.9988070892978869], "dev_accs": [0.7883435582822086, 0.9979550102249489], "test_accs": [0.0, 0.0010381520892810796]}