{"loss_data": [3.210378408432007, 2.4342401027679443, 2.143305778503418, 1.861517071723938, 1.5686309337615967, 1.3521208763122559, 1.0764096975326538, 1.037135362625122, 0.7754523754119873, 0.6502783298492432, 0.6166917681694031, 0.5440086722373962, 0.46128150820732117, 0.3981410264968872, 0.33440321683883667, 0.29879170656204224, 0.25014540553092957, 0.22555756568908691, 0.193595290184021, 0.20951984822750092], "train_accs": [0.8525051124744376, 1.0], "dev_accs": [0.632583503749148, 0.9591002044989775], "test_accs": [0.0002595380223202699, 0.020503503763301324]}