{"loss_data": [2.9913721084594727, 2.5110578536987305, 2.224773645401001, 1.9095993041992188, 1.5933456420898438, 1.4151122570037842, 1.2038627862930298, 1.003343105316162, 0.7595276236534119, 0.6683021187782288, 0.673914909362793, 0.5787185430526733, 0.4607739746570587, 0.3984581530094147, 0.35904794931411743, 0.32007816433906555, 0.2396887242794037, 0.24882645905017853, 0.19145315885543823, 0.1779811978340149], "train_accs": [0.9594410361281527, 0.9990627130197682], "dev_accs": [0.7972051806407635, 0.9471710974778459], "test_accs": [0.002206073189722294, 0.25837010121982873]}