{"loss_data": [3.0119662284851074, 1.8817267417907715, 1.8328778743743896, 1.4834364652633667, 1.292432427406311, 1.0814309120178223, 0.8810696601867676, 0.6318540573120117, 0.5497311949729919, 0.40333691239356995, 0.40101441740989685, 0.3187982439994812, 0.2515357732772827, 0.22762009501457214, 0.18320702016353607, 0.13625043630599976, 0.12469173967838287, 0.13047024607658386, 0.10008285194635391, 0.09690921008586884], "train_accs": [0.840576005453306, 1.0], "dev_accs": [0.8486707566462167, 1.0], "test_accs": [0.0012976901116013497, 0.10199844277186608]}