{"loss_data": [2.794735908508301, 1.9240953922271729, 1.5711088180541992, 1.2086478471755981, 0.8939175009727478, 0.6161683797836304, 0.5204030275344849, 0.4535495638847351, 0.35635921359062195, 0.2893976867198944, 0.2873353362083435, 0.24273312091827393, 0.20803776383399963, 0.1626943051815033, 0.14634129405021667, 0.12025470286607742, 0.08130180835723877, 0.07813387364149094, 0.07480419427156448, 0.06236588954925537], "train_accs": [0.8485003408316292, 1.0], "dev_accs": [0.9478527607361963, 1.0], "test_accs": [0.0002595380223202699, 0.021801193874902675]}