{"loss_data": [3.302309274673462, 2.6474857330322266, 2.256762981414795, 1.86699378490448, 1.5671916007995605, 1.3651527166366577, 1.2079015970230103, 0.9830317497253418, 0.8174676895141602, 0.6980509757995605, 0.6765361428260803, 0.6116527915000916, 0.4761521816253662, 0.42398539185523987, 0.37893497943878174, 0.31995025277137756, 0.2725205719470978, 0.26826003193855286, 0.22296035289764404, 0.19425764679908752], "train_accs": [0.8409168370824812, 1.0], "dev_accs": [0.6134969325153374, 0.9904567143830948], "test_accs": [0.0, 0.4435504801453413]}