{"loss_data": [3.1144165992736816, 2.7365951538085938, 2.511479616165161, 2.2564029693603516, 1.9396272897720337, 1.7066731452941895, 1.4099076986312866, 1.2091645002365112, 1.024218201637268, 0.8831135034561157, 0.8232998251914978, 0.6736701130867004, 0.5998396277427673, 0.5022493004798889, 0.4073100686073303, 0.3792742192745209, 0.3179682195186615, 0.26922157406806946, 0.256640762090683, 0.23489078879356384], "train_accs": [0.9571404226312201, 1.0], "dev_accs": [0.8841172460804363, 1.0], "test_accs": [0.2887360498313003, 0.5336101738904749]}