{"loss_data": [3.1583571434020996, 2.7449018955230713, 2.621126890182495, 2.419646739959717, 2.087888479232788, 1.7217199802398682, 1.454032301902771, 1.2165446281433105, 1.00837242603302, 0.8557184934616089, 0.8346249461174011, 0.6887403130531311, 0.5812311172485352, 0.49784156680107117, 0.4187251329421997, 0.3971065878868103, 0.3200725317001343, 0.31054434180259705, 0.24402710795402527, 0.23948921263217926], "train_accs": [0.7411383776414451, 0.9999147920927062], "dev_accs": [0.6785957736877982, 0.9979550102249489], "test_accs": [0.0, 0.7560342590189463]}