{"loss_data": [2.9077136516571045, 2.2684810161590576, 2.074162721633911, 1.7005168199539185, 1.3856209516525269, 1.0409694910049438, 0.8051489591598511, 0.637537956237793, 0.4816192388534546, 0.36005160212516785, 0.36966070532798767, 0.2926833927631378, 0.26147356629371643, 0.20063048601150513, 0.17032462358474731, 0.13682334125041962, 0.12209270149469376, 0.12046748399734497, 0.10878873616456985, 0.08849135041236877], "train_accs": [0.8661383776414451, 0.8984321745057942], "dev_accs": [0.8718473074301295, 0.9062713019768235], "test_accs": [0.0, 0.0005190760446405398]}