{"loss_data": [2.6613872051239014, 1.802323579788208, 1.4505500793457031, 1.2086920738220215, 0.9914348125457764, 0.7425035238265991, 0.6096030473709106, 0.5161404609680176, 0.38660070300102234, 0.34152159094810486, 0.3087056577205658, 0.2840016186237335, 0.24585886299610138, 0.21283486485481262, 0.15738728642463684, 0.1391032636165619, 0.12703119218349457, 0.11336607486009598, 0.09838137030601501, 0.10007131099700928], "train_accs": [0.8589809134287661, 0.9994887525562373], "dev_accs": [0.854464894342195, 0.9993183367416496], "test_accs": [0.0, 0.0011679211004412147]}