{"loss_data": [3.1722066402435303, 2.4690909385681152, 2.2154879570007324, 1.907929539680481, 1.5911873579025269, 1.360787034034729, 1.1053261756896973, 0.9770481586456299, 0.8657137155532837, 0.6795622706413269, 0.6902286410331726, 0.5576496720314026, 0.48528602719306946, 0.42043232917785645, 0.36711201071739197, 0.31596440076828003, 0.25425946712493896, 0.21952450275421143, 0.22264787554740906, 0.17916817963123322], "train_accs": [0.9134287661895024, 1.0], "dev_accs": [0.6414451261077028, 1.0], "test_accs": [0.014144822216454711, 0.633662081494939]}