{"loss_data": [2.99429988861084, 2.6199159622192383, 2.3924221992492676, 2.016335964202881, 1.7465046644210815, 1.4960012435913086, 1.293433666229248, 1.1019810438156128, 0.8865452408790588, 0.7661826610565186, 0.734685480594635, 0.6568012833595276, 0.5869726538658142, 0.45892903208732605, 0.36962541937828064, 0.32759997248649597, 0.31459835171699524, 0.22741445899009705, 0.20955060422420502, 0.19341501593589783], "train_accs": [0.9377130197682345, 1.0], "dev_accs": [0.5790729379686435, 0.9775051124744376], "test_accs": [0.003114456267843239, 0.07591487152867896]}