{"loss_data": [3.253417730331421, 2.035386562347412, 1.961628794670105, 1.796470046043396, 1.6535331010818481, 1.4214221239089966, 1.092932939529419, 0.8172207474708557, 0.6309593319892883, 0.49366360902786255, 0.4464021325111389, 0.3572082221508026, 0.3027265965938568, 0.2424205243587494, 0.2017030119895935, 0.15539509057998657, 0.13964936137199402, 0.12015162408351898, 0.1018930971622467, 0.08627945184707642], "train_accs": [0.6407634628493524, 0.9989775051124744], "dev_accs": [0.569188820722563, 0.9976141785957737], "test_accs": [0.0, 0.02517518816506618]}