{"loss_data": [3.1697864532470703, 2.5832207202911377, 2.304135322570801, 1.969443917274475, 1.680377721786499, 1.413362979888916, 1.2106363773345947, 1.042298436164856, 0.8912105560302734, 0.7606413960456848, 0.7125452160835266, 0.6329616904258728, 0.5818865299224854, 0.4532608687877655, 0.41482335329055786, 0.33633434772491455, 0.3203045427799225, 0.27845603227615356, 0.2399185597896576, 0.2220071405172348], "train_accs": [0.9860259032038173, 1.0], "dev_accs": [0.9665985003408316, 1.0], "test_accs": [0.3261095250454192, 0.5368543991694783]}