{"loss_data": [3.360455274581909, 2.784031867980957, 2.505772829055786, 2.171271800994873, 1.8130377531051636, 1.5197155475616455, 1.2811634540557861, 1.0447311401367188, 0.8892732858657837, 0.730816662311554, 0.7297943234443665, 0.611117422580719, 0.5373498201370239, 0.4732101261615753, 0.374038964509964, 0.32530438899993896, 0.27675625681877136, 0.2782266139984131, 0.24752552807331085, 0.22445206344127655], "train_accs": [0.7239263803680982, 1.0], "dev_accs": [0.5569188820722563, 0.9996591683708248], "test_accs": [0.0, 0.007267064624967558]}