{"loss_data": [3.3700263500213623, 2.7106192111968994, 2.4379539489746094, 2.1141200065612793, 1.7270922660827637, 1.4543136358261108, 1.2906726598739624, 1.0305736064910889, 0.8863521814346313, 0.782132625579834, 0.708655595779419, 0.6410984396934509, 0.5540204048156738, 0.4571770131587982, 0.39973506331443787, 0.3860588073730469, 0.3243478834629059, 0.289703369140625, 0.27255943417549133, 0.22915278375148773], "train_accs": [0.7511077027948193, 1.0], "dev_accs": [0.7280163599182005, 0.9103612815269257], "test_accs": [0.0, 0.48351933558266286]}