{"loss_data": [3.271242618560791, 2.7125349044799805, 2.390995979309082, 2.1004738807678223, 1.7390012741088867, 1.5985289812088013, 1.3286925554275513, 1.168688416481018, 1.0211429595947266, 0.8804154992103577, 0.829924464225769, 0.7399290204048157, 0.599670946598053, 0.5658363699913025, 0.4686901271343231, 0.3976159393787384, 0.34917470812797546, 0.31685346364974976, 0.2523851990699768, 0.21030180156230927], "train_accs": [0.7684049079754601, 1.0], "dev_accs": [0.8561690524880708, 0.912747102931152], "test_accs": [0.0, 0.004022839345964184]}