{"loss_data": [3.3196492195129395, 2.7267892360687256, 2.4809374809265137, 2.1573164463043213, 1.8250610828399658, 1.5676155090332031, 1.3932422399520874, 1.1151341199874878, 0.9612790942192078, 0.7881723642349243, 0.7880867123603821, 0.6434320211410522, 0.5994916558265686, 0.49707353115081787, 0.39225390553474426, 0.34072840213775635, 0.3329389989376068, 0.2895714342594147, 0.25223466753959656, 0.22412632405757904], "train_accs": [0.9885821404226313, 1.0], "dev_accs": [0.7835719154737559, 0.9986366734832992], "test_accs": [0.026991954321308072, 0.4331689592525305]}