{"loss_data": [2.5976016521453857, 1.9301072359085083, 1.880503535270691, 1.4833264350891113, 1.2462966442108154, 0.9866392016410828, 0.8035707473754883, 0.6112760305404663, 0.46050509810447693, 0.3781999349594116, 0.3581129312515259, 0.29141271114349365, 0.2285163700580597, 0.21491457521915436, 0.16898727416992188, 0.12981337308883667, 0.12145406752824783, 0.10533487796783447, 0.08971437066793442, 0.08758579939603806], "train_accs": [0.7553680981595092, 0.9978698023176551], "dev_accs": [0.8602590320381731, 0.9972733469665985], "test_accs": [0.0015572281339216196, 0.01777835452893849]}