{"loss_data": [2.6993181705474854, 1.8722234964370728, 1.7077722549438477, 1.3136197328567505, 1.0835705995559692, 0.8405117392539978, 0.6150072813034058, 0.4703255891799927, 0.38008567690849304, 0.2880555987358093, 0.2983918786048889, 0.2437271624803543, 0.19290664792060852, 0.18636399507522583, 0.14307096600532532, 0.11248884350061417, 0.09784850478172302, 0.08648204058408737, 0.07795719057321548, 0.07207409292459488], "train_accs": [0.9707736877982277, 1.0], "dev_accs": [0.9468302658486708, 1.0], "test_accs": [0.004022839345964184, 0.030236179600311445]}