{"loss_data": [3.034954071044922, 1.9760217666625977, 1.8454205989837646, 1.449837565422058, 1.1573489904403687, 0.8734004497528076, 0.6707548499107361, 0.52950119972229, 0.4588378667831421, 0.3698103129863739, 0.35732540488243103, 0.339756041765213, 0.25016582012176514, 0.2276846319437027, 0.19654180109500885, 0.1444990336894989, 0.1280422806739807, 0.12244080752134323, 0.12262717634439468, 0.09100721031427383], "train_accs": [0.9948875255623721, 1.0], "dev_accs": [0.9086571233810498, 1.0], "test_accs": [0.01310667012717363, 0.01440436023877498]}