{"loss_data": [3.3207662105560303, 2.7136895656585693, 2.4912638664245605, 2.0842177867889404, 1.7846232652664185, 1.5444027185440063, 1.2916570901870728, 1.0994417667388916, 0.8832876086235046, 0.8447646498680115, 0.7537474632263184, 0.6396199464797974, 0.5347929000854492, 0.5152424573898315, 0.42325064539909363, 0.384586364030838, 0.3186795711517334, 0.2717478275299072, 0.2719341218471527, 0.23238055408000946], "train_accs": [0.854464894342195, 1.0], "dev_accs": [0.7934560327198364, 0.9969325153374233], "test_accs": [0.0, 0.01674020243965741]}