{"loss_data": [2.7843101024627686, 1.9428846836090088, 1.8129020929336548, 1.5335471630096436, 1.3226884603500366, 1.0753753185272217, 0.8233418464660645, 0.6862513422966003, 0.5160605907440186, 0.41123977303504944, 0.385146826505661, 0.29727622866630554, 0.27230411767959595, 0.22608789801597595, 0.17323487997055054, 0.15966829657554626, 0.1325187236070633, 0.10305789113044739, 0.07599442452192307, 0.08789372444152832], "train_accs": [0.6168200408997955, 1.0], "dev_accs": [0.5886162235855488, 1.0], "test_accs": [0.0024656112120425644, 0.0003893070334804049]}