{"loss_data": [3.1587142944335938, 2.7230353355407715, 2.5986545085906982, 2.3413093090057373, 1.9193329811096191, 1.6030699014663696, 1.3120722770690918, 1.0733976364135742, 0.8911312818527222, 0.754477858543396, 0.6319229602813721, 0.5481202602386475, 0.4860568046569824, 0.4229593873023987, 0.3598020672798157, 0.325236052274704, 0.26830655336380005, 0.2311377376317978, 0.20703548192977905, 0.17837032675743103, 0.1589682698249817, 0.1550605148077011, 0.1720379739999771, 0.12360317260026932, 0.10163509100675583, 0.10633542388677597], "train_accs": [0.9999367488931056, 1.0], "dev_accs": [0.7959393472115137, 0.9956309432022616], "test_accs": [0.6788079470198676, 1.0]}