{"loss_data": [3.267798900604248, 2.682978391647339, 2.3888700008392334, 2.0885746479034424, 1.828544020652771, 1.6313596963882446, 1.3882802724838257, 1.1909922361373901, 1.005321741104126, 0.8874273300170898, 0.7424335479736328, 0.6610773801803589, 0.5528563857078552, 0.4482250213623047, 0.42117971181869507, 0.42083659768104553, 0.3605725169181824, 0.27455517649650574, 0.25669488310813904, 0.25242990255355835, 0.21533478796482086, 0.172706738114357, 0.14986327290534973, 0.15739114582538605, 0.1407192051410675, 0.12237996608018875, 0.10839125514030457, 0.11587249487638474, 0.10611192137002945, 0.08537759631872177], "train_accs": [1.0, 1.0], "dev_accs": [0.9943459264970445, 1.0], "test_accs": [0.984271523178808, 1.0]}