{"loss_data": [3.268190860748291, 2.7122302055358887, 2.5534958839416504, 2.354924440383911, 2.048290729522705, 1.7561918497085571, 1.5227091312408447, 1.283643126487732, 1.0505012273788452, 0.8943440318107605, 0.7260734438896179, 0.6432012915611267, 0.5347455739974976, 0.43623682856559753, 0.3984367251396179, 0.41692477464675903, 0.35535135865211487, 0.2963837683200836, 0.2765742242336273, 0.2338160127401352, 0.20501410961151123, 0.19065767526626587, 0.1641283631324768, 0.1604113131761551, 0.15703023970127106, 0.11965838074684143, 0.12645795941352844, 0.10636171698570251, 0.09087664633989334, 0.10068310797214508], "train_accs": [0.9871103950219456, 1.0], "dev_accs": [0.9424312516062708, 0.9997429966589566], "test_accs": [0.9362582781456954, 1.0]}