{"loss_data": [2.966283082962036, 2.1441359519958496, 1.9726839065551758, 1.8360698223114014, 1.4746421575546265, 1.1980929374694824, 0.9075325727462769, 0.7368367314338684, 0.5572726726531982, 0.454679936170578, 0.3562333285808563, 0.31394991278648376, 0.24282139539718628, 0.24176324903964996, 0.19157949090003967, 0.17581212520599365, 0.15610599517822266, 0.13249395787715912, 0.11567431688308716, 0.09621912240982056, 0.09207713603973389, 0.09679003804922104, 0.07508036494255066, 0.06854435056447983, 0.06224906072020531, 0.07349028438329697], "train_accs": [0.9979759645793801, 1.0], "dev_accs": [0.9974299665895656, 1.0], "test_accs": [1.0, 1.0]}