{"loss_data": [3.4272100925445557, 2.7023937702178955, 2.5010013580322266, 2.2124509811401367, 1.987943172454834, 1.7742894887924194, 1.5931881666183472, 1.3540772199630737, 1.1808819770812988, 1.0146288871765137, 0.8876724243164062, 0.7998316287994385, 0.6500387787818909, 0.6260198354721069, 0.5414599180221558, 0.44870439171791077, 0.3973914384841919, 0.3621428310871124, 0.32355666160583496, 0.2451019287109375, 0.22835154831409454, 0.2111799120903015, 0.18328367173671722, 0.16045130789279938, 0.1505240648984909, 0.17223462462425232], "train_accs": [0.8118912080961417, 1.0], "dev_accs": [0.5011565150346955, 1.0], "test_accs": [0.2731788079470199, 0.9950331125827815]}