{"loss_data": [2.6144843101501465, 1.9361878633499146, 1.8243554830551147, 1.4969159364700317, 1.2435846328735352, 0.8825546503067017, 0.7179989814758301, 0.5808939337730408, 0.4890124499797821, 0.3505968153476715, 0.3096136450767517, 0.2487153857946396, 0.21461302042007446, 0.15931575000286102, 0.16148057579994202, 0.16283197700977325, 0.12719176709651947, 0.11310753226280212, 0.10652798414230347, 0.0980079248547554, 0.07882686704397202, 0.07018247991800308, 0.058908648788928986, 0.05645371973514557, 0.051103755831718445, 0.05632051080465317, 0.05200992524623871, 0.04004210978746414, 0.03963341563940048, 0.053320348262786865], "train_accs": [0.9978332129562754, 1.0], "dev_accs": [0.9971729632485222, 1.0], "test_accs": [1.0, 1.0]}