{"loss_data": [3.244863748550415, 2.2581896781921387, 1.8502010107040405, 1.581531286239624, 1.2273814678192139, 1.0298421382904053, 0.8331083655357361, 0.7406916618347168, 0.595696747303009, 0.47404053807258606, 0.3801772892475128, 0.30808693170547485, 0.2634599506855011, 0.24645757675170898, 0.23115785419940948, 0.16888907551765442, 0.15922139585018158, 0.13774612545967102, 0.13418176770210266, 0.1123495027422905, 0.08753760904073715, 0.08702928572893143, 0.07697657495737076, 0.06775166094303131, 0.06350042670965195, 0.061746746301651], "train_accs": [0.9842504743833017, 0.9996837444655281], "dev_accs": [0.9694166024158314, 0.9997429966589566], "test_accs": [0.984271523178808, 1.0]}