{"loss_data": [3.439873456954956, 2.7931201457977295, 2.678633213043213, 2.5126075744628906, 2.24222731590271, 1.9328153133392334, 1.585287094116211, 1.2735216617584229, 1.05924391746521, 0.8887990117073059, 0.7530136704444885, 0.6414665579795837, 0.504758358001709, 0.5526193976402283, 0.44285568594932556, 0.3822498917579651, 0.3102341294288635, 0.27544698119163513, 0.2585998475551605, 0.1871328055858612, 0.19227257370948792, 0.22235643863677979, 0.16897286474704742, 0.17133088409900665, 0.14764076471328735, 0.13229529559612274], "train_accs": [0.9469955724225174, 1.0], "dev_accs": [0.723207401696222, 0.9272680544847083], "test_accs": [0.7599337748344371, 0.9495033112582781]}