{"loss_data": [3.3584837913513184, 2.7597463130950928, 2.5259032249450684, 2.2693583965301514, 1.9429073333740234, 1.7223803997039795, 1.4551395177841187, 1.2590657472610474, 1.0801770687103271, 0.9107128381729126, 0.7474291920661926, 0.6187505722045898, 0.53968745470047, 0.42504194378852844, 0.385063499212265, 0.3863707184791565, 0.3627026379108429, 0.2901272177696228, 0.25267159938812256, 0.21572022140026093, 0.19225546717643738, 0.16574446856975555, 0.15409499406814575, 0.14314348995685577, 0.12236032634973526, 0.12172987312078476, 0.11275609582662582, 0.11730746179819107, 0.10767762362957001, 0.08078344911336899], "train_accs": [0.999722206789266, 1.0], "dev_accs": [0.8545361089694166, 0.9763556926240041], "test_accs": [0.6928807947019867, 0.9147350993377483]}