{"loss_data": [2.7691080570220947, 2.0274767875671387, 1.8592313528060913, 1.460819959640503, 1.0660932064056396, 0.8449063897132874, 0.6681634783744812, 0.5238462686538696, 0.39812135696411133, 0.3163357973098755, 0.2738633155822754, 0.22348134219646454, 0.20648515224456787, 0.1672731339931488, 0.14156630635261536, 0.14908988773822784, 0.12592585384845734, 0.10198219865560532, 0.09591051936149597, 0.08966976404190063, 0.08779485523700714, 0.06809540092945099, 0.06182505935430527, 0.074586883187294, 0.04679679870605469, 0.04345831274986267, 0.03862445801496506, 0.042901456356048584, 0.041405241936445236, 0.02934648096561432], "train_accs": [0.9982776820934496, 1.0], "dev_accs": [0.9984579799537394, 1.0], "test_accs": [1.0, 1.0]}