{"loss_data": [3.4020209312438965, 2.761173963546753, 2.4838860034942627, 2.1597933769226074, 1.8048310279846191, 1.5976964235305786, 1.3401213884353638, 1.0873826742172241, 0.9518550634384155, 0.7979250550270081, 0.6752996444702148, 0.6032273173332214, 0.5163521766662598, 0.49611595273017883, 0.4207264482975006, 0.36693328619003296, 0.3277365565299988, 0.25349119305610657, 0.26699209213256836, 0.21344062685966492, 0.17966905236244202, 0.1728564202785492, 0.16341225802898407, 0.14518782496452332, 0.1603989601135254, 0.1211482360959053], "train_accs": [0.9967109424414927, 1.0], "dev_accs": [0.8889745566692367, 0.9961449498843485], "test_accs": [0.8758278145695364, 0.9933774834437086]}