{"loss_data": [2.6722302436828613, 1.9434174299240112, 1.807452917098999, 1.3917139768600464, 1.0836832523345947, 0.7928459644317627, 0.6764911413192749, 0.518122136592865, 0.39510101079940796, 0.2871890962123871, 0.27400481700897217, 0.24172461032867432, 0.20377787947654724, 0.15015019476413727, 0.15655197203159332, 0.11984840035438538, 0.12791655957698822, 0.11208929121494293, 0.12147407233715057, 0.08944813162088394, 0.07709483802318573, 0.07603805512189865, 0.07455210387706757, 0.06043240427970886, 0.04968190938234329, 0.06425170600414276, 0.04916638508439064, 0.040924184024333954, 0.04272998496890068, 0.0414004772901535], "train_accs": [0.9904439135507528, 0.9998888827157064], "dev_accs": [0.9868928296067849, 0.9994859933179131], "test_accs": [0.9925496688741722, 1.0]}