{"loss_data": [2.7974300384521484, 1.9564578533172607, 1.8841633796691895, 1.7294708490371704, 1.3118369579315186, 1.0965214967727661, 0.863111674785614, 0.6291437149047852, 0.4792906939983368, 0.3900255262851715, 0.3289245367050171, 0.24104951322078705, 0.2283259481191635, 0.1685810685157776, 0.1314791887998581, 0.15124590694904327, 0.13221313059329987, 0.12492511421442032, 0.09963135421276093, 0.08105918765068054, 0.07386358827352524, 0.0578170046210289, 0.05743652209639549, 0.07068783044815063, 0.05495670065283775, 0.04894910380244255, 0.041425496339797974, 0.03862416371703148, 0.04254560172557831, 0.039001498371362686], "train_accs": [1.0, 1.0], "dev_accs": [0.9997429966589566, 1.0], "test_accs": [1.0, 1.0]}