{"loss_data": [3.2270395755767822, 2.0122885704040527, 1.819516658782959, 1.6238514184951782, 1.3147451877593994, 1.1085476875305176, 0.9213452339172363, 0.7190205454826355, 0.5468319058418274, 0.45290184020996094, 0.38195472955703735, 0.3386761248111725, 0.275322288274765, 0.20915167033672333, 0.1923781931400299, 0.20864567160606384, 0.17588885128498077, 0.13815131783485413, 0.14288951456546783, 0.10617895424365997, 0.11421388387680054, 0.09526697546243668, 0.07855653017759323, 0.08312027901411057, 0.08475615084171295, 0.07611244916915894, 0.06169329583644867, 0.05266570672392845, 0.06108734756708145, 0.04569061100482941], "train_accs": [0.9948886049224956, 1.0], "dev_accs": [0.9933179131328708, 1.0], "test_accs": [1.0, 1.0]}