{"loss_data": [2.734292507171631, 2.0803351402282715, 2.0034964084625244, 1.6919268369674683, 1.4411900043487549, 1.1229984760284424, 0.8716974258422852, 0.6168851256370544, 0.4649084806442261, 0.34444093704223633, 0.3124358057975769, 0.2665277421474457, 0.1982870101928711, 0.21588657796382904, 0.1875200718641281, 0.14530523121356964, 0.1254313588142395, 0.10990298539400101, 0.09254183620214462, 0.08121746778488159, 0.07941455394029617, 0.07060945779085159, 0.060842785984277725, 0.059643328189849854, 0.057835254818201065, 0.06038810685276985], "train_accs": [0.9692599620493358, 1.0], "dev_accs": [0.9853508095605242, 1.0], "test_accs": [0.9917218543046358, 1.0]}