{"loss_data": [2.912954330444336, 2.029675245285034, 1.8340511322021484, 1.5121780633926392, 1.1985607147216797, 1.0170987844467163, 0.7349400520324707, 0.5574477910995483, 0.4469626545906067, 0.3333878815174103, 0.29381802678108215, 0.24564975500106812, 0.2375778704881668, 0.16880278289318085, 0.16099858283996582, 0.14911341667175293, 0.1258753538131714, 0.1228736937046051, 0.09170220047235489, 0.08960173279047012, 0.08699691295623779, 0.07589372247457504, 0.0631335899233818, 0.05669097974896431, 0.04604893550276756, 0.048772625625133514, 0.04756399244070053, 0.03710104897618294, 0.04032060503959656, 0.0319303534924984], "train_accs": [0.9947219289960554, 1.0], "dev_accs": [0.9946029298380878, 1.0], "test_accs": [1.0, 1.0]}