{"loss_data": [2.857255697250366, 1.9345190525054932, 1.8179748058319092, 1.659934163093567, 1.3063905239105225, 1.0475711822509766, 0.8428114652633667, 0.6370412707328796, 0.45861679315567017, 0.4115503430366516, 0.3411497175693512, 0.2814861536026001, 0.224376380443573, 0.21728913486003876, 0.1726904660463333, 0.16585175693035126, 0.12495145946741104, 0.13296417891979218, 0.11320581287145615, 0.08541571348905563, 0.09643027186393738, 0.0818963423371315, 0.07907844334840775, 0.07323648035526276, 0.06482899188995361, 0.0647716075181961], "train_accs": [0.9955091714104997, 1.0], "dev_accs": [0.9943459264970445, 1.0], "test_accs": [1.0, 1.0]}