{"loss_data": [3.3003108501434326, 2.889871120452881, 2.7213127613067627, 2.5697062015533447, 2.348728656768799, 2.117063283920288, 1.7957630157470703, 1.5260844230651855, 1.287487506866455, 1.0777041912078857, 0.9193578362464905, 0.7878007888793945, 0.6439013481140137, 0.6797948479652405, 0.5398462414741516, 0.43062907457351685, 0.3935145437717438, 0.3198835253715515, 0.2692684233188629, 0.2244778573513031, 0.20207315683364868, 0.1843748688697815, 0.20329327881336212, 0.14104145765304565, 0.14637017250061035, 0.1242305263876915], "train_accs": [0.9760910815939279, 1.0], "dev_accs": [0.8242097147262915, 0.9989719866358263], "test_accs": [0.581953642384106, 0.9867549668874173]}