{"loss_data": [3.554286479949951, 2.9154133796691895, 2.6882944107055664, 2.5208141803741455, 2.2640256881713867, 1.9735033512115479, 1.688612699508667, 1.4396185874938965, 1.2525917291641235, 1.079281210899353, 0.8976923823356628, 0.8052500486373901, 0.7178996205329895, 0.6353521943092346, 0.5533241629600525, 0.5102234482765198, 0.4338516294956207, 0.3994256258010864, 0.32665181159973145, 0.3237847685813904, 0.28714519739151, 0.23336288332939148, 0.24760715663433075, 0.18944767117500305, 0.1546417623758316, 0.15694326162338257, 0.1441756784915924, 0.14147555828094482, 0.1266413927078247, 0.10206340253353119], "train_accs": [0.9809989443857993, 1.0], "dev_accs": [0.8337188383448985, 1.0], "test_accs": [0.8435430463576159, 1.0]}