{"loss_data": [2.7714040279388428, 1.9967594146728516, 1.8290292024612427, 1.54279363155365, 1.317986249923706, 1.1848338842391968, 0.977937638759613, 0.7972689867019653, 0.6585779786109924, 0.5899906754493713, 0.5123263001441956, 0.38968217372894287, 0.34630388021469116, 0.2782090902328491, 0.23974327743053436, 0.24424222111701965, 0.2126210480928421, 0.1548929065465927, 0.13391324877738953, 0.12520280480384827, 0.11682096868753433, 0.11050251126289368, 0.09175349771976471, 0.08252730965614319, 0.07097181677818298, 0.07898584753274918, 0.06514575332403183, 0.05131091549992561, 0.04732188209891319, 0.05361081287264824], "train_accs": [0.9860547808211567, 0.9994444135785321], "dev_accs": [0.9820097661269597, 0.9989719866358263], "test_accs": [0.9950331125827815, 1.0]}