{"loss_data": [2.9721031188964844, 2.0287201404571533, 1.9356805086135864, 1.8873637914657593, 1.6833268404006958, 1.355212688446045, 1.0760115385055542, 0.8715156316757202, 0.6623716950416565, 0.522244930267334, 0.42271316051483154, 0.34987372159957886, 0.3178677260875702, 0.22835977375507355, 0.19118838012218475, 0.19464212656021118, 0.18407754600048065, 0.1538599580526352, 0.1268717497587204, 0.11026518046855927, 0.09637831896543503, 0.07653240114450455, 0.0717017725110054, 0.06948418915271759, 0.06047093868255615, 0.06675562262535095, 0.05466954782605171, 0.05391591414809227, 0.05248688906431198, 0.05279058218002319], "train_accs": [0.9948886049224956, 1.0], "dev_accs": [0.9946029298380878, 1.0], "test_accs": [0.9991721854304636, 1.0]}