{"loss_data": [3.1278536319732666, 2.650773525238037, 2.4352662563323975, 2.1592400074005127, 1.8563576936721802, 1.5989092588424683, 1.2832192182540894, 1.084744930267334, 0.8782983422279358, 0.7322027087211609, 0.6080335378646851, 0.5609371066093445, 0.4822292923927307, 0.41236793994903564, 0.36821818351745605, 0.3264201283454895, 0.2940722107887268, 0.24853692948818207, 0.24803119897842407, 0.20754991471767426, 0.1913670003414154, 0.19078223407268524, 0.14220333099365234, 0.14737819135189056, 0.11067231744527817, 0.0995270162820816], "train_accs": [0.9877925363693865, 1.0], "dev_accs": [0.9175019275250579, 0.9979439732716525], "test_accs": [0.9337748344370861, 1.0]}