{"loss_data": [3.122910976409912, 2.8103139400482178, 2.6120643615722656, 2.350506544113159, 1.9989502429962158, 1.7387818098068237, 1.4853289127349854, 1.2684906721115112, 1.1061949729919434, 0.9120323061943054, 0.7412636876106262, 0.6542126536369324, 0.560597836971283, 0.4916626513004303, 0.38428688049316406, 0.39708617329597473, 0.3399631083011627, 0.29969289898872375, 0.3002966642379761, 0.23438537120819092, 0.1944102942943573, 0.19522270560264587, 0.19593511521816254, 0.13581979274749756, 0.1442480981349945, 0.10938333719968796, 0.11822225153446198, 0.10148049145936966, 0.09312938153743744, 0.10377751290798187], "train_accs": [1.0, 1.0], "dev_accs": [1.0, 1.0], "test_accs": [1.0, 1.0]}