{"loss_data": [2.9913036823272705, 2.700040102005005, 2.583789825439453, 2.2536914348602295, 1.8084479570388794, 1.5219680070877075, 1.1898939609527588, 0.9985446333885193, 0.8434686660766602, 0.7280653119087219, 0.5887230634689331, 0.5436432361602783, 0.40244030952453613, 0.3804624080657959, 0.30960702896118164, 0.35262906551361084, 0.29767054319381714, 0.2517399489879608, 0.23340491950511932, 0.18496495485305786, 0.17463642358779907, 0.1531924456357956, 0.1469193994998932, 0.11421607434749603, 0.11131196469068527, 0.09207441657781601, 0.09259940683841705, 0.09099618345499039, 0.07985740900039673, 0.08371611684560776], "train_accs": [0.9998888827157064, 1.0], "dev_accs": [0.8720123361603701, 1.0], "test_accs": [0.7458609271523179, 1.0]}