{"loss_data": [3.4594340324401855, 2.8897910118103027, 2.6014997959136963, 2.281154155731201, 1.9975279569625854, 1.7104281187057495, 1.4908772706985474, 1.2514843940734863, 1.07080078125, 0.953155517578125, 0.8297256231307983, 0.734835684299469, 0.6544555425643921, 0.6203950047492981, 0.5120048522949219, 0.4152856171131134, 0.37563303112983704, 0.3517342507839203, 0.323385089635849, 0.265299916267395, 0.2516300082206726, 0.21539904177188873, 0.2063135802745819, 0.17321722209453583, 0.16394157707691193, 0.13685497641563416], "train_accs": [0.9941176470588236, 1.0], "dev_accs": [0.9699306090979183, 1.0], "test_accs": [0.875, 1.0]}