{"loss_data": [3.1632888317108154, 2.563439130783081, 2.308727741241455, 1.9901806116104126, 1.7032288312911987, 1.4808332920074463, 1.2685993909835815, 1.0948646068572998, 0.9460164308547974, 0.7627927660942078, 0.6876707673072815, 0.5829115509986877, 0.4916217625141144, 0.44015562534332275, 0.3723868131637573, 0.3485805094242096, 0.29042354226112366, 0.2598656713962555, 0.2362140268087387, 0.20301753282546997, 0.18668371438980103, 0.13488627970218658, 0.13813532888889313, 0.1309620589017868, 0.10751505196094513, 0.0965602770447731, 0.10488911718130112, 0.07874982059001923, 0.0869065597653389, 0.08252038806676865], "train_accs": [1.0, 1.0], "dev_accs": [0.995887946543305, 1.0], "test_accs": [0.9776490066225165, 1.0]}