{"loss_data": [3.4690465927124023, 2.6613755226135254, 2.391591787338257, 2.1050591468811035, 1.8151723146438599, 1.5693899393081665, 1.2892956733703613, 1.0867910385131836, 0.8892368674278259, 0.7815397381782532, 0.6433765292167664, 0.5737667083740234, 0.4779352843761444, 0.43628594279289246, 0.38419657945632935, 0.348835825920105, 0.30714085698127747, 0.2681100070476532, 0.2362227737903595, 0.20161816477775574, 0.17467619478702545, 0.16171088814735413, 0.14937837421894073, 0.14095838367938995, 0.12270154803991318, 0.11291643232107162], "train_accs": [0.9975964579380139, 1.0], "dev_accs": [0.9676175790285274, 1.0], "test_accs": [0.8625827814569537, 1.0]}