{"loss_data": [2.9071156978607178, 2.0499751567840576, 1.910494327545166, 1.852818250656128, 1.4858070611953735, 1.160567045211792, 0.8716662526130676, 0.6287639737129211, 0.5019504427909851, 0.3884309232234955, 0.32892462611198425, 0.2665271759033203, 0.2159428894519806, 0.21572329103946686, 0.19250597059726715, 0.15847256779670715, 0.1293424665927887, 0.11391925811767578, 0.11685572564601898, 0.10127392411231995, 0.07859660685062408, 0.07926332950592041, 0.06653400510549545, 0.06966459006071091, 0.06327558308839798, 0.058488961309194565], "train_accs": [0.9992409867172676, 1.0], "dev_accs": [1.0, 1.0], "test_accs": [1.0, 1.0]}