{"loss_data": [2.408728837966919, 1.9330904483795166, 1.8268811702728271, 1.5816524028778076, 1.2694740295410156, 1.0372157096862793, 0.8101233839988708, 0.598327100276947, 0.4709967076778412, 0.36080554127693176, 0.2844811975955963, 0.232741117477417, 0.1991671472787857, 0.17590707540512085, 0.16225725412368774, 0.13507984578609467, 0.12247751653194427, 0.10006582736968994, 0.09414603561162949, 0.07423519343137741, 0.06750795245170593, 0.06812462955713272, 0.05589980632066727, 0.046381138265132904, 0.04744589328765869, 0.03755560517311096], "train_accs": [0.9996204933586338, 1.0], "dev_accs": [0.9997429966589566, 1.0], "test_accs": [1.0, 1.0]}