{"loss_data": [3.058993339538574, 1.8852949142456055, 1.627971887588501, 1.3210623264312744, 1.0738065242767334, 0.8843973875045776, 0.7833613753318787, 0.5936602354049683, 0.5051290988922119, 0.41653740406036377, 0.34885552525520325, 0.2757149040699005, 0.2284630984067917, 0.2393365353345871, 0.20934605598449707, 0.17372019588947296, 0.15940971672534943, 0.13244518637657166, 0.11094052344560623, 0.10337164998054504, 0.07753048092126846, 0.08455243706703186, 0.09114199131727219, 0.06611625850200653, 0.05916789919137955, 0.06861904263496399], "train_accs": [0.9974067046173308, 1.0], "dev_accs": [0.9840657928553072, 1.0], "test_accs": [0.9834437086092715, 1.0]}