{"loss_data": [3.282316207885742, 2.7622618675231934, 2.5407655239105225, 2.2070682048797607, 1.898135781288147, 1.5670047998428345, 1.2880773544311523, 1.1028341054916382, 0.9584957957267761, 0.7915560603141785, 0.7054370641708374, 0.58284991979599, 0.5161100625991821, 0.43243786692619324, 0.3687584102153778, 0.3758529722690582, 0.3271322548389435, 0.2706418037414551, 0.26076966524124146, 0.21153798699378967, 0.19495081901550293, 0.1874932050704956, 0.18039202690124512, 0.15462781488895416, 0.1552586704492569, 0.11466267704963684, 0.12143873423337936, 0.1191394031047821, 0.0818164050579071, 0.11577260494232178], "train_accs": [1.0, 1.0], "dev_accs": [0.9971729632485222, 0.9997429966589566], "test_accs": [0.9776490066225165, 0.9966887417218543]}