{"loss_data": [2.5622806549072266, 1.9271364212036133, 1.7683424949645996, 1.5603532791137695, 1.16254723072052, 0.910774290561676, 0.7477808594703674, 0.5818171501159668, 0.4629971981048584, 0.4116727411746979, 0.3232252299785614, 0.2881256937980652, 0.23586396872997284, 0.22400076687335968, 0.20599770545959473, 0.15794460475444794, 0.14981688559055328, 0.11064226180315018, 0.12816914916038513, 0.09036222100257874, 0.09761552512645721, 0.10344328731298447, 0.08983255177736282, 0.07925935089588165, 0.06884770840406418, 0.06320863962173462], "train_accs": [0.9803289057558507, 0.9989247311827957], "dev_accs": [0.9473143150860961, 0.9976869699306091], "test_accs": [0.9503311258278145, 1.0]}