{"loss_data": [3.2266504764556885, 2.735522985458374, 2.5498769283294678, 2.2334277629852295, 1.8264892101287842, 1.5422838926315308, 1.2845927476882935, 1.0917375087738037, 0.9176278710365295, 0.7438300251960754, 0.6694455146789551, 0.586830198764801, 0.47604691982269287, 0.4372715950012207, 0.38722363114356995, 0.38074588775634766, 0.34606853127479553, 0.3123774230480194, 0.25307875871658325, 0.2220088243484497, 0.2134525626897812, 0.18464486300945282, 0.17130619287490845, 0.1286773681640625, 0.13635163009166718, 0.12468590587377548, 0.1189347356557846, 0.10196220874786377, 0.09653640538454056, 0.08105317503213882], "train_accs": [0.9938885493638535, 1.0], "dev_accs": [0.9624775122076586, 1.0], "test_accs": [0.9917218543046358, 1.0]}