{"loss_data": [2.5622315406799316, 1.9210271835327148, 1.7951525449752808, 1.5095782279968262, 1.1366512775421143, 0.9584940075874329, 0.7786489129066467, 0.5891462564468384, 0.46874386072158813, 0.39569714665412903, 0.30297189950942993, 0.2573697566986084, 0.21556323766708374, 0.23858492076396942, 0.1905009001493454, 0.1712380349636078, 0.1295640617609024, 0.1102299615740776, 0.0886191725730896, 0.09342060983181, 0.07102770358324051, 0.06704151630401611, 0.0733250305056572, 0.055694155395030975, 0.0520341731607914, 0.06662142276763916], "train_accs": [0.9975964579380139, 1.0], "dev_accs": [0.9940889231560011, 1.0], "test_accs": [1.0, 1.0]}