{"loss_data": [3.0437586307525635, 2.6595747470855713, 2.451355457305908, 2.1042726039886475, 1.7547687292099, 1.5439127683639526, 1.3007742166519165, 1.0809351205825806, 0.896644115447998, 0.7518823742866516, 0.6214524507522583, 0.5108934640884399, 0.4781966805458069, 0.38298261165618896, 0.327605277299881, 0.32800641655921936, 0.30704769492149353, 0.22398807108402252, 0.24272337555885315, 0.19926419854164124, 0.1700681895017624, 0.15989017486572266, 0.1546851396560669, 0.1291242092847824, 0.10468954592943192, 0.10965767502784729, 0.09202491492033005, 0.10902690142393112, 0.08361061662435532, 0.07126575708389282], "train_accs": [0.9991666203677982, 1.0], "dev_accs": [0.9748136725777435, 1.0], "test_accs": [0.9552980132450332, 1.0]}