{"loss_data": [3.045041799545288, 2.6739695072174072, 2.4788095951080322, 2.2348034381866455, 1.8488891124725342, 1.5373011827468872, 1.297351360321045, 1.0342873334884644, 0.8734145164489746, 0.7211446166038513, 0.6541452407836914, 0.5271708965301514, 0.4292396903038025, 0.4525911509990692, 0.3269616365432739, 0.33666926622390747, 0.2789272964000702, 0.23825156688690186, 0.20745623111724854, 0.1906825602054596, 0.16375619173049927, 0.1502145528793335, 0.15616482496261597, 0.13158223032951355, 0.09387492388486862, 0.09194941818714142], "train_accs": [0.9996204933586338, 1.0], "dev_accs": [0.9907478797224364, 1.0], "test_accs": [0.9859271523178808, 1.0]}