{"loss_data": [3.114560127258301, 2.632208824157715, 2.4805479049682617, 2.1744863986968994, 1.8779635429382324, 1.6069976091384888, 1.3799315690994263, 1.1347267627716064, 0.9441138505935669, 0.7991876602172852, 0.7130906581878662, 0.6098070740699768, 0.4847865104675293, 0.49934637546539307, 0.40148940682411194, 0.3654381036758423, 0.29590386152267456, 0.23430895805358887, 0.24612244963645935, 0.21133126318454742, 0.21047446131706238, 0.16673575341701508, 0.170889750123024, 0.14590702950954437, 0.13563327491283417, 0.11463694274425507], "train_accs": [0.9981024667931688, 1.0], "dev_accs": [0.9172449241840144, 0.9984579799537394], "test_accs": [0.8956953642384106, 0.9991721854304636]}