{"loss_data": [2.8187270164489746, 2.011765480041504, 1.7424471378326416, 1.4599248170852661, 1.1646947860717773, 1.007247805595398, 0.8093293309211731, 0.6291269063949585, 0.49037662148475647, 0.3940168023109436, 0.3541552424430847, 0.2897574305534363, 0.24007263779640198, 0.22276964783668518, 0.19336964190006256, 0.17886757850646973, 0.14088265597820282, 0.10892274230718613, 0.10344775021076202, 0.1034717783331871, 0.08355094492435455, 0.07702010124921799, 0.06248350813984871, 0.07901953905820847, 0.05016029253602028, 0.06105324998497963], "train_accs": [0.9046173308032891, 0.9977229601518026], "dev_accs": [0.911076843998972, 0.9984579799537394], "test_accs": [0.9238410596026491, 1.0]}