{"loss_data": [3.156146764755249, 2.0699827671051025, 1.9255141019821167, 1.739905834197998, 1.482562780380249, 1.1243091821670532, 0.9077653288841248, 0.6837509274482727, 0.557163655757904, 0.4208921492099762, 0.35944536328315735, 0.2846275269985199, 0.26455172896385193, 0.2022082656621933, 0.2084861844778061, 0.18821966648101807, 0.17311488091945648, 0.14491847157478333, 0.14738112688064575, 0.10920839756727219, 0.09370274096727371, 0.09467265754938126, 0.07892442494630814, 0.06741657108068466, 0.05954539030790329, 0.05757971107959747, 0.0631534680724144, 0.061528824269771576, 0.050403282046318054, 0.04011142626404762], "train_accs": [0.9902216789821656, 1.0], "dev_accs": [0.988177846312002, 1.0], "test_accs": [1.0, 1.0]}