{"loss_data": [2.4040279388427734, 1.8775745630264282, 1.733245611190796, 1.5055444240570068, 1.2019639015197754, 0.9502842426300049, 0.7503187656402588, 0.5594673156738281, 0.4339889585971832, 0.3591882884502411, 0.2808723449707031, 0.2489962875843048, 0.22795285284519196, 0.16680555045604706, 0.15751442313194275, 0.14685720205307007, 0.1322893649339676, 0.11347859352827072, 0.11609934270381927, 0.09412131458520889, 0.08946708589792252, 0.07024399191141129, 0.06333807855844498, 0.06482567638158798, 0.06644139438867569, 0.043929822742938995, 0.03912613168358803, 0.04383173584938049, 0.04802187904715538, 0.03327986225485802], "train_accs": [0.9845546974831935, 0.999222179009945], "dev_accs": [0.9758416859419172, 0.9994859933179131], "test_accs": [0.9809602649006622, 1.0]}