{"loss_data": [2.642901659011841, 2.1494123935699463, 1.9421693086624146, 1.6026502847671509, 1.2880951166152954, 0.9986852407455444, 0.8091247081756592, 0.5893092155456543, 0.47583433985710144, 0.37071582674980164, 0.3052392899990082, 0.2719811499118805, 0.2388104945421219, 0.1998230665922165, 0.16224455833435059, 0.18193097412586212, 0.14443404972553253, 0.1340932697057724, 0.10715892165899277, 0.09430902451276779, 0.10128617286682129, 0.08829086273908615, 0.07082794606685638, 0.06259873509407043, 0.05783328786492348, 0.06154981255531311, 0.05565132200717926, 0.04446001723408699, 0.04739287868142128, 0.045104507356882095], "train_accs": [0.9996110895049725, 1.0], "dev_accs": [0.9180159342071447, 1.0], "test_accs": [0.10678807947019868, 0.4594370860927152]}