{"loss_data": [2.6593267917633057, 2.190722703933716, 1.9158040285110474, 1.7144924402236938, 1.4229093790054321, 1.1258201599121094, 0.9720517992973328, 0.7055425047874451, 0.5880721807479858, 0.48753780126571655, 0.4016638696193695, 0.3013222813606262, 0.2744785249233246, 0.2098378986120224, 0.19168347120285034, 0.17822957038879395, 0.17418880760669708, 0.15681834518909454, 0.1355566382408142, 0.12001696974039078, 0.1187606230378151, 0.10786765813827515, 0.09191086888313293, 0.07727774232625961, 0.06823915988206863, 0.06566295772790909, 0.06920120865106583, 0.06961578130722046, 0.059308022260665894, 0.04397840425372124], "train_accs": [0.8972720706705928, 1.0], "dev_accs": [0.9049087638139296, 0.9997429966589566], "test_accs": [0.0, 0.31870860927152317]}