{"loss_data": [3.052119255065918, 1.9645441770553589, 1.754468321800232, 1.5465443134307861, 1.3351294994354248, 1.0696347951889038, 1.0136326551437378, 0.8242118954658508, 0.6807448863983154, 0.609880268573761, 0.4317069947719574, 0.3587040305137634, 0.30104702711105347, 0.22167320549488068, 0.19024528563022614, 0.18712924420833588, 0.15438595414161682, 0.1691819429397583, 0.13362303376197815, 0.11935348063707352, 0.11342228204011917, 0.0795612558722496, 0.07930564135313034, 0.07294278591871262, 0.0688842236995697, 0.05618918314576149, 0.05262891948223114, 0.05361945927143097, 0.047230951488018036, 0.04090990126132965], "train_accs": [0.9638313239624423, 0.9996110895049725], "dev_accs": [0.9583654587509638, 0.9994859933179131], "test_accs": [0.10678807947019868, 0.5786423841059603]}