{"loss_data": [2.905144453048706, 2.0034897327423096, 1.9314210414886475, 1.7549371719360352, 1.539393663406372, 1.3100554943084717, 1.133849859237671, 0.8944712281227112, 0.7269420623779297, 0.595254123210907, 0.4920474588871002, 0.39076700806617737, 0.3269555866718292, 0.2852756977081299, 0.25016850233078003, 0.253156453371048, 0.20279476046562195, 0.16062065958976746, 0.16501076519489288, 0.13122670352458954, 0.1385400891304016, 0.12222157418727875, 0.09486749023199081, 0.08154922723770142, 0.06264161318540573, 0.0697455033659935, 0.07275193929672241, 0.07101374119520187, 0.06762941926717758, 0.05815383046865463], "train_accs": [0.9979443302405689, 1.0], "dev_accs": [0.9982009766126959, 1.0], "test_accs": [0.10347682119205298, 0.5960264900662252]}