{"loss_data": [2.6144917011260986, 2.1255600452423096, 2.0284268856048584, 1.9040369987487793, 1.4864767789840698, 1.1005429029464722, 0.8711400628089905, 0.6137021780014038, 0.5102619528770447, 0.36595824360847473, 0.3079499304294586, 0.25917860865592957, 0.22195398807525635, 0.17368465662002563, 0.16013646125793457, 0.14534378051757812, 0.133927583694458, 0.11570296436548233, 0.11618158221244812, 0.07609706372022629, 0.0928194671869278, 0.08783780038356781, 0.07835041731595993, 0.050529200583696365, 0.06149417161941528, 0.05825662612915039, 0.057028498500585556, 0.048663429915905, 0.046866487711668015, 0.04638715088367462], "train_accs": [0.8973831879548864, 1.0], "dev_accs": [0.9059367771781033, 1.0], "test_accs": [0.0, 0.49337748344370863]}