{"loss_data": [2.8638432025909424, 2.12934947013855, 1.885446310043335, 1.7114925384521484, 1.4682588577270508, 1.1705907583236694, 1.0119836330413818, 0.7606173753738403, 0.6012191772460938, 0.5261186957359314, 0.41724175214767456, 0.3288281261920929, 0.26188352704048157, 0.23738262057304382, 0.2187720537185669, 0.19116005301475525, 0.17348624765872955, 0.13788770139217377, 0.13274548947811127, 0.12031891942024231, 0.11106948554515839, 0.08401591330766678, 0.08650268614292145, 0.08124275505542755, 0.06721802055835724, 0.05980636179447174, 0.058781467378139496, 0.0597035214304924, 0.04914423078298569, 0.04719465598464012], "train_accs": [1.0, 1.0], "dev_accs": [0.9997429966589566, 1.0], "test_accs": [0.46357615894039733, 0.7160596026490066]}