{"loss_data": [3.2014801502227783, 2.8640999794006348, 2.652651786804199, 2.4023525714874268, 2.1417741775512695, 1.8247534036636353, 1.5173368453979492, 1.319362998008728, 1.1380983591079712, 0.947564959526062, 0.8198114037513733, 0.6925588250160217, 0.5575523376464844, 0.5058775544166565, 0.4533754587173462, 0.4171321988105774, 0.3488790690898895, 0.30630993843078613, 0.28648826479911804, 0.2746694087982178, 0.19464555382728577, 0.21499867737293243, 0.21333612501621246, 0.18861855566501617, 0.14561210572719574, 0.1479540467262268, 0.13873884081840515, 0.13040105998516083, 0.12328905612230301, 0.11239144951105118], "train_accs": [0.9661647869326073, 1.0], "dev_accs": [0.8206116679516834, 0.9994859933179131], "test_accs": [0.10182119205298014, 0.6986754966887417]}