{"loss_data": [3.389770746231079, 2.8072164058685303, 2.71244215965271, 2.604685068130493, 2.310746669769287, 1.8687297105789185, 1.6071652173995972, 1.3239660263061523, 1.121493935585022, 0.8984593749046326, 0.8029643893241882, 0.6740680932998657, 0.5755969882011414, 0.4659230709075928, 0.4404449164867401, 0.44514378905296326, 0.35688596963882446, 0.32322677969932556, 0.2992783486843109, 0.2676731050014496, 0.22458937764167786, 0.18939286470413208, 0.18361079692840576, 0.14315265417099, 0.1522274762392044, 0.13088394701480865, 0.11983785778284073, 0.09962912648916245, 0.10116536170244217, 0.08994513005018234], "train_accs": [1.0, 1.0], "dev_accs": [0.9925469031097405, 0.9992289899768697], "test_accs": [0.4246688741721854, 0.7251655629139073]}