{"loss_data": [3.5331318378448486, 2.772214889526367, 2.564749240875244, 2.382147789001465, 2.090006113052368, 1.7633975744247437, 1.5431041717529297, 1.2882217168807983, 1.082270860671997, 0.8737289309501648, 0.7644343972206116, 0.6573440432548523, 0.5196614265441895, 0.4412088692188263, 0.37692683935165405, 0.3823046088218689, 0.338294118642807, 0.29338493943214417, 0.28579777479171753, 0.2513469457626343, 0.2035798281431198, 0.1934867799282074, 0.15129317343235016, 0.1700560301542282, 0.13679265975952148, 0.15335732698440552, 0.10994013398885727, 0.12073130905628204, 0.10469642281532288, 0.09925235062837601], "train_accs": [0.9999444413578532, 1.0], "dev_accs": [0.9997429966589566, 1.0], "test_accs": [0.21937086092715233, 0.2897350993377483]}