{"loss_data": [2.9110934734344482, 2.1461315155029297, 2.0456080436706543, 1.8586206436157227, 1.5026819705963135, 1.2323628664016724, 1.0356146097183228, 0.7803646326065063, 0.6897679567337036, 0.5143474340438843, 0.400834321975708, 0.3180500268936157, 0.2665039300918579, 0.22584500908851624, 0.18954098224639893, 0.21089601516723633, 0.17161832749843597, 0.13944555819034576, 0.11263138055801392, 0.10317571461200714, 0.09953059256076813, 0.09364671260118484, 0.08534190058708191, 0.08200367540121078, 0.05370702967047691, 0.07002810388803482, 0.06213050335645676, 0.058034151792526245, 0.051451608538627625, 0.043838489800691605], "train_accs": [0.9941663425745875, 1.0], "dev_accs": [0.9925469031097405, 1.0], "test_accs": [0.009105960264900662, 0.037251655629139076]}