{"loss_data": [2.84818696975708, 2.2510411739349365, 1.9823846817016602, 1.617911458015442, 1.18881356716156, 0.8932176232337952, 0.659614086151123, 0.49177253246307373, 0.4053111672401428, 0.3278394639492035, 0.29826685786247253, 0.23424647748470306, 0.1999591737985611, 0.16335026919841766, 0.1398458629846573, 0.13955119252204895, 0.12629419565200806, 0.12422095984220505, 0.10593479871749878, 0.07568494230508804, 0.08593181520700455, 0.07023289799690247, 0.08031334728002548, 0.054036546498537064, 0.06459474563598633, 0.06149803102016449, 0.05135082080960274, 0.041318200528621674, 0.04662991315126419, 0.049859173595905304], "train_accs": [0.9989999444413579, 1.0], "dev_accs": [0.9987149832947828, 1.0], "test_accs": [0.07698675496688742, 0.10099337748344371]}