{"loss_data": [2.843600273132324, 2.1032934188842773, 2.010385274887085, 1.8992477655410767, 1.6829334497451782, 1.3833976984024048, 1.0528653860092163, 0.7640957236289978, 0.5813177227973938, 0.47049087285995483, 0.3734813630580902, 0.3024289309978485, 0.24691002070903778, 0.19987064599990845, 0.19174399971961975, 0.18534623086452484, 0.16666285693645477, 0.13958971202373505, 0.13741078972816467, 0.09904780983924866, 0.10147261619567871, 0.0917467325925827, 0.09094802290201187, 0.0628914162516594, 0.05646564066410065, 0.06166454032063484, 0.06529730558395386, 0.06912286579608917, 0.040269333869218826, 0.05992814898490906], "train_accs": [0.9989999444413579, 1.0], "dev_accs": [0.9989719866358263, 1.0], "test_accs": [0.14817880794701987, 0.1978476821192053]}