{"loss_data": [3.0848560333251953, 2.6810431480407715, 2.285907745361328, 1.9238994121551514, 1.5786888599395752, 1.3795212507247925, 1.182680368423462, 0.9635840058326721, 0.8242730498313904, 0.7181757092475891, 0.6323564648628235, 0.5681380033493042, 0.4720306098461151, 0.3607635200023651, 0.34772104024887085, 0.3914700448513031, 0.3168174624443054, 0.2872302532196045, 0.28347691893577576, 0.20042294263839722, 0.18666991591453552, 0.17524631321430206, 0.16391724348068237, 0.1656116545200348, 0.1286720633506775, 0.14249008893966675, 0.14087770879268646, 0.11194115877151489, 0.10276541113853455, 0.09510906040668488], "train_accs": [0.999722206789266, 1.0], "dev_accs": [0.9987149832947828, 1.0], "test_accs": [0.12003311258278146, 0.6713576158940397]}