{"loss_data": [2.78454327583313, 2.0297563076019287, 1.9395434856414795, 1.6481224298477173, 1.336335301399231, 1.0341206789016724, 0.8390374779701233, 0.7014625072479248, 0.5863569378852844, 0.5066297650337219, 0.36797386407852173, 0.30013060569763184, 0.26337793469429016, 0.1990300863981247, 0.173557847738266, 0.19178298115730286, 0.14283469319343567, 0.119766965508461, 0.1125992089509964, 0.10351164638996124, 0.08757796138525009, 0.07265859097242355, 0.07421542704105377, 0.053821492940187454, 0.06204524263739586, 0.05616622045636177, 0.04500586912035942, 0.04471118375658989, 0.03767650946974754, 0.030617106705904007], "train_accs": [1.0, 1.0], "dev_accs": [0.9989719866358263, 1.0], "test_accs": [0.060430463576158944, 0.07201986754966887]}