{"loss_data": [3.438326120376587, 2.388256788253784, 2.107105016708374, 1.9297995567321777, 1.7111923694610596, 1.4361069202423096, 1.1613707542419434, 0.8894796371459961, 0.7370919585227966, 0.605978786945343, 0.4749644100666046, 0.384986013174057, 0.32050520181655884, 0.26993328332901, 0.21899576485157013, 0.23154836893081665, 0.1596846878528595, 0.14575845003128052, 0.14798998832702637, 0.11976312100887299, 0.1141449362039566, 0.08919285982847214, 0.08890954405069351, 0.08851969242095947, 0.07139775902032852, 0.06912456452846527, 0.058980684727430344, 0.04764436185359955, 0.05309778451919556, 0.04937948286533356], "train_accs": [0.999722206789266, 1.0], "dev_accs": [0.9997429966589566, 1.0], "test_accs": [0.10099337748344371, 0.2889072847682119]}