{"loss_data": [2.948019504547119, 2.246781587600708, 1.9610730409622192, 1.7379460334777832, 1.3790980577468872, 1.1487548351287842, 0.9783657193183899, 0.7191413640975952, 0.5772314071655273, 0.4435928165912628, 0.3697369694709778, 0.26817938685417175, 0.2150254249572754, 0.19745443761348724, 0.1715002954006195, 0.1913188397884369, 0.13547992706298828, 0.13712330162525177, 0.12625601887702942, 0.08426713198423386, 0.08884233981370926, 0.06239622086286545, 0.08006376773118973, 0.06184395030140877, 0.054343998432159424, 0.052725739777088165, 0.05896272510290146, 0.05472235754132271, 0.04617444798350334, 0.041613057255744934], "train_accs": [0.9981665648091561, 1.0], "dev_accs": [0.9982009766126959, 0.9997429966589566], "test_accs": [0.0, 0.0008278145695364238]}