{"loss_data": [2.8024449348449707, 2.1821162700653076, 1.993278980255127, 1.728274941444397, 1.4283473491668701, 1.1592094898223877, 0.896291196346283, 0.7336328029632568, 0.5975704193115234, 0.5372195243835449, 0.38454920053482056, 0.35198572278022766, 0.28537246584892273, 0.26473569869995117, 0.23336976766586304, 0.2178127020597458, 0.18875350058078766, 0.15669594705104828, 0.14886474609375, 0.12682272493839264, 0.11006125807762146, 0.09561461955308914, 0.09115670621395111, 0.07476004213094711, 0.08992113918066025, 0.09115512669086456, 0.04862484335899353, 0.07055506855249405, 0.06050078570842743, 0.05579783022403717], "train_accs": [0.8849380521140063, 1.0], "dev_accs": [0.8900025700334104, 1.0], "test_accs": [0.0, 0.5091059602649006]}