{"loss_data": [3.1346845626831055, 2.699071168899536, 2.3534739017486572, 2.0540716648101807, 1.7652264833450317, 1.4605432748794556, 1.2632943391799927, 1.0687429904937744, 0.9309768080711365, 0.7868676781654358, 0.7261956930160522, 0.6013073325157166, 0.5179618000984192, 0.4736068844795227, 0.400653600692749, 0.3831145167350769, 0.3943225145339966, 0.28528112173080444, 0.30736762285232544, 0.22472409904003143, 0.2222345769405365, 0.20742134749889374, 0.19221679866313934, 0.17784897983074188, 0.16453267633914948, 0.15149158239364624, 0.11954797804355621, 0.1464059203863144, 0.11008349061012268, 0.1131482645869255], "train_accs": [0.999222179009945, 1.0], "dev_accs": [0.7728090465176047, 0.9737856592135697], "test_accs": [0.04552980132450331, 0.26490066225165565]}