{"loss_data": [3.0458781719207764, 2.684677839279175, 2.422091245651245, 2.0265440940856934, 1.6556885242462158, 1.3775862455368042, 1.1814987659454346, 0.9893966913223267, 0.85975182056427, 0.7608011364936829, 0.6370437145233154, 0.5413699150085449, 0.47865256667137146, 0.34757617115974426, 0.3460085093975067, 0.3349245488643646, 0.29723408818244934, 0.2601057291030884, 0.2492007613182068, 0.23078127205371857, 0.17276255786418915, 0.15746834874153137, 0.16152039170265198, 0.1460253894329071, 0.1349225789308548, 0.1455104947090149, 0.11265770345926285, 0.09556016325950623, 0.09716133028268814, 0.08714000135660172], "train_accs": [0.9999444413578532, 1.0], "dev_accs": [0.8681572860447185, 0.9159599074787972], "test_accs": [0.0, 0.10596026490066225]}