{"loss_data": [3.1211462020874023, 2.1248960494995117, 1.9887871742248535, 1.876769781112671, 1.6277133226394653, 1.3366644382476807, 1.0366239547729492, 0.7565784454345703, 0.6346797347068787, 0.5184387564659119, 0.4096808433532715, 0.35618963837623596, 0.30066031217575073, 0.2547288239002228, 0.21649271249771118, 0.21747513115406036, 0.16148468852043152, 0.16087235510349274, 0.13428521156311035, 0.11393897980451584, 0.11518636345863342, 0.0807264968752861, 0.07726984471082687, 0.06027761846780777, 0.06888779997825623, 0.06104263663291931, 0.06196189299225807, 0.04359591379761696, 0.05573037266731262, 0.040396738797426224], "train_accs": [0.9677204289127174, 0.9998888827157064], "dev_accs": [0.9604214854793113, 1.0], "test_accs": [0.09105960264900662, 0.11589403973509933]}