{"loss_data": [3.1827657222747803, 2.6722826957702637, 2.3694355487823486, 1.9995622634887695, 1.7110925912857056, 1.4605802297592163, 1.195711612701416, 1.015135407447815, 0.8872420787811279, 0.7512176632881165, 0.6471690535545349, 0.5455159544944763, 0.47577372193336487, 0.4267430901527405, 0.3664320111274719, 0.35302525758743286, 0.27124321460723877, 0.2581315338611603, 0.22485926747322083, 0.20537886023521423, 0.18317322432994843, 0.17796705663204193, 0.16865448653697968, 0.13864678144454956, 0.13620294630527496, 0.13524840772151947, 0.1031777560710907, 0.08859037607908249, 0.10188839584589005, 0.09662557393312454], "train_accs": [1.0, 1.0], "dev_accs": [0.9976869699306091, 1.0], "test_accs": [0.4917218543046358, 0.9718543046357616]}