{"loss_data": [3.079000949859619, 2.3431894779205322, 2.0524611473083496, 1.8144421577453613, 1.5067873001098633, 1.1999043226242065, 1.0313853025436401, 0.8126153349876404, 0.6323301196098328, 0.5054993033409119, 0.41543182730674744, 0.3262172341346741, 0.26702335476875305, 0.23583991825580597, 0.2180042266845703, 0.1981327086687088, 0.16427268087863922, 0.14796604216098785, 0.13519778847694397, 0.11766500025987625, 0.10790940374135971, 0.10787937790155411, 0.08738777786493301, 0.07707156985998154, 0.08408445864915848, 0.07084087282419205, 0.054202765226364136, 0.07332175225019455, 0.04910488799214363, 0.04372232034802437], "train_accs": [0.9990555030835047, 0.9999444413578532], "dev_accs": [0.9987149832947828, 0.9994859933179131], "test_accs": [0.09271523178807947, 0.24254966887417218]}