{"loss_data": [2.6569337844848633, 2.015859365463257, 1.8295751810073853, 1.544299840927124, 1.2772287130355835, 1.011368989944458, 0.8511449694633484, 0.7034263014793396, 0.6159409284591675, 0.466531366109848, 0.40087002515792847, 0.35201388597488403, 0.274707168340683, 0.2541094124317169, 0.1888033002614975, 0.21414431929588318, 0.1610051691532135, 0.15057019889354706, 0.14945130050182343, 0.10995233058929443, 0.10730857402086258, 0.10593246668577194, 0.08528538793325424, 0.0680987760424614, 0.06567652523517609, 0.061640363186597824, 0.05942337214946747, 0.0562262237071991, 0.05311569944024086, 0.04765849933028221], "train_accs": [0.9983887993777432, 1.0], "dev_accs": [0.9175019275250579, 1.0], "test_accs": [0.048841059602649006, 0.1382450331125828]}