{"loss_data": [3.721146821975708, 2.921647787094116, 2.655970573425293, 2.377272367477417, 2.056370735168457, 1.7723649740219116, 1.4720458984375, 1.280038833618164, 1.0936858654022217, 0.9834951758384705, 0.7976764440536499, 0.7010419964790344, 0.6010109782218933, 0.48826777935028076, 0.40295305848121643, 0.43678802251815796, 0.3836115002632141, 0.32494860887527466, 0.31464067101478577, 0.2543796896934509, 0.22420014441013336, 0.24078580737113953, 0.19936129450798035, 0.19768346846103668, 0.15012766420841217, 0.1530909240245819, 0.1389545053243637, 0.15194466710090637, 0.11413276195526123, 0.10282375663518906], "train_accs": [0.9964442469026057, 1.0], "dev_accs": [0.8583911590850681, 0.9992289899768697], "test_accs": [0.07450331125827815, 0.6465231788079471]}