{"loss_data": [3.4456868171691895, 2.798532724380493, 2.6009533405303955, 2.328503370285034, 1.9750909805297852, 1.656853437423706, 1.38290274143219, 1.1732393503189087, 0.9947678446769714, 0.8735710382461548, 0.7674404382705688, 0.6813778281211853, 0.5654939413070679, 0.5135947465896606, 0.47807544469833374, 0.46075400710105896, 0.38561442494392395, 0.3264206647872925, 0.30193594098091125, 0.28486013412475586, 0.22762396931648254, 0.21336215734481812, 0.1893993765115738, 0.1730685532093048, 0.15678603947162628, 0.17652016878128052, 0.13199590146541595, 0.13925489783287048, 0.09880783408880234, 0.09556107223033905], "train_accs": [0.9991110617256515, 1.0], "dev_accs": [0.9858648162426111, 1.0], "test_accs": [0.3435430463576159, 1.0]}