{"loss_data": [3.5604236125946045, 2.046764612197876, 1.8913440704345703, 1.620484709739685, 1.3000870943069458, 1.075452446937561, 0.8480497598648071, 0.6347395777702332, 0.4830045700073242, 0.38893452286720276, 0.2966846227645874, 0.26745930314064026, 0.20301350951194763, 0.18723982572555542, 0.167841836810112, 0.15949390828609467, 0.13973572850227356, 0.1301887184381485, 0.12723997235298157, 0.10578311234712601, 0.08193537592887878, 0.08737988770008087, 0.0643569603562355, 0.06551029533147812, 0.06850700080394745, 0.06745705008506775, 0.058980099856853485, 0.06624738872051239, 0.054396796971559525, 0.0459282323718071], "train_accs": [0.9981665648091561, 1.0], "dev_accs": [0.916987920842971, 1.0], "test_accs": [0.0, 0.0041390728476821195]}