{"loss_data": [3.493997812271118, 2.9008564949035645, 2.674485683441162, 2.31711745262146, 1.9431146383285522, 1.5559704303741455, 1.2663692235946655, 1.0724023580551147, 0.8822001218795776, 0.8053467273712158, 0.6379873156547546, 0.5200549960136414, 0.4758191406726837, 0.4422565996646881, 0.34358036518096924, 0.32075241208076477, 0.29855695366859436, 0.24499964714050293, 0.2417209893465042, 0.19290493428707123, 0.162440687417984, 0.15243157744407654, 0.14570218324661255, 0.12345524877309799, 0.10550390183925629, 0.11402589827775955, 0.09569902718067169, 0.08613653481006622, 0.08716009557247162, 0.07350620627403259], "train_accs": [1.0, 1.0], "dev_accs": [0.9578514520688769, 0.9994859933179131], "test_accs": [0.11423841059602649, 0.3882450331125828]}