{"loss_data": [2.724541664123535, 2.132514715194702, 1.7662910223007202, 1.430075764656067, 1.105591893196106, 0.9069622755050659, 0.7834639549255371, 0.6568716764450073, 0.49923956394195557, 0.43655648827552795, 0.3460971415042877, 0.3093023896217346, 0.24389006197452545, 0.24055351316928864, 0.20153570175170898, 0.17970159649848938, 0.14657574892044067, 0.15290440618991852, 0.12776418030261993, 0.11079102754592896, 0.11204805225133896, 0.0773235484957695, 0.09409809112548828, 0.06804408133029938, 0.07382962107658386, 0.06250043958425522, 0.06281866133213043, 0.05493581295013428, 0.05653081089258194, 0.04569368064403534], "train_accs": [0.8609367187065948, 0.9995555308628257], "dev_accs": [0.8617322025186327, 0.9989719866358263], "test_accs": [0.0, 0.34602649006622516]}