{"loss_data": [2.6589088439941406, 2.1513047218322754, 2.0176827907562256, 1.9763710498809814, 1.8044190406799316, 1.409540057182312, 1.1927891969680786, 0.9421019554138184, 0.6993422508239746, 0.5496551394462585, 0.43733105063438416, 0.3443058133125305, 0.26463234424591064, 0.2656162977218628, 0.17870000004768372, 0.1858118772506714, 0.15042726695537567, 0.1348489671945572, 0.11984258890151978, 0.10057161748409271, 0.10627992451190948, 0.08316811919212341, 0.08387307822704315, 0.057751622051000595, 0.06141192838549614, 0.07137720286846161, 0.07109106332063675, 0.05998973920941353, 0.053268417716026306, 0.051334917545318604], "train_accs": [0.9784988054891939, 1.0], "dev_accs": [0.9781547160113081, 1.0], "test_accs": [0.06456953642384106, 0.4271523178807947]}