{"loss_data": [3.5596489906311035, 2.759220838546753, 2.562695026397705, 2.170078754425049, 1.8118195533752441, 1.5701899528503418, 1.3786054849624634, 1.217716097831726, 0.9667764902114868, 0.8349785804748535, 0.6976175904273987, 0.6544961929321289, 0.5534358024597168, 0.46803948283195496, 0.42566627264022827, 0.409588098526001, 0.3505324125289917, 0.30084604024887085, 0.28736570477485657, 0.2621062695980072, 0.21614710986614227, 0.20867449045181274, 0.19108755886554718, 0.17390187084674835, 0.16464798152446747, 0.1360825002193451, 0.12060655653476715, 0.1251228004693985, 0.11429686099290848, 0.10743863135576248], "train_accs": [0.9998333240735596, 1.0], "dev_accs": [0.9002827036751477, 1.0], "test_accs": [0.4139072847682119, 1.0]}