{"loss_data": [3.37567400932312, 2.868856191635132, 2.494706392288208, 2.2363996505737305, 1.9712928533554077, 1.7236602306365967, 1.43464195728302, 1.3028088808059692, 1.1021168231964111, 0.9116698503494263, 0.7729432582855225, 0.766316831111908, 0.5959468483924866, 0.47054144740104675, 0.4359354078769684, 0.43077218532562256, 0.43770891427993774, 0.32741087675094604, 0.3137679994106293, 0.2672150135040283, 0.24618372321128845, 0.1980861872434616, 0.19792360067367554, 0.17713198065757751, 0.15989218652248383, 0.14652951061725616, 0.12047183513641357, 0.1141737774014473, 0.11965025961399078, 0.12334800511598587], "train_accs": [0.999722206789266, 1.0], "dev_accs": [0.6885119506553585, 0.9560524286815728], "test_accs": [0.0008278145695364238, 0.7913907284768212]}