{"loss_data": [2.2222135066986084, 1.8840521574020386, 1.5494167804718018, 1.3832558393478394, 1.070541501045227, 0.9025774002075195, 0.709688663482666, 0.4733315408229828, 0.39154499769210815, 0.32505303621292114, 0.24823813140392303, 0.23666507005691528, 0.15861116349697113, 0.13458335399627686, 0.12273607403039932, 0.11512972414493561, 0.10250131040811539, 0.10183462500572205, 0.09385058283805847, 0.06526609510183334, 0.06536905467510223, 0.05289657413959503, 0.06358373910188675, 0.04397043585777283, 0.04675837606191635, 0.05081905797123909, 0.04282873123884201, 0.0590074248611927, 0.04319291561841965, 0.03116355836391449], "train_accs": [0.9988888271570643, 1.0], "dev_accs": [0.9997429966589566, 1.0], "test_accs": [0.052980132450331126, 0.1771523178807947]}