{"loss_data": [3.178086042404175, 2.6820297241210938, 2.4186387062072754, 2.0227081775665283, 1.7173444032669067, 1.477880835533142, 1.2774686813354492, 1.044249415397644, 0.9262948632240295, 0.7694116234779358, 0.6199276447296143, 0.5394046306610107, 0.47331473231315613, 0.3622938096523285, 0.3543449640274048, 0.3638554513454437, 0.29617494344711304, 0.2743948698043823, 0.24970388412475586, 0.20496158301830292, 0.18080072104930878, 0.17831897735595703, 0.14536161720752716, 0.16352559626102448, 0.1271895319223404, 0.12854696810245514, 0.10616804659366608, 0.11546453833580017, 0.10454199463129044, 0.09084057062864304], "train_accs": [1.0, 1.0], "dev_accs": [0.9714726291441789, 1.0], "test_accs": [0.08112582781456953, 0.173841059602649]}