{"loss_data": [2.8829429149627686, 1.964231014251709, 1.7251402139663696, 1.564937710762024, 1.2761991024017334, 1.0705496072769165, 0.9520730972290039, 0.7018834948539734, 0.6093050241470337, 0.5130051970481873, 0.4198755621910095, 0.3917708396911621, 0.31240370869636536, 0.288076251745224, 0.24398694932460785, 0.23747771978378296, 0.19207315146923065, 0.17483742535114288, 0.1583072692155838, 0.13028830289840698, 0.12737895548343658, 0.10671088099479675, 0.08546801656484604, 0.08189357817173004, 0.0844920352101326, 0.08195701241493225, 0.06050653010606766, 0.06806079298257828, 0.055690281093120575, 0.0543052963912487], "train_accs": [0.9824434690816156, 1.0], "dev_accs": [0.9807247494217425, 1.0], "test_accs": [0.0008278145695364238, 0.022350993377483443]}