{"loss_data": [3.438124179840088, 2.7808544635772705, 2.6245434284210205, 2.37809419631958, 2.121352195739746, 1.8397687673568726, 1.4983004331588745, 1.2510359287261963, 1.0435134172439575, 0.8763313889503479, 0.7896479368209839, 0.6953164339065552, 0.5786169767379761, 0.49124783277511597, 0.44829362630844116, 0.40526315569877625, 0.3762912154197693, 0.30485114455223083, 0.29039090871810913, 0.2521328032016754, 0.24609947204589844, 0.19980214536190033, 0.18372951447963715, 0.16962561011314392, 0.1488124430179596, 0.14066927134990692, 0.1429682821035385, 0.11113493889570236, 0.09777436405420303, 0.10350450873374939], "train_accs": [0.9862770153897439, 1.0], "dev_accs": [0.9804677460806991, 1.0], "test_accs": [0.8402317880794702, 0.9933774834437086]}