{"loss_data": [3.301758050918579, 2.7525830268859863, 2.477550745010376, 2.162365198135376, 1.855707049369812, 1.628699541091919, 1.4174011945724487, 1.220310091972351, 1.0868377685546875, 0.9002168774604797, 0.7913557291030884, 0.6668695211410522, 0.5432988405227661, 0.480743944644928, 0.46793821454048157, 0.41487497091293335, 0.3832958936691284, 0.3310207426548004, 0.3040497899055481, 0.2500004768371582, 0.2380305379629135, 0.22281894087791443, 0.19816318154335022, 0.1533595472574234, 0.15207917988300323, 0.13516731560230255, 0.13932055234909058, 0.11577340960502625, 0.11751193553209305, 0.1212768703699112], "train_accs": [1.0, 1.0], "dev_accs": [0.9868928296067849, 1.0], "test_accs": [0.3162251655629139, 0.9312913907284768]}