{"loss_data": [3.2725579738616943, 2.722317934036255, 2.4560773372650146, 2.226271629333496, 1.9062376022338867, 1.7046685218811035, 1.4748454093933105, 1.2002124786376953, 1.0147207975387573, 0.8525799512863159, 0.7129220366477966, 0.6135134696960449, 0.5187533497810364, 0.45635297894477844, 0.41412439942359924, 0.3921937346458435, 0.34865617752075195, 0.3106689453125, 0.25127094984054565, 0.22865484654903412, 0.20685477554798126, 0.18432052433490753, 0.1786917895078659, 0.13723160326480865, 0.1562574952840805, 0.13455569744110107, 0.11465899646282196, 0.12951502203941345, 0.09668111801147461, 0.0892581194639206], "train_accs": [0.9996110895049725, 1.0], "dev_accs": [0.986378822924698, 1.0], "test_accs": [0.4461920529801324, 0.9379139072847682]}