{"loss_data": [2.530487298965454, 2.034271240234375, 1.7206765413284302, 1.3762352466583252, 1.128998875617981, 0.8714032769203186, 0.7380631566047668, 0.6071007251739502, 0.4778844714164734, 0.37266242504119873, 0.3168288767337799, 0.24373915791511536, 0.22528445720672607, 0.1886242777109146, 0.14452888071537018, 0.14424297213554382, 0.12647436559200287, 0.10863548517227173, 0.10381033271551132, 0.08923216164112091, 0.08514798432588577, 0.07041081041097641, 0.06119663640856743, 0.05868358165025711, 0.05705246329307556, 0.05004163458943367, 0.04939887300133705, 0.04940563067793846, 0.034059349447488785, 0.032175689935684204], "train_accs": [0.9998333240735596, 1.0], "dev_accs": [0.9989719866358263, 0.9997429966589566], "test_accs": [0.18460264900662252, 0.6548013245033113]}