{"loss_data": [3.4021849632263184, 2.7452762126922607, 2.6340935230255127, 2.3408091068267822, 1.9808231592178345, 1.7663469314575195, 1.4056551456451416, 1.1908570528030396, 1.0199133157730103, 0.79189532995224, 0.6934143900871277, 0.6361037492752075, 0.5063093900680542, 0.41802290081977844, 0.36246952414512634, 0.370832234621048, 0.3419649600982666, 0.28766655921936035, 0.2729431986808777, 0.21711887419223785, 0.19979891180992126, 0.18570761382579803, 0.18175850808620453, 0.1388607621192932, 0.14769935607910156, 0.11808834224939346, 0.1232815608382225, 0.12147410213947296, 0.09856878221035004, 0.11209537088871002], "train_accs": [0.9982776820934496, 1.0], "dev_accs": [0.9537393986121819, 1.0], "test_accs": [0.21109271523178808, 0.6879139072847682]}