{"loss_data": [3.21121883392334, 2.076218366622925, 1.8713116645812988, 1.6769133806228638, 1.4173115491867065, 1.1061688661575317, 0.8881861567497253, 0.6119109392166138, 0.4814070165157318, 0.3828403651714325, 0.332520455121994, 0.2751334607601166, 0.2201176881790161, 0.19583110511302948, 0.16094140708446503, 0.16107526421546936, 0.15156041085720062, 0.1356009989976883, 0.1107700914144516, 0.09551641345024109, 0.07369032502174377, 0.0721312090754509, 0.07245469093322754, 0.047623321413993835, 0.05360779911279678, 0.05887826904654503, 0.057589564472436905, 0.048952702432870865, 0.046679578721523285, 0.03937961906194687], "train_accs": [0.9996110895049725, 1.0], "dev_accs": [0.9994859933179131, 1.0], "test_accs": [0.14072847682119205, 0.4652317880794702]}