{"loss_data": [2.9327645301818848, 2.2148165702819824, 2.0253102779388428, 1.700974702835083, 1.3932826519012451, 1.1774581670761108, 0.9791411757469177, 0.7764348387718201, 0.6549537777900696, 0.525017499923706, 0.39015695452690125, 0.3381105065345764, 0.2815941572189331, 0.2432975471019745, 0.20057344436645508, 0.20835363864898682, 0.17377589643001556, 0.14699438214302063, 0.14584948122501373, 0.10266871750354767, 0.11458037793636322, 0.09110330045223236, 0.08537843823432922, 0.05776839703321457, 0.06568729132413864, 0.06957836449146271, 0.05828547105193138, 0.0576496496796608, 0.053732048720121384, 0.047715213149785995], "train_accs": [0.8963831323962442, 1.0], "dev_accs": [0.9036237471087124, 1.0], "test_accs": [0.0, 0.11920529801324503]}