{"loss_data": [3.1393094062805176, 2.1087803840637207, 1.8413095474243164, 1.5477899312973022, 1.1874760389328003, 0.9713111519813538, 0.7412503361701965, 0.6458466649055481, 0.4937974810600281, 0.425252765417099, 0.32829636335372925, 0.30111655592918396, 0.25019434094429016, 0.2124653309583664, 0.1919117569923401, 0.19951272010803223, 0.14803148806095123, 0.1425205022096634, 0.11527750641107559, 0.10131393373012543, 0.09532938152551651, 0.08716659247875214, 0.0793653279542923, 0.07067544758319855, 0.05686786398291588, 0.06630562990903854, 0.060766804963350296, 0.06207425892353058, 0.04794510081410408, 0.046367477625608444], "train_accs": [0.994277459858881, 0.9986110339463303], "dev_accs": [0.9935749164739142, 0.9976869699306091], "test_accs": [0.12086092715231789, 0.21771523178807947]}