{"loss_data": [3.216294288635254, 2.733112335205078, 2.566239595413208, 2.1849606037139893, 1.9125880002975464, 1.642615556716919, 1.3368465900421143, 1.1573606729507446, 0.9739054441452026, 0.8565486073493958, 0.7800650000572205, 0.6396258473396301, 0.5398204922676086, 0.4484390616416931, 0.4229951500892639, 0.4031723439693451, 0.36756131052970886, 0.30016571283340454, 0.28524380922317505, 0.2293083816766739, 0.19475391507148743, 0.17614172399044037, 0.14808888733386993, 0.18200621008872986, 0.14192336797714233, 0.12889845669269562, 0.10662868618965149, 0.0965171754360199, 0.10229318588972092, 0.09277710318565369], "train_accs": [0.9943885771431746, 1.0], "dev_accs": [0.9545104086353122, 0.995887946543305], "test_accs": [0.28228476821192056, 0.8981788079470199]}