{"loss_data": [2.3741939067840576, 1.8751205205917358, 1.4990144968032837, 1.1679680347442627, 0.9151492714881897, 0.7464901208877563, 0.6478384733200073, 0.5244936347007751, 0.4367166757583618, 0.36186832189559937, 0.2890574038028717, 0.2599961757659912, 0.2137547731399536, 0.21331126987934113, 0.16329431533813477, 0.17783039808273315, 0.15478190779685974, 0.12239321321249008, 0.13000188767910004, 0.0978173241019249, 0.10070079565048218, 0.0920361876487732, 0.07666678726673126, 0.058748435229063034, 0.062109656631946564, 0.06520701199769974, 0.05116109922528267, 0.04712953045964241, 0.04889228940010071, 0.040813520550727844], "train_accs": [0.8945496972054003, 0.9993888549363854], "dev_accs": [0.9023387304034952, 0.9994859933179131], "test_accs": [0.0, 0.15894039735099338]}