{"loss_data": [2.8584811687469482, 2.0258731842041016, 1.6825767755508423, 1.4212639331817627, 1.102196216583252, 0.880532443523407, 0.7413318753242493, 0.5448216795921326, 0.42867201566696167, 0.354258269071579, 0.3180241584777832, 0.2580670416355133, 0.21746449172496796, 0.1796366572380066, 0.16000227630138397, 0.15097585320472717, 0.14040492475032806, 0.12133605778217316, 0.11288121342658997, 0.08307908475399017, 0.08015413582324982, 0.08146712929010391, 0.06613954156637192, 0.06355537474155426, 0.05877481773495674, 0.06154492497444153, 0.053968798369169235, 0.060663096606731415, 0.04784171283245087, 0.03505339100956917], "train_accs": [0.9978887715984222, 1.0], "dev_accs": [0.9974299665895656, 1.0], "test_accs": [0.1382450331125828, 0.396523178807947]}