{"loss_data": [3.4154818058013916, 2.759317636489868, 2.637803554534912, 2.417142629623413, 2.0882792472839355, 1.7057381868362427, 1.4215474128723145, 1.2367764711380005, 1.0833193063735962, 0.9389808177947998, 0.7158576846122742, 0.631793200969696, 0.5895592570304871, 0.40445640683174133, 0.3740716874599457, 0.41481032967567444, 0.37179720401763916, 0.2899685204029083, 0.31384289264678955, 0.2601320445537567, 0.20244677364826202, 0.20302492380142212, 0.15015077590942383, 0.1651347428560257, 0.15740908682346344, 0.14198680222034454, 0.10921481251716614, 0.10121911019086838, 0.10604137927293777, 0.10302674025297165], "train_accs": [1.0, 1.0], "dev_accs": [0.9997429966589566, 1.0], "test_accs": [0.0024834437086092716, 0.10844370860927152]}