{"loss_data": [2.9990394115448, 2.0451700687408447, 1.90092933177948, 1.6937205791473389, 1.3884698152542114, 1.117475986480713, 0.861352264881134, 0.743524968624115, 0.6000701785087585, 0.466330349445343, 0.38318273425102234, 0.3147951364517212, 0.27652600407600403, 0.23419485986232758, 0.1939367651939392, 0.21058404445648193, 0.18378837406635284, 0.15089327096939087, 0.15531113743782043, 0.12682783603668213, 0.11495150625705719, 0.09934898465871811, 0.08562077581882477, 0.0760069340467453, 0.06866537034511566, 0.06174740195274353, 0.07515744864940643, 0.05144336819648743, 0.06602443754673004, 0.0582064688205719], "train_accs": [0.9764986943719095, 0.9976109783876882], "dev_accs": [0.9737856592135697, 0.9920328964276536], "test_accs": [0.008278145695364239, 0.125]}