{"loss_data": [3.186689615249634, 2.699439764022827, 2.411292791366577, 2.165332555770874, 1.9285341501235962, 1.7233128547668457, 1.4615869522094727, 1.2119470834732056, 1.0988837480545044, 0.8694978356361389, 0.7661396265029907, 0.6917112469673157, 0.6018851399421692, 0.4517899751663208, 0.42520615458488464, 0.41810446977615356, 0.3791828453540802, 0.3162747025489807, 0.3142429292201996, 0.26312947273254395, 0.27188313007354736, 0.20158742368221283, 0.19150687754154205, 0.18168510496616364, 0.18198195099830627, 0.1570511907339096, 0.1294773370027542, 0.11691392958164215, 0.1264149695634842, 0.09159444272518158], "train_accs": [0.9951663981332296, 1.0], "dev_accs": [0.9742996658956566, 1.0], "test_accs": [0.29387417218543044, 0.7764900662251656]}