{"loss_data": [3.3116586208343506, 2.721590280532837, 2.4384961128234863, 2.0666098594665527, 1.7317179441452026, 1.4952713251113892, 1.2872722148895264, 1.134168028831482, 0.9983083009719849, 0.8483033776283264, 0.7457893490791321, 0.6127566695213318, 0.5505664348602295, 0.500164270401001, 0.36533036828041077, 0.399050772190094, 0.3522801697254181, 0.3115617036819458, 0.26125368475914, 0.22850194573402405, 0.22502447664737701, 0.18761640787124634, 0.1748301386833191, 0.15681874752044678, 0.1294262707233429, 0.12544363737106323, 0.13289567828178406, 0.09143100678920746, 0.09014912694692612, 0.09074939787387848], "train_accs": [0.9999444413578532, 1.0], "dev_accs": [0.995887946543305, 0.9994859933179131], "test_accs": [0.38576158940397354, 0.8981788079470199]}