{"loss_data": [3.318295955657959, 2.8271408081054688, 2.663980007171631, 2.5203537940979004, 2.2477333545684814, 1.9946407079696655, 1.7470602989196777, 1.4744820594787598, 1.229019284248352, 1.061201572418213, 0.8588107824325562, 0.7258023023605347, 0.6193338632583618, 0.6034199595451355, 0.47827577590942383, 0.47062793374061584, 0.4386363625526428, 0.33073925971984863, 0.3300553262233734, 0.28519207239151, 0.24521051347255707, 0.20633713901042938, 0.19246645271778107, 0.18906837701797485, 0.17029689252376556, 0.13859540224075317, 0.1313508301973343, 0.12938091158866882, 0.0965297669172287, 0.12857545912265778], "train_accs": [0.9998888827157064, 1.0], "dev_accs": [0.9054227704960165, 0.9992289899768697], "test_accs": [0.006622516556291391, 0.01903973509933775]}