{"loss_data": [2.7000749111175537, 2.061713933944702, 1.9216845035552979, 1.6770161390304565, 1.3442208766937256, 1.1053481101989746, 0.9084101915359497, 0.6661270260810852, 0.56150883436203, 0.4534972012042999, 0.38283246755599976, 0.3278236985206604, 0.2685392200946808, 0.22678877413272858, 0.21176208555698395, 0.20055131614208221, 0.1661778688430786, 0.1760493814945221, 0.12928323447704315, 0.10881301015615463, 0.09235385805368423, 0.08563263714313507, 0.07084120810031891, 0.07183211296796799, 0.07023530453443527, 0.057895589619874954, 0.05911490321159363, 0.08077853173017502, 0.051406338810920715, 0.03817707672715187], "train_accs": [0.8927162620145563, 1.0], "dev_accs": [0.9020817270624518, 1.0], "test_accs": [0.004966887417218543, 0.46274834437086093]}