{"loss_data": [2.588740825653076, 2.000654935836792, 1.7893896102905273, 1.4504607915878296, 1.15059232711792, 0.8885266184806824, 0.6872020959854126, 0.5077866911888123, 0.4369327425956726, 0.37464645504951477, 0.28619614243507385, 0.2386368364095688, 0.23213830590248108, 0.19479762017726898, 0.1678159534931183, 0.1743444800376892, 0.13148784637451172, 0.13023492693901062, 0.12943671643733978, 0.0944804847240448, 0.0885261669754982, 0.0853523388504982, 0.07371047139167786, 0.055886875838041306, 0.05183924734592438, 0.06474622339010239, 0.06422405689954758, 0.0476730652153492, 0.05359439179301262, 0.04400414228439331], "train_accs": [0.8961608978276571, 1.0], "dev_accs": [0.9984579799537394, 1.0], "test_accs": [0.08195364238410596, 0.3344370860927152]}