{"loss_data": [2.810960531234741, 2.086503505706787, 1.6976566314697266, 1.3741087913513184, 1.0987099409103394, 0.7933443784713745, 0.6803887486457825, 0.5598478317260742, 0.4640792906284332, 0.37384435534477234, 0.32783129811286926, 0.2794353663921356, 0.2119997888803482, 0.19267185032367706, 0.17033931612968445, 0.16877910494804382, 0.14161528646945953, 0.11789343506097794, 0.14254151284694672, 0.10330149531364441, 0.09919683635234833, 0.10365982353687286, 0.06918072700500488, 0.06423549354076385, 0.07467706501483917, 0.0555410273373127, 0.057867519557476044, 0.06469707190990448, 0.049525316804647446, 0.06032915413379669], "train_accs": [0.8984388021556753, 1.0], "dev_accs": [0.9067077872012336, 1.0], "test_accs": [0.0, 0.060430463576158944]}