{"loss_data": [3.0667901039123535, 2.14638352394104, 1.9679406881332397, 1.8563798666000366, 1.582544207572937, 1.31388521194458, 1.118558406829834, 0.920772910118103, 0.790334165096283, 0.6400842070579529, 0.5536385774612427, 0.5142357349395752, 0.37922975420951843, 0.33345282077789307, 0.28867533802986145, 0.2763068675994873, 0.2551365792751312, 0.2085498720407486, 0.1919352412223816, 0.17414912581443787, 0.16063158214092255, 0.13371305167675018, 0.12264471501111984, 0.08728250116109848, 0.09134754538536072, 0.08602452278137207, 0.08066948503255844, 0.09284797310829163, 0.06068337708711624, 0.05597161874175072], "train_accs": [0.8930496138674371, 1.0], "dev_accs": [0.8971986635826266, 1.0], "test_accs": [0.0, 0.0008278145695364238]}