{"loss_data": [3.191364288330078, 2.5387604236602783, 2.227437973022461, 1.9769190549850464, 1.6779512166976929, 1.5188443660736084, 1.2449405193328857, 1.1102652549743652, 0.981049120426178, 0.8028882145881653, 0.7005388736724854, 0.6168355345726013, 0.5370358824729919, 0.4938298165798187, 0.3933495283126831, 0.38158056139945984, 0.35092511773109436, 0.3151087164878845, 0.3183232247829437, 0.25450631976127625, 0.2031511515378952, 0.18881799280643463, 0.20923763513565063, 0.1664191484451294, 0.1631830632686615, 0.17078326642513275, 0.1484600454568863, 0.11491268873214722, 0.11072780191898346, 0.11027966439723969], "train_accs": [0.9953886327018168, 1.0], "dev_accs": [0.9755846826008738, 1.0], "test_accs": [0.27897350993377484, 0.3675496688741722]}