{"loss_data": [2.958515167236328, 2.151280164718628, 2.001495122909546, 1.8481311798095703, 1.5739613771438599, 1.306377649307251, 1.062981128692627, 0.7952543497085571, 0.5697309970855713, 0.4585726857185364, 0.3734941780567169, 0.29437127709388733, 0.23179154098033905, 0.19585637748241425, 0.1776910275220871, 0.17365819215774536, 0.13656584918498993, 0.13040481507778168, 0.12479521334171295, 0.08555479347705841, 0.10617019236087799, 0.08990643173456192, 0.07311227917671204, 0.059213925153017044, 0.055172305554151535, 0.0479498915374279, 0.06722654402256012, 0.053588949143886566, 0.04526223614811897, 0.04587867110967636], "train_accs": [0.9909439413300739, 0.9996666481471193], "dev_accs": [0.9894628630172192, 0.9989719866358263], "test_accs": [0.12003311258278146, 0.2814569536423841]}