{"loss_data": [2.6518430709838867, 2.0473570823669434, 1.810082197189331, 1.582382321357727, 1.2858953475952148, 1.0980195999145508, 0.8353481292724609, 0.6725907921791077, 0.5720852613449097, 0.47663044929504395, 0.37075546383857727, 0.30907830595970154, 0.2393578290939331, 0.2153373509645462, 0.1985488086938858, 0.16982901096343994, 0.1501227617263794, 0.13923464715480804, 0.12210579216480255, 0.09762450307607651, 0.09478159993886948, 0.10623960942029953, 0.08290019631385803, 0.08319253474473953, 0.08144047856330872, 0.0725422352552414, 0.0682152658700943, 0.058132003992795944, 0.05060005560517311, 0.03794592618942261], "train_accs": [1.0, 1.0], "dev_accs": [0.9997429966589566, 1.0], "test_accs": [0.02152317880794702, 0.30132450331125826]}