{"loss_data": [2.796596050262451, 2.069122314453125, 1.8798375129699707, 1.5728999376296997, 1.3209316730499268, 1.0713660717010498, 0.9040539264678955, 0.749231219291687, 0.6294501423835754, 0.5566048622131348, 0.4472694993019104, 0.3928900361061096, 0.343861848115921, 0.3103569447994232, 0.25838911533355713, 0.24110840260982513, 0.1787719875574112, 0.19423091411590576, 0.15405024588108063, 0.13912220299243927, 0.11771611869335175, 0.10588398575782776, 0.10652930289506912, 0.093672014772892, 0.07748724520206451, 0.08190249651670456, 0.06533277034759521, 0.055729590356349945, 0.054142408072948456, 0.05208752304315567], "train_accs": [0.8711039502194566, 0.9997777654314128], "dev_accs": [0.8514520688768954, 0.9928039064507839], "test_accs": [0.0, 0.1183774834437086]}