{"loss_data": [3.1689260005950928, 2.0744271278381348, 1.8208091259002686, 1.6185808181762695, 1.3348461389541626, 1.0736156702041626, 0.9202221035957336, 0.7007614970207214, 0.5538353323936462, 0.4557873606681824, 0.3931373357772827, 0.30320388078689575, 0.2616567611694336, 0.21903017163276672, 0.19120457768440247, 0.1839536875486374, 0.16319365799427032, 0.14805708825588226, 0.14133937656879425, 0.10022419691085815, 0.11336378753185272, 0.08654659241437912, 0.0954570472240448, 0.07152093946933746, 0.07185299694538116, 0.07423441112041473, 0.05901448056101799, 0.05844424292445183, 0.0660431832075119, 0.042519085109233856], "train_accs": [0.9956108672704039, 1.0], "dev_accs": [0.9953739398612182, 1.0], "test_accs": [0.005794701986754967, 0.019867549668874173]}