{"loss_data": [3.3293163776397705, 2.7645740509033203, 2.5288422107696533, 2.1973021030426025, 1.8896664381027222, 1.6735849380493164, 1.3420130014419556, 1.2103253602981567, 0.9970596432685852, 0.8669314980506897, 0.7231842875480652, 0.6160774230957031, 0.5044424533843994, 0.4202677011489868, 0.3944236934185028, 0.3957667648792267, 0.3444301187992096, 0.28336405754089355, 0.25044459104537964, 0.2275889366865158, 0.19095098972320557, 0.2002352625131607, 0.1938348412513733, 0.14508718252182007, 0.13665208220481873, 0.13172179460525513, 0.12438692897558212, 0.08731717616319656, 0.09344958513975143, 0.10434584319591522], "train_accs": [0.9998888827157064, 1.0], "dev_accs": [0.9884348496530455, 1.0], "test_accs": [0.3485099337748344, 0.6655629139072847]}