{"loss_data": [2.8660266399383545, 2.0805916786193848, 1.9315911531448364, 1.7123082876205444, 1.277848482131958, 1.0106099843978882, 0.8568567633628845, 0.6472600102424622, 0.49605533480644226, 0.4263515770435333, 0.3249853253364563, 0.2827281355857849, 0.2353222370147705, 0.20446506142616272, 0.18689550459384918, 0.167277529835701, 0.15663295984268188, 0.15832839906215668, 0.10893738269805908, 0.10409074276685715, 0.10596325248479843, 0.08179429173469543, 0.08042289316654205, 0.06209235638380051, 0.06620493531227112, 0.05603611096739769, 0.06543741375207901, 0.05361991375684738, 0.05771411210298538, 0.06036562845110893], "train_accs": [0.9958886604811379, 1.0], "dev_accs": [0.9912618864045233, 1.0], "test_accs": [0.013245033112582781, 0.2905629139072848]}