{"loss_data": [3.2739925384521484, 2.739424228668213, 2.451056957244873, 2.2095131874084473, 1.8381366729736328, 1.6264890432357788, 1.3725837469100952, 1.130806565284729, 0.9839585423469543, 0.8869961500167847, 0.7064217329025269, 0.5988268256187439, 0.5521445274353027, 0.4794921875, 0.42419296503067017, 0.34763848781585693, 0.366838663816452, 0.3290543258190155, 0.2874181568622589, 0.25164395570755005, 0.221297025680542, 0.19966217875480652, 0.19078224897384644, 0.17723891139030457, 0.16046100854873657, 0.1493874043226242, 0.13260680437088013, 0.11804085224866867, 0.12571392953395844, 0.11485142260789871], "train_accs": [0.9966109228290461, 1.0], "dev_accs": [0.9930609097918273, 1.0], "test_accs": [0.5496688741721855, 1.0]}