{"loss_data": [2.643549919128418, 2.0674798488616943, 1.7515896558761597, 1.495872139930725, 1.2236167192459106, 0.9588492512702942, 0.7480332851409912, 0.5974506139755249, 0.4998682141304016, 0.3891301155090332, 0.34585168957710266, 0.304089218378067, 0.2468189150094986, 0.21090687811374664, 0.20853424072265625, 0.17645561695098877, 0.17168451845645905, 0.12627610564231873, 0.13321834802627563, 0.10040227323770523, 0.11342121660709381, 0.09754890948534012, 0.09147148579359055, 0.06985420733690262, 0.06514901667833328, 0.06830094009637833, 0.05973280966281891, 0.05874357745051384, 0.05375977233052254, 0.049173735082149506], "train_accs": [0.9804989166064781, 0.999222179009945], "dev_accs": [0.9799537393986122, 0.9987149832947828], "test_accs": [0.09437086092715231, 0.10016556291390728]}