{"loss_data": [2.6050617694854736, 2.036731719970703, 1.8814250230789185, 1.638146996498108, 1.4052642583847046, 1.0426591634750366, 0.856278121471405, 0.6423406600952148, 0.4941611588001251, 0.36422261595726013, 0.3298425078392029, 0.25899600982666016, 0.1966945081949234, 0.1935606300830841, 0.159133642911911, 0.1461665779352188, 0.13359196484088898, 0.11330225318670273, 0.10427640378475189, 0.09229394048452377, 0.08811649680137634, 0.0952892079949379, 0.0676766186952591, 0.0604088194668293, 0.060404397547245026, 0.04479818791151047, 0.047080717980861664, 0.05026942864060402, 0.04804565757513046, 0.04223976656794548], "train_accs": [0.9930551697316518, 1.0], "dev_accs": [0.9925469031097405, 1.0], "test_accs": [0.062086092715231786, 0.29387417218543044]}