{"loss_data": [3.302884817123413, 2.7397897243499756, 2.455099105834961, 2.2099952697753906, 1.902006983757019, 1.6663190126419067, 1.3817062377929688, 1.2239080667495728, 1.0527211427688599, 0.9249075055122375, 0.794719398021698, 0.6796781420707703, 0.6014078259468079, 0.5260244011878967, 0.4797533452510834, 0.47500669956207275, 0.40445804595947266, 0.35474494099617004, 0.29745587706565857, 0.27206650376319885, 0.24906137585639954, 0.21576334536075592, 0.19118928909301758, 0.2051953375339508, 0.18481601774692535, 0.156070277094841, 0.1271226406097412, 0.12623292207717896, 0.1272776573896408, 0.09579932689666748], "train_accs": [0.9402189010500583, 1.0], "dev_accs": [0.918786944230275, 1.0], "test_accs": [0.4900662251655629, 0.8360927152317881]}