{"loss_data": [3.1255011558532715, 2.785689115524292, 2.7050750255584717, 2.488668203353882, 2.100857734680176, 1.7522776126861572, 1.4814121723175049, 1.241473913192749, 1.0533387660980225, 0.8703387975692749, 0.7492450475692749, 0.6419386267662048, 0.5701855421066284, 0.48210078477859497, 0.4421159625053406, 0.4364962875843048, 0.37735211849212646, 0.3456633388996124, 0.30123499035835266, 0.25736698508262634, 0.23398765921592712, 0.21370762586593628, 0.21735569834709167, 0.2278948575258255, 0.1710769683122635, 0.13860411942005157, 0.12980765104293823, 0.11468535661697388, 0.11859271675348282, 0.11881348490715027], "train_accs": [0.9998888827157064, 1.0], "dev_accs": [0.9974299665895656, 1.0], "test_accs": [0.5223509933774835, 0.9445364238410596]}