{"loss_data": [2.9451515674591064, 2.215143918991089, 2.0606894493103027, 1.7912887334823608, 1.4844379425048828, 1.0733994245529175, 0.9320124983787537, 0.7375748157501221, 0.553902804851532, 0.4460476040840149, 0.35500243306159973, 0.2921035587787628, 0.2292834222316742, 0.20124439895153046, 0.1728072166442871, 0.16905270516872406, 0.1416960507631302, 0.12750066816806793, 0.11829207837581635, 0.08964373171329498, 0.08903941512107849, 0.07581812888383865, 0.06979724764823914, 0.07103079557418823, 0.06418026238679886, 0.05613240972161293, 0.05172891542315483, 0.06478580087423325, 0.04784234240651131, 0.03553539142012596], "train_accs": [0.9956108672704039, 1.0], "dev_accs": [0.9920328964276536, 1.0], "test_accs": [0.11589403973509933, 0.5173841059602649]}