{"loss_data": [3.3369314670562744, 2.8292744159698486, 2.599379777908325, 2.3393747806549072, 2.019728183746338, 1.730952262878418, 1.4178134202957153, 1.2321183681488037, 1.0605186223983765, 0.8984975814819336, 0.7926348447799683, 0.6538324952125549, 0.5595905184745789, 0.5210684537887573, 0.416150838136673, 0.4495631158351898, 0.3756595849990845, 0.3272152245044708, 0.30659738183021545, 0.2782191336154938, 0.23533764481544495, 0.25907185673713684, 0.1949622482061386, 0.20743140578269958, 0.15626469254493713, 0.14936253428459167, 0.120232492685318, 0.11708950251340866, 0.12309600412845612, 0.12220269441604614], "train_accs": [0.9960553364075782, 1.0], "dev_accs": [0.6435363659727577, 0.9432022616294011], "test_accs": [0.012417218543046357, 0.25662251655629137]}