{"loss_data": [3.0233075618743896, 2.2090182304382324, 2.040522336959839, 1.7958446741104126, 1.6134648323059082, 1.2715635299682617, 1.0298569202423096, 0.7879194617271423, 0.6232048869132996, 0.5163759589195251, 0.4451887011528015, 0.3347751498222351, 0.2877565324306488, 0.2380465865135193, 0.2121543437242508, 0.22475723922252655, 0.17432326078414917, 0.15183016657829285, 0.1774536371231079, 0.11620192974805832, 0.10648893564939499, 0.094505675137043, 0.10176534950733185, 0.08276452869176865, 0.06477244198322296, 0.07543297111988068, 0.05971847474575043, 0.06430476158857346, 0.0653182715177536, 0.07545669376850128], "train_accs": [0.9954997499861103, 1.0], "dev_accs": [0.9133898740683629, 0.9182729375481882], "test_accs": [0.0041390728476821195, 0.2259933774834437]}