{"loss_data": [3.228727102279663, 2.8052573204040527, 2.5785105228424072, 2.270968198776245, 1.9275959730148315, 1.5914034843444824, 1.3312584161758423, 1.0964891910552979, 0.9247848987579346, 0.8320016264915466, 0.6931473016738892, 0.625207781791687, 0.49956655502319336, 0.34989655017852783, 0.36496636271476746, 0.3559902012348175, 0.3281225860118866, 0.2611598074436188, 0.24329979717731476, 0.20530354976654053, 0.20226526260375977, 0.18501733243465424, 0.18198896944522858, 0.13697628676891327, 0.14833568036556244, 0.13483694195747375, 0.13138706982135773, 0.11151793599128723, 0.09789783507585526, 0.09878279268741608], "train_accs": [0.9976109783876882, 1.0], "dev_accs": [0.9663325623233102, 0.9987149832947828], "test_accs": [0.9197019867549668, 0.972682119205298]}