{"loss_data": [3.146919012069702, 2.7718985080718994, 2.603231191635132, 2.313828706741333, 1.955720067024231, 1.6322039365768433, 1.374935507774353, 1.0688385963439941, 0.9054206609725952, 0.7296348214149475, 0.6032968163490295, 0.5438472628593445, 0.440538227558136, 0.3798525929450989, 0.38129761815071106, 0.3472568988800049, 0.30334940552711487, 0.2486533373594284, 0.22254452109336853, 0.20030826330184937, 0.18367630243301392, 0.15132632851600647, 0.147820845246315, 0.13264699280261993, 0.14434714615345, 0.13409891724586487, 0.12107989192008972, 0.09732266515493393, 0.09259095788002014, 0.08695082366466522], "train_accs": [0.9999444413578532, 1.0], "dev_accs": [0.9935749164739142, 0.9994859933179131], "test_accs": [0.9503311258278145, 0.9428807947019867]}