{"loss_data": [3.1179792881011963, 2.174344778060913, 2.056718111038208, 2.0291380882263184, 1.8573230504989624, 1.4721752405166626, 1.1738169193267822, 0.883624255657196, 0.6722656488418579, 0.5255611538887024, 0.4024322032928467, 0.3258751928806305, 0.2607790231704712, 0.23812255263328552, 0.20746147632598877, 0.19231443107128143, 0.15529222786426544, 0.14211848378181458, 0.11327982693910599, 0.1043199673295021, 0.1085762307047844, 0.09379076212644577, 0.0830482617020607, 0.0675169825553894, 0.062123652547597885, 0.06155678629875183, 0.04795219004154205, 0.06299524009227753, 0.05479070916771889, 0.042857393622398376], "train_accs": [0.99844435801989, 1.0], "dev_accs": [0.9976869699306091, 1.0], "test_accs": [0.13245033112582782, 0.3617549668874172]}