{"loss_data": [3.4179985523223877, 2.757359266281128, 2.576368808746338, 2.308589220046997, 1.986504077911377, 1.660561203956604, 1.3365648984909058, 1.0601491928100586, 0.9354159235954285, 0.7391421794891357, 0.6172313094139099, 0.5789561867713928, 0.48092469573020935, 0.40030524134635925, 0.3386828899383545, 0.3247934877872467, 0.33198535442352295, 0.2650951147079468, 0.24782390892505646, 0.20870235562324524, 0.19880422949790955, 0.1961502730846405, 0.18168321251869202, 0.15320858359336853, 0.12082403898239136, 0.12737597525119781, 0.10947757214307785, 0.11392754316329956, 0.11233682930469513, 0.11405668407678604], "train_accs": [1.0, 1.0], "dev_accs": [1.0, 1.0], "test_accs": [0.6912251655629139, 0.9776490066225165]}