{"loss_data": [3.317836046218872, 2.8400259017944336, 2.6217494010925293, 2.293426990509033, 1.9834482669830322, 1.6569300889968872, 1.4535763263702393, 1.2564594745635986, 1.0541050434112549, 0.8821030855178833, 0.7606085538864136, 0.667750895023346, 0.589603841304779, 0.4846227169036865, 0.4044591188430786, 0.43780866265296936, 0.37461167573928833, 0.3123776912689209, 0.26099133491516113, 0.22175367176532745, 0.2083381712436676, 0.17811249196529388, 0.17419946193695068, 0.17827309668064117, 0.1236097440123558, 0.12863868474960327, 0.10994647443294525, 0.10043161362409592, 0.07928358763456345, 0.07831304520368576], "train_accs": [1.0, 1.0], "dev_accs": [0.9989719866358263, 1.0], "test_accs": [0.08195364238410596, 0.058774834437086095]}