{"loss_data": [3.1598942279815674, 2.7780921459198, 2.690366268157959, 2.5213088989257812, 2.24832820892334, 1.811240792274475, 1.4957466125488281, 1.2690048217773438, 1.0220884084701538, 0.8889967203140259, 0.7633655071258545, 0.6878493428230286, 0.5911679267883301, 0.49693915247917175, 0.45715439319610596, 0.39618831872940063, 0.35324302315711975, 0.31307220458984375, 0.32414233684539795, 0.2614952027797699, 0.2209109514951706, 0.20582400262355804, 0.14938890933990479, 0.161844402551651, 0.16325689852237701, 0.15696795284748077, 0.12687918543815613, 0.12233297526836395, 0.09453476965427399, 0.09019384533166885], "train_accs": [0.9957219845546975, 1.0], "dev_accs": [0.9910048830634798, 1.0], "test_accs": [0.014072847682119206, 0.10182119205298014]}