{"loss_data": [3.2888245582580566, 2.780244827270508, 2.5003130435943604, 2.1773178577423096, 1.8364673852920532, 1.5858818292617798, 1.3622018098831177, 1.1201612949371338, 0.985800564289093, 0.8304995894432068, 0.6951079368591309, 0.6151383519172668, 0.5062567591667175, 0.4365265667438507, 0.42685040831565857, 0.36989912390708923, 0.3375048339366913, 0.3003373444080353, 0.27771005034446716, 0.23785465955734253, 0.2209160476922989, 0.18974116444587708, 0.1918913722038269, 0.13540861010551453, 0.11428377032279968, 0.11176500469446182, 0.12945391237735748, 0.09354307502508163, 0.09877413511276245, 0.08731678128242493], "train_accs": [1.0, 1.0], "dev_accs": [1.0, 1.0], "test_accs": [0.3352649006622517, 0.5215231788079471]}