{"loss_data": [3.192833185195923, 2.160438060760498, 2.018693208694458, 1.7893271446228027, 1.4933418035507202, 1.1946849822998047, 1.09592604637146, 0.8301675319671631, 0.7027114629745483, 0.5981711745262146, 0.42759349942207336, 0.37157413363456726, 0.28296053409576416, 0.2449345737695694, 0.19582436978816986, 0.21663573384284973, 0.1756831705570221, 0.15498383343219757, 0.14682744443416595, 0.13201750814914703, 0.10363435745239258, 0.10341603308916092, 0.10812855511903763, 0.08055903762578964, 0.0684347003698349, 0.06799446791410446, 0.0648917630314827, 0.06320001929998398, 0.05883501097559929, 0.04104939475655556], "train_accs": [0.8923273515195289, 0.9998888827157064], "dev_accs": [0.8984836802878438, 1.0], "test_accs": [0.0, 0.17798013245033112]}