{"loss_data": [3.141637086868286, 2.7269558906555176, 2.361661434173584, 1.926594614982605, 1.679455280303955, 1.3899120092391968, 1.1600031852722168, 0.9915950298309326, 0.8399460911750793, 0.6771174073219299, 0.6356489658355713, 0.48564866185188293, 0.45966044068336487, 0.37494713068008423, 0.32080909609794617, 0.3642027974128723, 0.29086342453956604, 0.26140913367271423, 0.23447322845458984, 0.2196059226989746, 0.19790209829807281, 0.1761779934167862, 0.16329921782016754, 0.15315692126750946, 0.15169468522071838, 0.1266794353723526, 0.11484833806753159, 0.1163775846362114, 0.10179514437913895, 0.11302397400140762], "train_accs": [1.0, 1.0], "dev_accs": [0.8948856335132357, 1.0], "test_accs": [0.24254966887417218, 0.46192052980132453]}