{"loss_data": [2.6476902961730957, 2.057036876678467, 1.7813739776611328, 1.4699112176895142, 1.088135004043579, 0.8684051632881165, 0.713647723197937, 0.5184811949729919, 0.4294557273387909, 0.35342931747436523, 0.2978590130805969, 0.28758734464645386, 0.21789199113845825, 0.1862184703350067, 0.19033989310264587, 0.16988727450370789, 0.14587244391441345, 0.13408444821834564, 0.1273316591978073, 0.08652058243751526, 0.09578301757574081, 0.0794486403465271, 0.08211305737495422, 0.07050582021474838, 0.06730173528194427, 0.06405159831047058, 0.048707664012908936, 0.053643129765987396, 0.04779636114835739, 0.044513169676065445], "train_accs": [0.8984943607978221, 1.0], "dev_accs": [0.9061937805191468, 1.0], "test_accs": [0.0, 0.004966887417218543]}