{"loss_data": [3.080017328262329, 2.208158254623413, 1.9298323392868042, 1.712355375289917, 1.4033528566360474, 1.1953959465026855, 0.9977161884307861, 0.7757287621498108, 0.6517247557640076, 0.5577417612075806, 0.4699937403202057, 0.3927363157272339, 0.3070574998855591, 0.26326611638069153, 0.24520649015903473, 0.20970402657985687, 0.17582577466964722, 0.17850877344608307, 0.15773999691009521, 0.13856332004070282, 0.12571930885314941, 0.10985815525054932, 0.09666719287633896, 0.08781389892101288, 0.08177712559700012, 0.06407022476196289, 0.06407803297042847, 0.06535404920578003, 0.06330231577157974, 0.050871506333351135], "train_accs": [0.999222179009945, 1.0], "dev_accs": [0.9997429966589566, 1.0], "test_accs": [0.0008278145695364238, 0.222682119205298]}