{"loss_data": [2.882110595703125, 1.9929616451263428, 1.9521863460540771, 1.6923247575759888, 1.3973270654678345, 1.094953179359436, 0.8938922882080078, 0.7337502241134644, 0.6089933514595032, 0.5027258396148682, 0.4264245927333832, 0.355128675699234, 0.27796539664268494, 0.22719864547252655, 0.21099188923835754, 0.18658757209777832, 0.16865041851997375, 0.12803882360458374, 0.15589329600334167, 0.10413046181201935, 0.09364426881074905, 0.09372303634881973, 0.10048184543848038, 0.07172726839780807, 0.07728192955255508, 0.07125397771596909, 0.056831590831279755, 0.05388116464018822, 0.04935292527079582, 0.05347413942217827], "train_accs": [0.8513250736152008, 0.9992777376520918], "dev_accs": [0.8707273194551529, 0.9987149832947828], "test_accs": [0.1870860927152318, 0.27566225165562913]}