{"loss_data": [2.6872048377990723, 1.8580505847930908, 1.5013874769210815, 1.2329797744750977, 0.9108313918113708, 0.7069846987724304, 0.5880209803581238, 0.43510982394218445, 0.36430928111076355, 0.30179038643836975, 0.2401432991027832, 0.20367668569087982, 0.17921283841133118, 0.17129738628864288, 0.13809581100940704, 0.13866256177425385, 0.11598709970712662, 0.10559729486703873, 0.10062409937381744, 0.08230513334274292, 0.09116025269031525, 0.07008307427167892, 0.06077643483877182, 0.0459703765809536, 0.05890561640262604, 0.05004390329122543, 0.05082647502422333, 0.05756067484617233, 0.05156721547245979, 0.047019459307193756], "train_accs": [0.9994444135785321, 1.0], "dev_accs": [0.9175019275250579, 1.0], "test_accs": [0.0, 0.006622516556291391]}