{"loss_data": [2.900148630142212, 2.0781147480010986, 1.8871434926986694, 1.6435738801956177, 1.264224648475647, 1.021867275238037, 0.8510389924049377, 0.6751875877380371, 0.5260031223297119, 0.4417470097541809, 0.36751312017440796, 0.3121159076690674, 0.2518841326236725, 0.21285949647426605, 0.20154881477355957, 0.17209294438362122, 0.17462439835071564, 0.150503009557724, 0.1355152428150177, 0.10259979963302612, 0.11213748902082443, 0.09684666246175766, 0.0843496099114418, 0.05708398297429085, 0.07187280058860779, 0.07841935753822327, 0.06371041387319565, 0.07619157433509827, 0.046393465250730515, 0.06365378201007843], "train_accs": [0.9973331851769542, 0.9996110895049725], "dev_accs": [0.9969159599074788, 0.9997429966589566], "test_accs": [0.0008278145695364238, 0.10347682119205298]}