{"loss_data": [2.4522716999053955, 1.8104616403579712, 1.5343436002731323, 1.2937597036361694, 1.0286643505096436, 0.844814658164978, 0.7410486340522766, 0.6261414885520935, 0.49682357907295227, 0.4173833429813385, 0.33124640583992004, 0.30052855610847473, 0.26320064067840576, 0.23495541512966156, 0.18892128765583038, 0.19431531429290771, 0.14869891107082367, 0.13204391300678253, 0.13233530521392822, 0.11460833996534348, 0.09707619249820709, 0.08827990293502808, 0.08325830847024918, 0.06952269375324249, 0.05702727660536766, 0.05322083458304405, 0.05770610272884369, 0.05220852792263031, 0.05295145511627197, 0.04330746456980705], "train_accs": [0.9754986388132674, 0.9983332407355964], "dev_accs": [0.9745566692367, 0.9982009766126959], "test_accs": [0.0016556291390728477, 0.004966887417218543]}