{"loss_data": [2.7569241523742676, 2.0042059421539307, 1.6677190065383911, 1.3555830717086792, 1.005631446838379, 0.8301507234573364, 0.7233756184577942, 0.5813429951667786, 0.4594085216522217, 0.3702032268047333, 0.34028905630111694, 0.2722723186016083, 0.18612533807754517, 0.17920280992984772, 0.15859776735305786, 0.171580508351326, 0.12221071869134903, 0.11214538663625717, 0.11318600177764893, 0.08666659891605377, 0.10685322433710098, 0.0754384770989418, 0.07278504967689514, 0.049188751727342606, 0.07619830965995789, 0.059204209595918655, 0.062312640249729156, 0.04575012996792793, 0.0475122295320034, 0.0441092886030674], "train_accs": [0.9869992777376521, 1.0], "dev_accs": [0.9038807504497558, 1.0], "test_accs": [0.0, 0.042218543046357616]}