{"loss_data": [3.006826877593994, 2.133272409439087, 1.9783979654312134, 1.8542612791061401, 1.6006542444229126, 1.3049765825271606, 1.0570958852767944, 0.8156903982162476, 0.6486746072769165, 0.468437135219574, 0.4184129238128662, 0.3303641378879547, 0.26792556047439575, 0.23167157173156738, 0.19092623889446259, 0.1798349916934967, 0.14531134068965912, 0.13191577792167664, 0.12580569088459015, 0.09936940670013428, 0.08138631284236908, 0.06754320859909058, 0.07537422329187393, 0.06307724118232727, 0.0631454661488533, 0.06654461473226547, 0.04387964680790901, 0.05073712393641472, 0.06693388521671295, 0.04074094444513321], "train_accs": [0.9903327962664592, 1.0], "dev_accs": [0.9915188897455667, 1.0], "test_accs": [0.25579470198675497, 0.8667218543046358]}