{"loss_data": [3.361865282058716, 2.80719256401062, 2.536963701248169, 2.1578140258789062, 1.868697166442871, 1.6276737451553345, 1.3670581579208374, 1.1815484762191772, 1.0385934114456177, 0.915716290473938, 0.7750815749168396, 0.6472985148429871, 0.5828375220298767, 0.5657959580421448, 0.43465664982795715, 0.4456334412097931, 0.3659006357192993, 0.3091280162334442, 0.2940116822719574, 0.2551402449607849, 0.22922283411026, 0.20118093490600586, 0.17131753265857697, 0.18074831366539001, 0.1426825225353241, 0.12143561244010925, 0.11026928573846817, 0.09562253952026367, 0.09796261042356491, 0.10200096666812897], "train_accs": [0.9946663703539086, 1.0], "dev_accs": [0.949627345155487, 0.9989719866358263], "test_accs": [0.3228476821192053, 0.48923841059602646]}