{"loss_data": [3.220252752304077, 2.778383731842041, 2.6955296993255615, 2.5891826152801514, 2.323251962661743, 2.0411131381988525, 1.7958168983459473, 1.4845986366271973, 1.3155661821365356, 1.0609227418899536, 0.9384762048721313, 0.7571187019348145, 0.6303949356079102, 0.5174809694290161, 0.46933838725090027, 0.44019800424575806, 0.40782126784324646, 0.3568561375141144, 0.3236665427684784, 0.26412495970726013, 0.2475343942642212, 0.21050383150577545, 0.20769406855106354, 0.18384122848510742, 0.1645052433013916, 0.14804628491401672, 0.12839458882808685, 0.12286192178726196, 0.10105250775814056, 0.0991375669836998], "train_accs": [0.9984999166620367, 1.0], "dev_accs": [0.6116679516833718, 0.9943459264970445], "test_accs": [0.0074503311258278145, 0.2359271523178808]}