{"loss_data": [3.175614833831787, 2.7152910232543945, 2.356642246246338, 2.043699264526367, 1.724002718925476, 1.4850724935531616, 1.2327909469604492, 1.1003066301345825, 0.9234673976898193, 0.826890230178833, 0.7052484154701233, 0.556042492389679, 0.4584364891052246, 0.3868532180786133, 0.3764418661594391, 0.35204029083251953, 0.30638232827186584, 0.2584860026836395, 0.24495969712734222, 0.19722971320152283, 0.18112637102603912, 0.1616571545600891, 0.17271766066551208, 0.13074582815170288, 0.11970556527376175, 0.12561264634132385, 0.10499059408903122, 0.10546627640724182, 0.10448755323886871, 0.09962295740842819], "train_accs": [1.0, 1.0], "dev_accs": [0.9655615523001799, 0.9755846826008738], "test_accs": [0.09519867549668874, 0.9486754966887417]}