{"loss_data": [3.5715973377227783, 2.853186845779419, 2.618262529373169, 2.346872329711914, 2.0322680473327637, 1.6611980199813843, 1.467038631439209, 1.2185442447662354, 1.0565099716186523, 0.8982372283935547, 0.7682677507400513, 0.6865293979644775, 0.5402503609657288, 0.497284859418869, 0.437727689743042, 0.4117450714111328, 0.3793235719203949, 0.317536860704422, 0.3005732595920563, 0.24589934945106506, 0.2176917940378189, 0.2365374118089676, 0.18740525841712952, 0.18440213799476624, 0.18151162564754486, 0.14935196936130524, 0.15504781901836395, 0.12518706917762756, 0.11761388182640076, 0.09524350613355637], "train_accs": [0.9997777654314128, 1.0], "dev_accs": [0.9971729632485222, 1.0], "test_accs": [0.8195364238410596, 1.0]}