{"loss_data": [2.4790525436401367, 2.0056560039520264, 1.7289345264434814, 1.333114504814148, 1.0054821968078613, 0.9284364581108093, 0.778099775314331, 0.592860221862793, 0.5226965546607971, 0.412242591381073, 0.30788272619247437, 0.2850137948989868, 0.23523369431495667, 0.21638743579387665, 0.19408275187015533, 0.1663101315498352, 0.15622317790985107, 0.1528567373752594, 0.13047483563423157, 0.10858090221881866, 0.09520214796066284, 0.07894942164421082, 0.09064807742834091, 0.07143948972225189, 0.06537467241287231, 0.0592757947742939, 0.05296080559492111, 0.05661007761955261, 0.04527710750699043, 0.05337444320321083], "train_accs": [0.9966109228290461, 1.0], "dev_accs": [0.9951169365201747, 1.0], "test_accs": [0.19370860927152317, 0.4163907284768212]}