{"loss_data": [3.3167076110839844, 2.7943480014801025, 2.502452850341797, 2.2496232986450195, 1.9837638139724731, 1.706421136856079, 1.4005401134490967, 1.154876708984375, 0.9767066240310669, 0.8333940505981445, 0.7137933969497681, 0.5955414175987244, 0.5235769748687744, 0.49712616205215454, 0.40698254108428955, 0.3784071207046509, 0.3221640884876251, 0.312335342168808, 0.2863951027393341, 0.251132607460022, 0.21282967925071716, 0.18323062360286713, 0.19424892961978912, 0.1456555426120758, 0.1435580998659134, 0.15659409761428833, 0.1108604148030281, 0.11456377804279327, 0.11111265420913696, 0.10160712152719498], "train_accs": [1.0, 1.0], "dev_accs": [0.9951169365201747, 1.0], "test_accs": [0.026490066225165563, 0.26076158940397354]}