{"loss_data": [3.0598151683807373, 2.635371208190918, 2.338779926300049, 2.0369834899902344, 1.656234860420227, 1.472151756286621, 1.2340813875198364, 1.0380995273590088, 0.8545337319374084, 0.7136180400848389, 0.6114944815635681, 0.529815673828125, 0.4672139883041382, 0.3988840878009796, 0.36178335547447205, 0.34335917234420776, 0.30570685863494873, 0.2603040933609009, 0.2120463252067566, 0.18503284454345703, 0.2038489282131195, 0.17566926777362823, 0.1598554402589798, 0.13354364037513733, 0.12616857886314392, 0.09865167737007141, 0.08672542870044708, 0.09755873680114746, 0.07990559935569763, 0.06971246004104614], "train_accs": [1.0, 1.0], "dev_accs": [0.9964019532253919, 1.0], "test_accs": [0.21937086092715233, 0.36258278145695366]}