{"loss_data": [3.274871826171875, 2.7528493404388428, 2.489875555038452, 2.267300844192505, 1.8913836479187012, 1.6679831743240356, 1.4023457765579224, 1.2386980056762695, 1.028220772743225, 0.8791686296463013, 0.8503657579421997, 0.7522652745246887, 0.6687644124031067, 0.6155449748039246, 0.45100030303001404, 0.44894757866859436, 0.38461413979530334, 0.34766653180122375, 0.33115413784980774, 0.2672850787639618, 0.28036996722221375, 0.23327451944351196, 0.21545642614364624, 0.2035900056362152, 0.1549767702817917, 0.15544408559799194, 0.13857004046440125, 0.10101759433746338, 0.10357401520013809, 0.10260136425495148], "train_accs": [0.9899994444135786, 1.0], "dev_accs": [0.9586224620920072, 1.0], "test_accs": [0.18460264900662252, 0.4610927152317881]}