{"loss_data": [3.2546045780181885, 2.7225112915039062, 2.565728187561035, 2.2823634147644043, 1.9664655923843384, 1.6644752025604248, 1.4453239440917969, 1.2130323648452759, 0.9825282692909241, 0.8325690031051636, 0.7161074280738831, 0.5610652565956116, 0.4889637231826782, 0.4504534900188446, 0.3737870156764984, 0.34874457120895386, 0.330887109041214, 0.2907146215438843, 0.2316131442785263, 0.20794230699539185, 0.2005414366722107, 0.1651397943496704, 0.1695934236049652, 0.14569711685180664, 0.1543813943862915, 0.13448937237262726, 0.12443344295024872, 0.1099402979016304, 0.09254231303930283, 0.08965545147657394], "train_accs": [0.9937218734374131, 1.0], "dev_accs": [0.9938319198149576, 1.0], "test_accs": [0.14321192052980133, 0.48096026490066224]}