{"loss_data": [2.6377294063568115, 2.023592233657837, 1.7209455966949463, 1.4047482013702393, 1.133651852607727, 0.9692147374153137, 0.7803044319152832, 0.6176180243492126, 0.467528373003006, 0.3720673620700836, 0.3357662260532379, 0.29094043374061584, 0.23204433917999268, 0.198335200548172, 0.18188349902629852, 0.14324553310871124, 0.14733436703681946, 0.133494570851326, 0.13139989972114563, 0.08968773484230042, 0.0942244678735733, 0.09523472189903259, 0.07342017441987991, 0.06633215397596359, 0.06201278418302536, 0.0616350956261158, 0.050478480756282806, 0.05452346429228783, 0.06335233896970749, 0.05015736073255539], "train_accs": [0.8917162064559142, 1.0], "dev_accs": [0.9002827036751477, 1.0], "test_accs": [0.0, 0.15149006622516556]}