{"loss_data": [3.1932365894317627, 2.674151659011841, 2.4829320907592773, 2.158306360244751, 1.8308826684951782, 1.607880711555481, 1.377224087715149, 1.1331666707992554, 0.9900054931640625, 0.8372610211372375, 0.6971821784973145, 0.6001418232917786, 0.5180364847183228, 0.4144173264503479, 0.3877611458301544, 0.38563668727874756, 0.34322240948677063, 0.29689037799835205, 0.2602933347225189, 0.2215251475572586, 0.20196929574012756, 0.18267279863357544, 0.1734081208705902, 0.15698744356632233, 0.13040173053741455, 0.10776121914386749, 0.11430826038122177, 0.09290197491645813, 0.10158276557922363, 0.08259398490190506], "train_accs": [0.9838324351352853, 1.0], "dev_accs": [0.8337188383448985, 0.9378051914674891], "test_accs": [0.14652317880794702, 0.31788079470198677]}