{"loss_data": [3.4593088626861572, 2.6278727054595947, 2.2322895526885986, 1.9433140754699707, 1.7191232442855835, 1.5781843662261963, 1.3676707744598389, 1.170654296875, 1.0024504661560059, 0.9051924347877502, 0.7379885911941528, 0.6367291808128357, 0.5673559308052063, 0.48312464356422424, 0.4108662009239197, 0.4244782030582428, 0.34922757744789124, 0.31987082958221436, 0.288422554731369, 0.25276339054107666, 0.23354105651378632, 0.2013680785894394, 0.19339154660701752, 0.18769553303718567, 0.16620801389217377, 0.14332035183906555, 0.12031153589487076, 0.11077237129211426, 0.11664362996816635, 0.10966922342777252], "train_accs": [0.9996110895049725, 1.0], "dev_accs": [0.920585967617579, 1.0], "test_accs": [0.2731788079470199, 0.4329470198675497]}