{"loss_data": [2.28395938873291, 1.9978621006011963, 1.7536287307739258, 1.438599944114685, 1.123000979423523, 0.8131847381591797, 0.6855791211128235, 0.5131219029426575, 0.4360143840312958, 0.3334980905056, 0.27380895614624023, 0.2501101791858673, 0.22296275198459625, 0.19337034225463867, 0.1708817481994629, 0.1619662642478943, 0.13568691909313202, 0.1269053816795349, 0.11576732993125916, 0.0960356816649437, 0.0992014929652214, 0.0957498773932457, 0.09225348383188248, 0.07262912392616272, 0.08076810091733932, 0.05868609994649887, 0.056844547390937805, 0.05998780205845833, 0.047011908143758774, 0.05448736622929573], "train_accs": [0.8981054503027947, 1.0], "dev_accs": [0.9061937805191468, 1.0], "test_accs": [0.0, 0.10596026490066225]}