{"loss_data": [3.095672369003296, 2.7669785022735596, 2.6388964653015137, 2.302549123764038, 1.9649771451950073, 1.6443917751312256, 1.3267627954483032, 1.1001033782958984, 0.8986657857894897, 0.7267327308654785, 0.6445252299308777, 0.5651193857192993, 0.458341121673584, 0.42890465259552, 0.3597238063812256, 0.3613733649253845, 0.32130613923072815, 0.27624884247779846, 0.23301836848258972, 0.19600296020507812, 0.16944660246372223, 0.1832408607006073, 0.1653156876564026, 0.15205110609531403, 0.11776982992887497, 0.11942839622497559, 0.12636758387088776, 0.09643371403217316, 0.09711548686027527, 0.09309696406126022], "train_accs": [0.9984999166620367, 1.0], "dev_accs": [0.8964276535594963, 0.9997429966589566], "test_accs": [0.06539735099337748, 0.9859271523178808]}