{"loss_data": [3.366725444793701, 2.731442928314209, 2.3168599605560303, 2.0653038024902344, 1.7446448802947998, 1.4971141815185547, 1.221064805984497, 1.0275853872299194, 0.8789182901382446, 0.7595822215080261, 0.6448748111724854, 0.5630338788032532, 0.45586541295051575, 0.4510273039340973, 0.34657102823257446, 0.34431084990501404, 0.31959158182144165, 0.26547664403915405, 0.23609526455402374, 0.22065021097660065, 0.20049478113651276, 0.22263772785663605, 0.16920046508312225, 0.1653294861316681, 0.1265154480934143, 0.1266118586063385, 0.09452220797538757, 0.11534947901964188, 0.11726073175668716, 0.09001202881336212], "train_accs": [1.0, 1.0], "dev_accs": [0.9938319198149576, 1.0], "test_accs": [0.8543046357615894, 0.9966887417218543]}