{"loss_data": [3.2180569171905518, 1.9243652820587158, 1.712490200996399, 1.3381680250167847, 1.0763142108917236, 0.8851576447486877, 0.7319837212562561, 0.5626022219657898, 0.5047986507415771, 0.44971439242362976, 0.37212663888931274, 0.32010141015052795, 0.2736223340034485, 0.2259441763162613, 0.19560571014881134, 0.2246505171060562, 0.1666586995124817, 0.14934882521629333, 0.14371097087860107, 0.12948499619960785, 0.11901293694972992, 0.10116647928953171, 0.09117262065410614, 0.07651855051517487, 0.06832040101289749, 0.07466109842061996, 0.06342453509569168, 0.06972474604845047, 0.04949177801609039, 0.05259981378912926], "train_accs": [0.9917773209622757, 0.999722206789266], "dev_accs": [0.8984836802878438, 1.0], "test_accs": [0.0, 0.10844370860927152]}