{"loss_data": [3.2870659828186035, 2.2928078174591064, 2.0692315101623535, 1.932957649230957, 1.7859392166137695, 1.5035463571548462, 1.3017545938491821, 1.0136502981185913, 0.7901532053947449, 0.6265432834625244, 0.5289844870567322, 0.4169422388076782, 0.3721069395542145, 0.31389564275741577, 0.22613190114498138, 0.23563940823078156, 0.18751996755599976, 0.18424437940120697, 0.15115828812122345, 0.1236090362071991, 0.11704263091087341, 0.10914013534784317, 0.09619627147912979, 0.07520044595003128, 0.07750026136636734, 0.09104949980974197, 0.0746888518333435, 0.0565408430993557, 0.0498848594725132, 0.045306865125894547], "train_accs": [0.987277070948386, 0.9998333240735596], "dev_accs": [0.9820097661269597, 0.9997429966589566], "test_accs": [0.0008278145695364238, 0.12582781456953643]}