{"loss_data": [2.870933771133423, 2.0683112144470215, 1.7637405395507812, 1.4620686769485474, 1.2228312492370605, 0.9258333444595337, 0.7933607697486877, 0.6067160964012146, 0.4955662786960602, 0.3996310234069824, 0.3271734118461609, 0.2710249125957489, 0.22606419026851654, 0.18645736575126648, 0.16844239830970764, 0.1791113018989563, 0.13166522979736328, 0.1370440423488617, 0.13361236453056335, 0.09151355177164078, 0.11453273147344589, 0.09737686812877655, 0.0743221864104271, 0.05710245296359062, 0.06463655829429626, 0.05692780017852783, 0.06321639567613602, 0.05305562540888786, 0.0668964758515358, 0.04726926237344742], "train_accs": [0.8952719595533085, 0.9998333240735596], "dev_accs": [0.9036237471087124, 0.9997429966589566], "test_accs": [0.0, 0.07201986754966887]}