{"loss_data": [3.459233522415161, 2.7288756370544434, 2.5016098022460938, 2.2213191986083984, 1.9483466148376465, 1.6775163412094116, 1.4720702171325684, 1.2161779403686523, 1.0108999013900757, 0.8796818852424622, 0.7780084013938904, 0.6104505658149719, 0.5563273429870605, 0.48240843415260315, 0.46496105194091797, 0.4241723418235779, 0.3409087061882019, 0.29060205817222595, 0.2761068046092987, 0.2345672845840454, 0.2060505896806717, 0.18697214126586914, 0.20308448374271393, 0.17355963587760925, 0.1647343933582306, 0.14726360142230988, 0.14594444632530212, 0.11550039798021317, 0.11265037953853607, 0.11578162014484406], "train_accs": [0.9996666481471193, 1.0], "dev_accs": [0.9928039064507839, 0.9989719866358263], "test_accs": [0.8327814569536424, 0.9958609271523179]}