{"loss_data": [3.3981564044952393, 2.734513521194458, 2.6371328830718994, 2.4887032508850098, 2.2726950645446777, 1.9881213903427124, 1.6917142868041992, 1.4637552499771118, 1.2127500772476196, 1.0304741859436035, 0.9002010226249695, 0.7097623348236084, 0.6152045130729675, 0.5422932505607605, 0.47191140055656433, 0.46855321526527405, 0.4026111364364624, 0.31379789113998413, 0.2949044108390808, 0.2665144205093384, 0.25897884368896484, 0.21415354311466217, 0.208556666970253, 0.1839960217475891, 0.17495781183242798, 0.1547076553106308, 0.145181804895401, 0.11264712363481522, 0.13889312744140625, 0.11347554624080658], "train_accs": [0.8910495027501528, 1.0], "dev_accs": [0.7558468260087381, 0.9964019532253919], "test_accs": [0.0, 0.9892384105960265]}