{"loss_data": [3.2980237007141113, 2.738285779953003, 2.432075262069702, 2.0698225498199463, 1.8224461078643799, 1.5474145412445068, 1.2757121324539185, 1.0730596780776978, 0.931623101234436, 0.770189642906189, 0.6504623889923096, 0.5045151710510254, 0.4637379050254822, 0.40837645530700684, 0.3372974991798401, 0.33218273520469666, 0.2769938111305237, 0.25873643159866333, 0.2285180389881134, 0.18954087793827057, 0.17828984558582306, 0.14845216274261475, 0.1476992815732956, 0.13100744783878326, 0.1228107213973999, 0.09909103810787201, 0.084070585668087, 0.08321041613817215, 0.08577315509319305, 0.07446323335170746], "train_accs": [1.0, 1.0], "dev_accs": [0.947828321768183, 0.9994859933179131], "test_accs": [0.8220198675496688, 0.9561258278145696]}