{"loss_data": [3.2983345985412598, 2.747121572494507, 2.52266263961792, 2.1797373294830322, 1.903464674949646, 1.6083862781524658, 1.3526664972305298, 1.1700870990753174, 0.9771521091461182, 0.854438066482544, 0.7311486005783081, 0.615328311920166, 0.508267343044281, 0.4555817246437073, 0.382885605096817, 0.41352057456970215, 0.3314366042613983, 0.29194679856300354, 0.2704078257083893, 0.22972485423088074, 0.22539973258972168, 0.16979435086250305, 0.16826289892196655, 0.1384173035621643, 0.12069545686244965, 0.1213955208659172, 0.11783215403556824, 0.1273462027311325, 0.09609658271074295, 0.10202589631080627], "train_accs": [0.9999444413578532, 1.0], "dev_accs": [0.9989719866358263, 1.0], "test_accs": [0.6556291390728477, 0.9064569536423841]}