{"loss_data": [3.3903744220733643, 2.7852303981781006, 2.51249098777771, 2.208317995071411, 1.8663318157196045, 1.6200097799301147, 1.4201549291610718, 1.2336678504943848, 1.0600275993347168, 0.8771057724952698, 0.761843740940094, 0.6391770243644714, 0.5351594686508179, 0.4584624767303467, 0.42850497364997864, 0.3650602698326111, 0.381808340549469, 0.33611539006233215, 0.30550089478492737, 0.25049614906311035, 0.22662508487701416, 0.20714890956878662, 0.19461175799369812, 0.17550204694271088, 0.13865520060062408, 0.15006530284881592, 0.12890104949474335, 0.13277606666088104, 0.14302998781204224, 0.11345680058002472], "train_accs": [0.9996110895049725, 1.0], "dev_accs": [0.9886918529940889, 1.0], "test_accs": [0.48509933774834435, 0.9213576158940397]}