{"loss_data": [2.997206687927246, 2.0908453464508057, 1.9528220891952515, 1.7780590057373047, 1.5435711145401, 1.325454592704773, 1.0889010429382324, 0.9176679849624634, 0.7446269392967224, 0.5891324877738953, 0.4901103079319, 0.3777347207069397, 0.3213898539543152, 0.2627531886100769, 0.22452828288078308, 0.23158620297908783, 0.18419545888900757, 0.18788278102874756, 0.14923155307769775, 0.1325504034757614, 0.10941802710294724, 0.09456223994493484, 0.0867900401353836, 0.08641152083873749, 0.08397843688726425, 0.08892225474119186, 0.07630109041929245, 0.07266407459974289, 0.06027985364198685, 0.052916932851076126], "train_accs": [0.9893327407078171, 1.0], "dev_accs": [0.995887946543305, 1.0], "test_accs": [0.2293046357615894, 0.5298013245033113]}