{"loss_data": [2.898387908935547, 2.1196515560150146, 1.86017644405365, 1.6151883602142334, 1.31635320186615, 1.0835273265838623, 0.8984596133232117, 0.7211517691612244, 0.5766512155532837, 0.479849249124527, 0.4115685224533081, 0.3617314398288727, 0.2741026282310486, 0.2521745264530182, 0.2186191976070404, 0.20524345338344574, 0.19128093123435974, 0.1442580223083496, 0.1719191074371338, 0.12416934967041016, 0.10691917687654495, 0.10486819595098495, 0.0991198867559433, 0.08966977149248123, 0.07372486591339111, 0.0705467090010643, 0.07162974029779434, 0.05485808849334717, 0.05054539442062378, 0.054064806550741196], "train_accs": [0.9933885215845325, 0.9990555030835047], "dev_accs": [0.9804677460806991, 0.9984579799537394], "test_accs": [0.16639072847682118, 0.5231788079470199]}