{"loss_data": [3.003535509109497, 2.586641550064087, 2.2996838092803955, 2.0104329586029053, 1.772087574005127, 1.5443137884140015, 1.3428272008895874, 1.0938398838043213, 0.929979145526886, 0.7690504789352417, 0.6520004868507385, 0.5492212772369385, 0.4675543010234833, 0.3288186490535736, 0.37999239563941956, 0.34184423089027405, 0.2831706702709198, 0.2634328603744507, 0.24418433010578156, 0.19406285881996155, 0.2098180651664734, 0.189711794257164, 0.16078327596187592, 0.1347893327474594, 0.12852133810520172, 0.12715673446655273, 0.12313054502010345, 0.1191803514957428, 0.08751275390386581, 0.09355738013982773], "train_accs": [0.9964998055447525, 1.0], "dev_accs": [0.9681315857106142, 1.0], "test_accs": [0.024006622516556293, 0.8468543046357616]}