{"loss_data": [2.9649791717529297, 2.073377847671509, 1.8943114280700684, 1.6488672494888306, 1.3317711353302002, 1.0468463897705078, 0.8734133243560791, 0.6304550766944885, 0.49736839532852173, 0.38654154539108276, 0.33438611030578613, 0.25452569127082825, 0.23432022333145142, 0.1861964911222458, 0.17316128313541412, 0.15495947003364563, 0.13626977801322937, 0.125172957777977, 0.13333332538604736, 0.09139551967382431, 0.08967888355255127, 0.08264750987291336, 0.06954964995384216, 0.06521844863891602, 0.056595686823129654, 0.06760969758033752, 0.06180308386683464, 0.05530662089586258, 0.039610572159290314, 0.04056835174560547], "train_accs": [0.9971665092505139, 1.0], "dev_accs": [0.9961449498843485, 1.0], "test_accs": [0.004966887417218543, 0.02566225165562914]}