{"loss_data": [3.220247507095337, 2.732159376144409, 2.456082582473755, 2.0683069229125977, 1.7491846084594727, 1.4786981344223022, 1.2575689554214478, 1.106145977973938, 0.9237418174743652, 0.7533767223358154, 0.6775470972061157, 0.57810378074646, 0.48089879751205444, 0.37032032012939453, 0.3607776463031769, 0.32914286851882935, 0.2920750677585602, 0.26547569036483765, 0.24603818356990814, 0.19691964983940125, 0.17699962854385376, 0.17530272901058197, 0.14787505567073822, 0.1456921100616455, 0.11962775141000748, 0.12501071393489838, 0.10776005685329437, 0.10086211562156677, 0.10028144717216492, 0.07860996574163437], "train_accs": [0.9962220123340185, 1.0], "dev_accs": [0.8681572860447185, 0.9809817527627859], "test_accs": [0.5438741721854304, 0.8534768211920529]}