{"loss_data": [2.6830527782440186, 2.018500328063965, 1.8245809078216553, 1.5481363534927368, 1.31100332736969, 0.9865779280662537, 0.843816876411438, 0.6812869906425476, 0.5222113728523254, 0.39297693967819214, 0.3405965566635132, 0.2752547264099121, 0.20484383404254913, 0.20964471995830536, 0.1801975667476654, 0.16611066460609436, 0.12844161689281464, 0.1372898370027542, 0.10966402292251587, 0.10903465002775192, 0.10136963427066803, 0.10347159951925278, 0.07937262207269669, 0.0749875009059906, 0.06072947010397911, 0.05712484195828438, 0.05709223076701164, 0.05249469727277756, 0.03950059413909912, 0.04861629754304886], "train_accs": [0.9989999444413579, 1.0], "dev_accs": [0.9989719866358263, 1.0], "test_accs": [0.19536423841059603, 0.3211920529801324]}