{"loss_data": [3.1112210750579834, 2.7083144187927246, 2.3675754070281982, 2.0869944095611572, 1.7257134914398193, 1.4748098850250244, 1.2442729473114014, 0.993408203125, 0.8895990252494812, 0.7656000256538391, 0.6559100151062012, 0.5192983150482178, 0.4605599343776703, 0.3559066653251648, 0.35515347123146057, 0.39414703845977783, 0.3351145386695862, 0.30641061067581177, 0.2394619882106781, 0.23422807455062866, 0.19391369819641113, 0.2014394998550415, 0.1723122000694275, 0.15990577638149261, 0.1391477733850479, 0.12116889655590057, 0.10489249229431152, 0.10062150657176971, 0.09861770272254944, 0.07476267963647842], "train_accs": [1.0, 1.0], "dev_accs": [0.9994859933179131, 1.0], "test_accs": [0.4552980132450331, 0.9039735099337748]}