{"loss_data": [2.9697389602661133, 2.1401143074035645, 1.8000887632369995, 1.499005675315857, 1.2292664051055908, 1.0093680620193481, 0.8666894435882568, 0.6754500269889832, 0.5356841087341309, 0.43433335423469543, 0.38655832409858704, 0.31551334261894226, 0.2582893967628479, 0.232099249958992, 0.19585677981376648, 0.1834460198879242, 0.16255448758602142, 0.15661904215812683, 0.14354561269283295, 0.11868414282798767, 0.10898061096668243, 0.10592906922101974, 0.08479727804660797, 0.0798223540186882, 0.08023730665445328, 0.0805436447262764, 0.05871020257472992, 0.06551720947027206, 0.05579623207449913, 0.05088520050048828], "train_accs": [0.9901105616978721, 1.0], "dev_accs": [0.9892058596761758, 1.0], "test_accs": [0.21688741721854304, 0.4693708609271523]}