{"loss_data": [3.245204210281372, 2.7001819610595703, 2.572030544281006, 2.3897693157196045, 2.0380055904388428, 1.782166838645935, 1.4356311559677124, 1.2092722654342651, 1.0576567649841309, 0.9246395826339722, 0.7884845733642578, 0.7092070579528809, 0.5841892957687378, 0.5689778327941895, 0.4706977605819702, 0.42406877875328064, 0.4201410710811615, 0.2972744107246399, 0.28343939781188965, 0.27790841460227966, 0.23084887862205505, 0.2226545214653015, 0.1914915144443512, 0.18567459285259247, 0.16857895255088806, 0.1462300717830658, 0.11314337700605392, 0.1362854689359665, 0.12191065400838852, 0.09668317437171936], "train_accs": [1.0, 1.0], "dev_accs": [0.9550244153173991, 0.9951169365201747], "test_accs": [0.3923841059602649, 0.18294701986754966]}