{"loss_data": [3.1525166034698486, 2.8308308124542236, 2.6128249168395996, 2.4695510864257812, 2.2177605628967285, 1.9166290760040283, 1.5982253551483154, 1.3509961366653442, 1.1559841632843018, 0.9937910437583923, 0.8871769905090332, 0.7124174237251282, 0.6338485479354858, 0.5412259101867676, 0.48021450638771057, 0.4524047076702118, 0.42713361978530884, 0.3746878206729889, 0.2922931909561157, 0.2622554898262024, 0.24129453301429749, 0.21248379349708557, 0.17666350305080414, 0.16720877587795258, 0.14810220897197723, 0.14823850989341736, 0.1443965882062912, 0.11913039535284042, 0.11809724569320679, 0.08663000166416168], "train_accs": [0.9998888827157064, 1.0], "dev_accs": [0.7738370598817784, 0.9992289899768697], "test_accs": [0.13245033112582782, 0.7003311258278145]}