{"loss_data": [3.347839832305908, 2.7759878635406494, 2.456925392150879, 2.160888433456421, 1.9292418956756592, 1.6557767391204834, 1.4019014835357666, 1.2244054079055786, 1.0436409711837769, 0.8971690535545349, 0.7483561038970947, 0.6542505025863647, 0.5706085562705994, 0.5395153760910034, 0.4394366443157196, 0.42096981406211853, 0.3612222969532013, 0.3510678708553314, 0.3225681781768799, 0.23463314771652222, 0.22896656394004822, 0.2157047837972641, 0.21153008937835693, 0.17472155392169952, 0.1625506728887558, 0.13777266442775726, 0.11219970881938934, 0.12051846086978912, 0.09960950165987015, 0.09511823952198029], "train_accs": [0.9811100616700927, 1.0], "dev_accs": [0.9329221279876638, 0.9987149832947828], "test_accs": [0.011589403973509934, 0.10430463576158941]}