{"loss_data": [2.9977781772613525, 1.9949727058410645, 1.8452414274215698, 1.5897316932678223, 1.2589404582977295, 1.009346604347229, 0.813525378704071, 0.7127552628517151, 0.5656458139419556, 0.48983845114707947, 0.4002695381641388, 0.3433946371078491, 0.3079141676425934, 0.2722775340080261, 0.24156606197357178, 0.2039458453655243, 0.15359532833099365, 0.1602470725774765, 0.15196985006332397, 0.12819871306419373, 0.11596891283988953, 0.10896862298250198, 0.09972911328077316, 0.07706748694181442, 0.06549972295761108, 0.0758560374379158, 0.05827299878001213, 0.08152897655963898, 0.04863050580024719, 0.061453066766262054], "train_accs": [0.9466081448969387, 1.0], "dev_accs": [0.9434592649704446, 1.0], "test_accs": [0.08278145695364239, 0.10016556291390728]}