{"loss_data": [3.4299135208129883, 2.7411019802093506, 2.5375680923461914, 2.294609308242798, 1.9636461734771729, 1.7372864484786987, 1.4384918212890625, 1.2506837844848633, 1.0379948616027832, 0.9170045852661133, 0.7542471885681152, 0.6483153104782104, 0.5590250492095947, 0.5071795582771301, 0.41773781180381775, 0.3982958197593689, 0.3642636239528656, 0.31281542778015137, 0.2871372103691101, 0.27227985858917236, 0.24474437534809113, 0.21979418396949768, 0.20828986167907715, 0.18191301822662354, 0.1496066004037857, 0.15880268812179565, 0.13058239221572876, 0.11032743752002716, 0.11353929340839386, 0.10711702704429626], "train_accs": [0.9232179565531419, 1.0], "dev_accs": [0.9036237471087124, 1.0], "test_accs": [0.06539735099337748, 0.9991721854304636]}