{"loss_data": [3.139228582382202, 2.7096621990203857, 2.450995445251465, 2.195054531097412, 1.8906824588775635, 1.6139166355133057, 1.3533742427825928, 1.1797560453414917, 0.9709637761116028, 0.8146517276763916, 0.7202441692352295, 0.5660768151283264, 0.45421281456947327, 0.41225624084472656, 0.40196940302848816, 0.337247759103775, 0.2819894552230835, 0.2761822044849396, 0.23153524100780487, 0.19774869084358215, 0.1875809282064438, 0.18961367011070251, 0.16175100207328796, 0.15257850289344788, 0.11947858333587646, 0.10866072028875351, 0.11753856390714645, 0.10433321446180344, 0.07533647119998932, 0.08638790994882584], "train_accs": [0.9998888827157064, 1.0], "dev_accs": [0.9943459264970445, 0.9971729632485222], "test_accs": [0.5985099337748344, 0.9486754966887417]}