{"loss_data": [2.983189582824707, 2.156939744949341, 2.0106306076049805, 1.8801531791687012, 1.5221444368362427, 1.165719985961914, 0.9056264758110046, 0.6802001595497131, 0.5456394553184509, 0.4293656647205353, 0.36815643310546875, 0.2829127311706543, 0.25829827785491943, 0.20895814895629883, 0.19926667213439941, 0.18995551764965057, 0.17230597138404846, 0.14368988573551178, 0.13319045305252075, 0.10658791661262512, 0.11059188097715378, 0.09804107993841171, 0.08931943029165268, 0.06820458173751831, 0.06453199684619904, 0.06456489861011505, 0.07011919468641281, 0.051060281693935394, 0.06454908847808838, 0.04354415461421013], "train_accs": [0.9972220678926607, 1.0], "dev_accs": [0.9159599074787972, 1.0], "test_accs": [0.048841059602649006, 0.8021523178807947]}