{"loss_data": [2.8215770721435547, 2.164663791656494, 2.054225444793701, 2.0251502990722656, 1.9368937015533447, 1.68800687789917, 1.31476891040802, 1.0050500631332397, 0.7715733051300049, 0.6119980812072754, 0.5033639073371887, 0.41164430975914, 0.34052717685699463, 0.2839623987674713, 0.2243984043598175, 0.23301197588443756, 0.1767933964729309, 0.17306606471538544, 0.16022072732448578, 0.12650518119335175, 0.10861870646476746, 0.1037437841296196, 0.08514048159122467, 0.07821794599294662, 0.07581505924463272, 0.0659952312707901, 0.06205970048904419, 0.07126256823539734, 0.04670735076069832, 0.05439522862434387], "train_accs": [0.99533307405967, 0.9998333240735596], "dev_accs": [0.9956309432022616, 0.9994859933179131], "test_accs": [0.016556291390728478, 0.039735099337748346]}