{"loss_data": [3.014636516571045, 2.7202746868133545, 2.5524885654449463, 2.3171658515930176, 2.0195724964141846, 1.6932685375213623, 1.4075416326522827, 1.245660424232483, 1.0470467805862427, 0.8632677793502808, 0.7424640655517578, 0.640744149684906, 0.5264366865158081, 0.42391839623451233, 0.41161203384399414, 0.369754821062088, 0.3382018208503723, 0.31258824467658997, 0.3025279939174652, 0.23104752600193024, 0.23215347528457642, 0.21370767056941986, 0.15890395641326904, 0.16855868697166443, 0.17272894084453583, 0.11266176402568817, 0.11376570165157318, 0.1050601676106453, 0.0992899164557457, 0.09634228050708771], "train_accs": [0.9984999166620367, 0.9999444413578532], "dev_accs": [0.9750706759187869, 1.0], "test_accs": [0.11092715231788079, 0.16556291390728478]}