{"loss_data": [3.1619083881378174, 2.102721691131592, 2.0146472454071045, 1.935556411743164, 1.788057804107666, 1.4479544162750244, 1.169093132019043, 0.9382273554801941, 0.6773940324783325, 0.5419765114784241, 0.45492905378341675, 0.34405750036239624, 0.28609147667884827, 0.22803030908107758, 0.19674408435821533, 0.19485700130462646, 0.172698974609375, 0.1607362926006317, 0.12315722554922104, 0.11521866917610168, 0.09385398030281067, 0.08645597100257874, 0.07898461818695068, 0.0719517394900322, 0.06444647908210754, 0.067462258040905, 0.06876229494810104, 0.05955110490322113, 0.05692893639206886, 0.045369818806648254], "train_accs": [0.9966664814711929, 1.0], "dev_accs": [0.9969159599074788, 1.0], "test_accs": [0.0033112582781456954, 0.06291390728476821]}