{"loss_data": [2.3840177059173584, 1.9390941858291626, 1.740991473197937, 1.463841199874878, 1.2062108516693115, 0.9248085021972656, 0.79249107837677, 0.6098421812057495, 0.49268555641174316, 0.41059526801109314, 0.3186401426792145, 0.2660660147666931, 0.24141938984394073, 0.2026435136795044, 0.17742900550365448, 0.16964666545391083, 0.13983944058418274, 0.132052481174469, 0.11832474917173386, 0.11545161157846451, 0.0964236781001091, 0.07451633363962173, 0.07333359122276306, 0.06285064667463303, 0.06661693006753922, 0.05617067590355873, 0.05673640966415405, 0.05253736302256584, 0.04948931559920311, 0.033968765288591385], "train_accs": [0.9979998888827157, 1.0], "dev_accs": [0.9984579799537394, 1.0], "test_accs": [0.2259933774834437, 0.4097682119205298]}