{"loss_data": [3.168928623199463, 2.6932969093322754, 2.430685043334961, 2.094797372817993, 1.7368167638778687, 1.5031980276107788, 1.2974544763565063, 1.106464147567749, 0.9396563172340393, 0.7749616503715515, 0.6540453433990479, 0.594474732875824, 0.505818247795105, 0.4085535407066345, 0.3594990670681, 0.32345765829086304, 0.2901933491230011, 0.2847239673137665, 0.2699451446533203, 0.22762881219387054, 0.17916658520698547, 0.17254935204982758, 0.19374465942382812, 0.13067717850208282, 0.1318858414888382, 0.11942584067583084, 0.12236007302999496, 0.11536648869514465, 0.09505119919776917, 0.08744537085294724], "train_accs": [1.0, 1.0], "dev_accs": [0.9727576458493961, 0.9982009766126959], "test_accs": [0.8137417218543046, 0.9991721854304636]}