{"loss_data": [3.345900058746338, 2.8104934692382812, 2.544734239578247, 2.250864267349243, 1.9629327058792114, 1.7595851421356201, 1.5221019983291626, 1.3315426111221313, 1.182317852973938, 1.0281163454055786, 0.9187484383583069, 0.7698374390602112, 0.6491947770118713, 0.5541918277740479, 0.5145637392997742, 0.4972350001335144, 0.42944297194480896, 0.3760167062282562, 0.3387899696826935, 0.2795676589012146, 0.24310818314552307, 0.2326734960079193, 0.23676635324954987, 0.19515222311019897, 0.1595623940229416, 0.16679170727729797, 0.13933750987052917, 0.13379226624965668, 0.10623706132173538, 0.09390939772129059], "train_accs": [0.9614423023501306, 1.0], "dev_accs": [0.8504240555127217, 0.9997429966589566], "test_accs": [0.0, 0.3360927152317881]}