{"loss_data": [3.139552116394043, 2.6184730529785156, 2.2805206775665283, 1.9594229459762573, 1.6760122776031494, 1.4505953788757324, 1.165274739265442, 0.9774752855300903, 0.8473623991012573, 0.7068538069725037, 0.626749575138092, 0.5224608182907104, 0.42878711223602295, 0.3593207597732544, 0.34578192234039307, 0.3445715606212616, 0.2967020273208618, 0.2631852626800537, 0.23493516445159912, 0.1946728527545929, 0.1837734580039978, 0.17534443736076355, 0.15861830115318298, 0.13980431854724884, 0.1205938309431076, 0.11710118502378464, 0.13662903010845184, 0.09946583211421967, 0.09500142186880112, 0.10418091714382172], "train_accs": [1.0, 1.0], "dev_accs": [0.978668722693395, 0.9994859933179131], "test_accs": [0.039735099337748346, 0.05132450331125828]}