{"loss_data": [2.576514959335327, 2.044205904006958, 1.7140864133834839, 1.353420376777649, 1.0168365240097046, 0.7305405139923096, 0.6104474663734436, 0.47263938188552856, 0.39052271842956543, 0.31889647245407104, 0.302147775888443, 0.2560669183731079, 0.19278092682361603, 0.16395042836666107, 0.157682865858078, 0.15657877922058105, 0.1290750950574875, 0.11171804368495941, 0.11619370430707932, 0.0875655934214592, 0.08041881024837494, 0.08683595061302185, 0.07326305657625198, 0.06539503484964371, 0.061330076307058334, 0.04648066312074661, 0.041871603578329086, 0.04470708221197128, 0.05593030899763107, 0.038367897272109985], "train_accs": [1.0, 1.0], "dev_accs": [0.9182729375481882, 1.0], "test_accs": [0.0, 0.06870860927152318]}