{"loss_data": [3.523369789123535, 2.7080841064453125, 2.4501571655273438, 2.1398894786834717, 1.865035891532898, 1.6637693643569946, 1.4303174018859863, 1.2734583616256714, 1.0740036964416504, 0.9585469365119934, 0.8042314052581787, 0.7025653719902039, 0.6207561492919922, 0.4900875687599182, 0.4703877866268158, 0.4303815960884094, 0.38624107837677, 0.31157585978507996, 0.3035806715488434, 0.25614115595817566, 0.23359757661819458, 0.21834827959537506, 0.16635236144065857, 0.1847841739654541, 0.1402692049741745, 0.12997905910015106, 0.1144750714302063, 0.11481882631778717, 0.10464049875736237, 0.10437542200088501], "train_accs": [0.8959942219012167, 1.0], "dev_accs": [0.905165767154973, 0.9997429966589566], "test_accs": [0.02152317880794702, 0.9793046357615894]}