{"loss_data": [2.8530726432800293, 2.2359652519226074, 1.9639545679092407, 1.6905931234359741, 1.3466122150421143, 1.0874041318893433, 0.9654458165168762, 0.7774830460548401, 0.6415745615959167, 0.5108846426010132, 0.4172709882259369, 0.34152844548225403, 0.28073200583457947, 0.22022120654582977, 0.1812143623828888, 0.17497803270816803, 0.15458497405052185, 0.14233772456645966, 0.13100017607212067, 0.10927622020244598, 0.09452001750469208, 0.07195602357387543, 0.07163681834936142, 0.06625278294086456, 0.05027759075164795, 0.06010337918996811, 0.05831277370452881, 0.05140705406665802, 0.04670700430870056, 0.04474484547972679], "train_accs": [0.9916106450358353, 0.9992777376520918], "dev_accs": [0.9915188897455667, 0.9997429966589566], "test_accs": [0.13245033112582782, 0.6192052980132451]}