{"loss_data": [2.8420934677124023, 1.9922491312026978, 1.6129624843597412, 1.3739615678787231, 1.0802096128463745, 0.8616178035736084, 0.7015447020530701, 0.5739962458610535, 0.4711589217185974, 0.39203470945358276, 0.3147813379764557, 0.2933049201965332, 0.2489696592092514, 0.2243758589029312, 0.1961694061756134, 0.1936352252960205, 0.16081126034259796, 0.1390276998281479, 0.14062348008155823, 0.11169621348381042, 0.10745785385370255, 0.1058553010225296, 0.09025634825229645, 0.06988093256950378, 0.06916307657957077, 0.07392890006303787, 0.05554834008216858, 0.0713215097784996, 0.06097692251205444, 0.050894323736429214], "train_accs": [0.89749430523918, 1.0], "dev_accs": [0.9061937805191468, 1.0], "test_accs": [0.0016556291390728477, 0.18956953642384106]}