{"loss_data": [2.8710081577301025, 2.5568180084228516, 2.237658977508545, 1.9034148454666138, 1.6473075151443481, 1.375292420387268, 1.1606218814849854, 0.9813941121101379, 0.8301960229873657, 0.709639847278595, 0.5859770774841309, 0.5068641901016235, 0.4332919418811798, 0.34634312987327576, 0.3606593906879425, 0.3547242283821106, 0.28942951560020447, 0.2481049746274948, 0.24792280793190002, 0.2127724140882492, 0.1794622838497162, 0.1655493676662445, 0.16971175372600555, 0.14177431166172028, 0.13395582139492035, 0.11828956007957458, 0.10613884776830673, 0.09418376535177231, 0.10902605205774307, 0.10292880237102509], "train_accs": [1.0, 1.0], "dev_accs": [0.905165767154973, 1.0], "test_accs": [0.09437086092715231, 0.2632450331125828]}