{"loss_data": [3.304109811782837, 2.8456852436065674, 2.5676252841949463, 2.190403699874878, 1.8525315523147583, 1.5597436428070068, 1.3094426393508911, 1.1479318141937256, 0.9659484028816223, 0.8610928058624268, 0.7157192230224609, 0.6343743801116943, 0.5441410541534424, 0.431586891412735, 0.3904978930950165, 0.4307740032672882, 0.35139134526252747, 0.3101342022418976, 0.2589675188064575, 0.22912202775478363, 0.21036647260189056, 0.18484251201152802, 0.16447579860687256, 0.13566190004348755, 0.12370895594358444, 0.12255286425352097, 0.10616976022720337, 0.1151963397860527, 0.10737187415361404, 0.0823790580034256], "train_accs": [1.0, 1.0], "dev_accs": [0.9902338730403495, 1.0], "test_accs": [0.125, 0.38162251655629137]}