{"loss_data": [3.6529791355133057, 2.2379488945007324, 2.0090115070343018, 1.9430510997772217, 1.6973466873168945, 1.4013179540634155, 1.1929956674575806, 0.9037880301475525, 0.7401736974716187, 0.5701610445976257, 0.4926948547363281, 0.4169918894767761, 0.32989752292633057, 0.2767758369445801, 0.24151627719402313, 0.23967345058918, 0.18953447043895721, 0.1756775975227356, 0.16032767295837402, 0.12953725457191467, 0.13133424520492554, 0.11246541142463684, 0.09581757336854935, 0.0702587217092514, 0.0764511227607727, 0.0739889144897461, 0.07205234467983246, 0.06112860143184662, 0.06053366884589195, 0.044398341327905655], "train_accs": [0.9921662314573032, 1.0], "dev_accs": [0.9085068105885377, 1.0], "test_accs": [0.024006622516556293, 0.2293046357615894]}