{"loss_data": [2.6033403873443604, 1.9775320291519165, 1.635940670967102, 1.2794417142868042, 1.079126000404358, 0.818070113658905, 0.7183515429496765, 0.5797132253646851, 0.4746335446834564, 0.4033166468143463, 0.34735384583473206, 0.2650953233242035, 0.21178646385669708, 0.2103571593761444, 0.16505393385887146, 0.15318162739276886, 0.15303535759449005, 0.12847565114498138, 0.11514179408550262, 0.10300689935684204, 0.10377286374568939, 0.08740732073783875, 0.07323829084634781, 0.06118124723434448, 0.047278571873903275, 0.05319446325302124, 0.05168146640062332, 0.05882573872804642, 0.03994276747107506, 0.043294306844472885], "train_accs": [0.9978332129562754, 1.0], "dev_accs": [0.8858905165767155, 1.0], "test_accs": [0.054635761589403975, 0.1183774834437086]}