{"loss_data": [3.227330446243286, 2.7647619247436523, 2.5654563903808594, 2.206125259399414, 1.9147343635559082, 1.607399582862854, 1.3512846231460571, 1.1465256214141846, 0.9344972372055054, 0.7853251099586487, 0.6860408186912537, 0.5753225684165955, 0.49400535225868225, 0.3755567669868469, 0.36524006724357605, 0.379768431186676, 0.28885719180107117, 0.29222071170806885, 0.2844959497451782, 0.2240751087665558, 0.19043296575546265, 0.1815880835056305, 0.16497206687927246, 0.14255782961845398, 0.14286494255065918, 0.12202135473489761, 0.12373708933591843, 0.09623008966445923, 0.0977487713098526, 0.10219775885343552], "train_accs": [0.9974443024612478, 0.9999444413578532], "dev_accs": [0.9133898740683629, 1.0], "test_accs": [0.0, 0.18956953642384106]}