{"loss_data": [3.1692590713500977, 2.6072452068328857, 2.3541314601898193, 2.0099406242370605, 1.7648160457611084, 1.5289236307144165, 1.2409396171569824, 1.096225619316101, 1.0004500150680542, 0.8288518786430359, 0.6977269649505615, 0.6116296052932739, 0.4871153235435486, 0.41051140427589417, 0.365524560213089, 0.3649541139602661, 0.31157562136650085, 0.262136310338974, 0.2407209724187851, 0.20089876651763916, 0.20105665922164917, 0.16163714230060577, 0.1401318609714508, 0.15024679899215698, 0.1272992640733719, 0.11293239891529083, 0.09526535868644714, 0.08888159692287445, 0.11152368783950806, 0.08279542624950409], "train_accs": [0.9836657592088449, 1.0], "dev_accs": [0.8583911590850681, 1.0], "test_accs": [0.0008278145695364238, 0.4420529801324503]}