{"loss_data": [2.969942331314087, 2.219470977783203, 1.9994738101959229, 1.7409666776657104, 1.4965550899505615, 1.2671912908554077, 1.0373892784118652, 0.8231245875358582, 0.6433269381523132, 0.5295230746269226, 0.4396684467792511, 0.3805850148200989, 0.32660457491874695, 0.26793262362480164, 0.24067585170269012, 0.23198102414608002, 0.20837447047233582, 0.17867408692836761, 0.15719597041606903, 0.12998813390731812, 0.12022722512483597, 0.10746361315250397, 0.08742553740739822, 0.0882628783583641, 0.0954023152589798, 0.09921595454216003, 0.06195022910833359, 0.06076684221625328, 0.07178238779306412, 0.07404281198978424], "train_accs": [0.9643313517417634, 1.0], "dev_accs": [0.9660755589822668, 1.0], "test_accs": [0.005794701986754967, 0.009105960264900662]}