{"loss_data": [2.310370445251465, 2.0487709045410156, 1.8237814903259277, 1.4813530445098877, 1.194640874862671, 1.0175379514694214, 0.8570746779441833, 0.7294012904167175, 0.5706300735473633, 0.4971669316291809, 0.4309034049510956, 0.3348751664161682, 0.2792948782444, 0.23335982859134674, 0.19343063235282898, 0.19411416351795197, 0.1750926673412323, 0.14686352014541626, 0.13209150731563568, 0.10181128233671188, 0.10907293111085892, 0.09958135336637497, 0.08636536449193954, 0.06978653371334076, 0.061253298074007034, 0.08524899929761887, 0.050551045686006546, 0.06081865727901459, 0.06125139072537422, 0.04612665995955467], "train_accs": [0.9962220123340185, 1.0], "dev_accs": [0.9956309432022616, 0.9997429966589566], "test_accs": [0.013245033112582781, 0.1672185430463576]}