{"loss_data": [3.1524038314819336, 2.74792742729187, 2.663574695587158, 2.412867546081543, 2.204003095626831, 1.8277225494384766, 1.5425692796707153, 1.2721490859985352, 1.0514620542526245, 0.8585102558135986, 0.7361324429512024, 0.6300716400146484, 0.5137993097305298, 0.42289263010025024, 0.42431238293647766, 0.3630215525627136, 0.34860101342201233, 0.28535816073417664, 0.2686570882797241, 0.21724456548690796, 0.19647221267223358, 0.20111879706382751, 0.17292454838752747, 0.14444226026535034, 0.1310490071773529, 0.13851141929626465, 0.11372493207454681, 0.09944365918636322, 0.08753085881471634, 0.08374383300542831], "train_accs": [0.9999444413578532, 1.0], "dev_accs": [1.0, 1.0], "test_accs": [0.5836092715231788, 0.8369205298013245]}