{"loss_data": [2.375814199447632, 1.7686140537261963, 1.330579400062561, 1.0084776878356934, 0.805451512336731, 0.5885427594184875, 0.494779109954834, 0.38586047291755676, 0.3032037913799286, 0.25399067997932434, 0.22282788157463074, 0.18844018876552582, 0.15721793472766876, 0.15961883962154388, 0.13781781494617462, 0.12183869630098343, 0.10658196359872818, 0.10305249691009521, 0.11065979301929474, 0.08376238495111465, 0.07589928805828094, 0.06693814694881439, 0.05611094832420349, 0.051978301256895065, 0.05362420529127121, 0.057118143886327744, 0.05152759328484535, 0.042948585003614426, 0.04518768563866615, 0.037511128932237625], "train_accs": [0.9942219012167343, 1.0], "dev_accs": [0.9133898740683629, 1.0], "test_accs": [0.3162251655629139, 0.35016556291390727]}