{"loss_data": [2.868096351623535, 2.072058916091919, 1.850781798362732, 1.6315494775772095, 1.436504602432251, 1.2175511121749878, 1.1028926372528076, 0.9711843729019165, 0.7493875622749329, 0.6155659556388855, 0.5045164227485657, 0.431169718503952, 0.33809831738471985, 0.3083242177963257, 0.24283766746520996, 0.23043988645076752, 0.18703946471214294, 0.1776980310678482, 0.16507971286773682, 0.12580662965774536, 0.0960111990571022, 0.1092137023806572, 0.0918545052409172, 0.08108726888895035, 0.08559349924325943, 0.06570016592741013, 0.0674012079834938, 0.05552588403224945, 0.04008374363183975, 0.06256651133298874], "train_accs": [0.9451636202011223, 1.0], "dev_accs": [0.899254690310974, 1.0], "test_accs": [0.08195364238410596, 0.2392384105960265]}