{"loss_data": [2.775872230529785, 2.054603099822998, 1.7054646015167236, 1.449047327041626, 1.2144739627838135, 0.9866576790809631, 0.8537999391555786, 0.6713479161262512, 0.5696504712104797, 0.48398175835609436, 0.40606677532196045, 0.334349125623703, 0.2670811712741852, 0.23344962298870087, 0.19161495566368103, 0.2092905193567276, 0.17749802768230438, 0.16404391825199127, 0.12550123035907745, 0.11219757050275803, 0.10762891918420792, 0.08790300041437149, 0.09495952725410461, 0.07575853168964386, 0.0714096873998642, 0.07662054151296616, 0.07582525163888931, 0.05687502771615982, 0.06515093147754669, 0.049050524830818176], "train_accs": [0.9884993610756153, 0.9981665648091561], "dev_accs": [0.9866358262657414, 0.9982009766126959], "test_accs": [0.0, 0.005794701986754967]}