{"loss_data": [3.5682713985443115, 2.235671281814575, 1.9028273820877075, 1.684770107269287, 1.4886759519577026, 1.2656983137130737, 1.0960255861282349, 0.8699971437454224, 0.6637908220291138, 0.5679457783699036, 0.43676432967185974, 0.36966121196746826, 0.31223243474960327, 0.2596885859966278, 0.24398979544639587, 0.22881463170051575, 0.19645650684833527, 0.15521769225597382, 0.14981350302696228, 0.12751521170139313, 0.12266159057617188, 0.11662044376134872, 0.08928461372852325, 0.08235670626163483, 0.0859871581196785, 0.06550319492816925, 0.08510810881853104, 0.07719191163778305, 0.0700037032365799, 0.05693927779793739], "train_accs": [0.8980498916606479, 1.0], "dev_accs": [0.9067077872012336, 1.0], "test_accs": [0.0, 0.6705298013245033]}