{"loss_data": [2.9686880111694336, 2.095466375350952, 1.9048792123794556, 1.622254729270935, 1.3000537157058716, 0.9847269058227539, 0.7737785577774048, 0.591935396194458, 0.445675253868103, 0.35171931982040405, 0.2799473702907562, 0.2129240483045578, 0.20091991126537323, 0.17605526745319366, 0.1427493542432785, 0.1518223136663437, 0.128707155585289, 0.1264183670282364, 0.1063244640827179, 0.08775606006383896, 0.10090890526771545, 0.06871843338012695, 0.08046730607748032, 0.0511607751250267, 0.057898811995983124, 0.05516103655099869, 0.043917857110500336, 0.06235653907060623, 0.03442186862230301, 0.04247841611504555], "train_accs": [0.9994444135785321, 1.0], "dev_accs": [0.9056797738370599, 1.0], "test_accs": [0.08443708609271523, 0.804635761589404]}