{"loss_data": [3.3520395755767822, 2.796950340270996, 2.6721384525299072, 2.5053610801696777, 2.112610101699829, 1.7796434164047241, 1.467971682548523, 1.297607183456421, 1.1001195907592773, 0.9082320332527161, 0.8404091000556946, 0.7228396534919739, 0.6135302186012268, 0.601096510887146, 0.4582878053188324, 0.4463476240634918, 0.38317397236824036, 0.35489970445632935, 0.3003980815410614, 0.25496503710746765, 0.2412743717432022, 0.23175357282161713, 0.18830794095993042, 0.17580842971801758, 0.1571633666753769, 0.15658317506313324, 0.13860702514648438, 0.11295577138662338, 0.12309817969799042, 0.1143374964594841], "train_accs": [0.9996110895049725, 1.0], "dev_accs": [0.5471601130814701, 0.8894885633513235], "test_accs": [0.0, 0.05132450331125828]}