{"loss_data": [3.1026883125305176, 2.6801815032958984, 2.415907621383667, 2.0922186374664307, 1.8792264461517334, 1.6291130781173706, 1.4289032220840454, 1.2715381383895874, 1.0479518175125122, 0.9024085998535156, 0.7909667491912842, 0.6874949336051941, 0.5654123425483704, 0.4858628511428833, 0.44903990626335144, 0.41322648525238037, 0.39877137541770935, 0.32405197620391846, 0.3131536543369293, 0.28001901507377625, 0.24194782972335815, 0.20137296617031097, 0.187170147895813, 0.17233993113040924, 0.16127535700798035, 0.14041945338249207, 0.14187008142471313, 0.11967768520116806, 0.11032644659280777, 0.08584626019001007], "train_accs": [1.0, 1.0], "dev_accs": [0.9992289899768697, 1.0], "test_accs": [0.3956953642384106, 0.9966887417218543]}