{"loss_data": [2.6593682765960693, 1.9636015892028809, 1.7359217405319214, 1.4187591075897217, 1.0710734128952026, 0.9017571806907654, 0.6780766248703003, 0.6150292158126831, 0.45801234245300293, 0.36097919940948486, 0.30214986205101013, 0.25156092643737793, 0.24649609625339508, 0.18485550582408905, 0.17162306606769562, 0.1653841733932495, 0.13561716675758362, 0.12301984429359436, 0.11150206625461578, 0.09254339337348938, 0.08156220614910126, 0.06991074979305267, 0.06865227967500687, 0.07091490924358368, 0.0583513118326664, 0.04262164980173111, 0.05089583992958069, 0.045707330107688904, 0.043539032340049744, 0.03890812024474144], "train_accs": [0.9994444135785321, 1.0], "dev_accs": [0.9994859933179131, 1.0], "test_accs": [0.09850993377483444, 0.6357615894039735]}