{"loss_data": [3.267643451690674, 2.7872729301452637, 2.646322250366211, 2.338822841644287, 1.9426171779632568, 1.6685594320297241, 1.416539192199707, 1.1899009943008423, 1.0355621576309204, 0.8670982122421265, 0.728969931602478, 0.6182027459144592, 0.5429468750953674, 0.4439738690853119, 0.39261123538017273, 0.3901013731956482, 0.35281679034233093, 0.30283331871032715, 0.25988492369651794, 0.209483802318573, 0.20561979711055756, 0.18424218893051147, 0.1601792275905609, 0.16053877770900726, 0.1351289004087448, 0.1147502139210701, 0.12335293740034103, 0.09198097884654999, 0.09637925028800964, 0.07422719150781631], "train_accs": [1.0, 1.0], "dev_accs": [0.9054227704960165, 0.9966589565664353], "test_accs": [0.0347682119205298, 0.33857615894039733]}