{"loss_data": [3.2926931381225586, 2.817080497741699, 2.5833635330200195, 2.262249708175659, 1.9555604457855225, 1.657006859779358, 1.398934006690979, 1.136930227279663, 1.0291526317596436, 0.8745773434638977, 0.7276776432991028, 0.6784091591835022, 0.5563023686408997, 0.48570454120635986, 0.41239404678344727, 0.4064761996269226, 0.3432977497577667, 0.3226325511932373, 0.26595088839530945, 0.26920148730278015, 0.24281764030456543, 0.22910332679748535, 0.17604969441890717, 0.14712673425674438, 0.131011500954628, 0.13073605298995972, 0.10305231064558029, 0.09533724188804626, 0.11258227378129959, 0.11550499498844147], "train_accs": [1.0, 1.0], "dev_accs": [0.9997429966589566, 1.0], "test_accs": [0.6481788079470199, 0.9983443708609272]}