{"loss_data": [3.2378900051116943, 2.630467653274536, 2.4137890338897705, 2.0965802669525146, 1.8197238445281982, 1.5266191959381104, 1.3841150999069214, 1.1285369396209717, 0.9969419836997986, 0.83918297290802, 0.6882695555686951, 0.5706050395965576, 0.4991448223590851, 0.4743402898311615, 0.40574491024017334, 0.3662421703338623, 0.3222090005874634, 0.26324284076690674, 0.29250064492225647, 0.22065700590610504, 0.1964956820011139, 0.1639774739742279, 0.17693902552127838, 0.17274244129657745, 0.1413608342409134, 0.1435195654630661, 0.10939241200685501, 0.0923355370759964, 0.09519194066524506, 0.10663815587759018], "train_accs": [0.99533307405967, 1.0], "dev_accs": [0.9144178874325366, 0.9817527627859162], "test_accs": [0.23013245033112584, 0.6134105960264901]}