{"loss_data": [3.309147834777832, 2.699355125427246, 2.5087311267852783, 2.276564359664917, 1.9944086074829102, 1.6991684436798096, 1.3608851432800293, 1.1806308031082153, 0.9977913498878479, 0.8505591750144958, 0.6753419041633606, 0.6329362392425537, 0.48817330598831177, 0.4416152834892273, 0.3917875587940216, 0.3679489195346832, 0.33753302693367004, 0.27375975251197815, 0.23870986700057983, 0.22495459020137787, 0.19511131942272186, 0.18217913806438446, 0.1649475246667862, 0.14804846048355103, 0.1357453167438507, 0.13594649732112885, 0.12664733827114105, 0.09807876497507095, 0.09597329795360565, 0.10077349841594696], "train_accs": [1.0, 1.0], "dev_accs": [0.9953739398612182, 0.9997429966589566], "test_accs": [0.4478476821192053, 0.7955298013245033]}