{"loss_data": [3.3736374378204346, 2.7910876274108887, 2.6505606174468994, 2.3590545654296875, 2.009945869445801, 1.6822521686553955, 1.4548399448394775, 1.2122758626937866, 1.0005722045898438, 0.8316554427146912, 0.7008576989173889, 0.5726545453071594, 0.5007122755050659, 0.4231504797935486, 0.3535897731781006, 0.41007986664772034, 0.32772091031074524, 0.2763228714466095, 0.24647073447704315, 0.24612821638584137, 0.1747031956911087, 0.1905500292778015, 0.2092854529619217, 0.13542671501636505, 0.12763498723506927, 0.1243983581662178, 0.11553236842155457, 0.10297825187444687, 0.08773083239793777, 0.10175997018814087], "train_accs": [1.0, 1.0], "dev_accs": [0.9067077872012336, 1.0], "test_accs": [0.0, 0.6514900662251656]}