{"loss_data": [2.610471725463867, 1.8839021921157837, 1.5374597311019897, 1.3266379833221436, 1.0381624698638916, 0.8981419205665588, 0.7646538615226746, 0.5790125727653503, 0.48494499921798706, 0.4014863669872284, 0.36348116397857666, 0.2863381803035736, 0.24841991066932678, 0.21486268937587738, 0.19683198630809784, 0.18075886368751526, 0.15327633917331696, 0.14094489812850952, 0.14074856042861938, 0.09112509340047836, 0.1231282651424408, 0.08319500088691711, 0.0863015428185463, 0.06306224316358566, 0.07370388507843018, 0.06048864498734474, 0.05979848653078079, 0.06113292649388313, 0.05396261066198349, 0.042348701506853104], "train_accs": [0.9081060058892161, 0.9999444413578532], "dev_accs": [0.899768696993061, 1.0], "test_accs": [0.41887417218543044, 0.6556291390728477]}