{"loss_data": [3.271623373031616, 2.7132320404052734, 2.432129383087158, 2.1116175651550293, 1.7758644819259644, 1.5439527034759521, 1.2406193017959595, 1.0664645433425903, 0.9134686589241028, 0.7798610329627991, 0.6664029359817505, 0.5724208354949951, 0.4690943956375122, 0.4409183859825134, 0.36366400122642517, 0.3596354126930237, 0.3049328923225403, 0.28290489315986633, 0.268131822347641, 0.2292250543832779, 0.19441117346286774, 0.1792304515838623, 0.1636645793914795, 0.15081200003623962, 0.14124764502048492, 0.12936264276504517, 0.12204453349113464, 0.12497091293334961, 0.09157772362232208, 0.08434021472930908], "train_accs": [1.0, 1.0], "dev_accs": [0.8936006168080185, 1.0], "test_accs": [0.050496688741721855, 0.9859271523178808]}