{"loss_data": [2.8672358989715576, 2.0843911170959473, 1.9044846296310425, 1.779704213142395, 1.527463436126709, 1.3137643337249756, 1.0920664072036743, 0.8272026777267456, 0.6549339890480042, 0.498185932636261, 0.4004930853843689, 0.3401666581630707, 0.3095191717147827, 0.2365153729915619, 0.2236405313014984, 0.21729381382465363, 0.18470601737499237, 0.16757981479167938, 0.16821399331092834, 0.1338665634393692, 0.10254945605993271, 0.08543504774570465, 0.08290102332830429, 0.06553500890731812, 0.06624849140644073, 0.06967534869909286, 0.05666463449597359, 0.0722392275929451, 0.05796147882938385, 0.05338404327630997], "train_accs": [0.9820545585865882, 0.9984999166620367], "dev_accs": [0.8979696736057569, 0.9162169108198407], "test_accs": [0.23344370860927152, 0.7144039735099338]}