{"loss_data": [3.0160000324249268, 2.590423107147217, 2.1876814365386963, 1.8416377305984497, 1.5797492265701294, 1.2876290082931519, 1.0779001712799072, 0.8872906565666199, 0.7574476599693298, 0.6224985122680664, 0.5654979944229126, 0.49002334475517273, 0.39311254024505615, 0.30193960666656494, 0.3187650144100189, 0.3235992193222046, 0.2696601450443268, 0.24575944244861603, 0.21176980435848236, 0.18133445084095, 0.16316427290439606, 0.14517267048358917, 0.12646923959255219, 0.11703585088253021, 0.12390521168708801, 0.09547054022550583, 0.09355563670396805, 0.09027469903230667, 0.08530251681804657, 0.09222434461116791], "train_accs": [1.0, 1.0], "dev_accs": [0.9976869699306091, 1.0], "test_accs": [0.0008278145695364238, 0.32781456953642385]}