{"loss_data": [3.310913324356079, 2.7561168670654297, 2.658008337020874, 2.43445086479187, 2.152501106262207, 1.860288381576538, 1.534435510635376, 1.3504153490066528, 1.0846096277236938, 0.9803177714347839, 0.823673665523529, 0.7256072163581848, 0.6045311093330383, 0.5027793049812317, 0.46250030398368835, 0.4358193576335907, 0.3686695992946625, 0.35217705368995667, 0.28541862964630127, 0.26193827390670776, 0.2437581717967987, 0.18643870949745178, 0.20685626566410065, 0.17749367654323578, 0.13832099735736847, 0.14466924965381622, 0.1337425708770752, 0.11073703318834305, 0.10243458300828934, 0.10419391095638275], "train_accs": [0.9995555308628257, 1.0], "dev_accs": [0.9825237728090466, 0.9994859933179131], "test_accs": [0.12251655629139073, 0.9528145695364238]}