{"loss_data": [3.131256341934204, 2.582918882369995, 2.310636281967163, 2.0225589275360107, 1.7825002670288086, 1.5149544477462769, 1.2885041236877441, 1.0196970701217651, 0.8979018330574036, 0.7860523462295532, 0.6175031661987305, 0.5540375709533691, 0.4700963795185089, 0.398327112197876, 0.3911958634853363, 0.39372602105140686, 0.3279821276664734, 0.2718781530857086, 0.26286762952804565, 0.2433391511440277, 0.20309226214885712, 0.17671805620193481, 0.15937426686286926, 0.1557580977678299, 0.1377590149641037, 0.14170457422733307, 0.12993410229682922, 0.11037203669548035, 0.10432712733745575, 0.10230378061532974], "train_accs": [0.8984943607978221, 1.0], "dev_accs": [0.908763813929581, 1.0], "test_accs": [0.0016556291390728477, 0.1423841059602649]}