{"loss_data": [3.2014758586883545, 2.613154411315918, 2.231015205383301, 1.9845103025436401, 1.7482686042785645, 1.4478986263275146, 1.3273754119873047, 1.1341532468795776, 0.9720962643623352, 0.8469020128250122, 0.7150399088859558, 0.5918378233909607, 0.5668370723724365, 0.44634994864463806, 0.3950763940811157, 0.4330192804336548, 0.34336796402931213, 0.29830607771873474, 0.2664840817451477, 0.2238326221704483, 0.22407463192939758, 0.20049704611301422, 0.18035371601581573, 0.1650836169719696, 0.12873393297195435, 0.14380085468292236, 0.11969119310379028, 0.12005313485860825, 0.11427471786737442, 0.09718654304742813], "train_accs": [0.9998888827157064, 1.0], "dev_accs": [0.9987149832947828, 1.0], "test_accs": [0.16639072847682118, 0.5985099337748344]}