{"loss_data": [3.088793992996216, 2.2340052127838135, 2.0315003395080566, 1.9275809526443481, 1.739898920059204, 1.447795033454895, 1.2485156059265137, 1.0107313394546509, 0.7801814079284668, 0.624457061290741, 0.5227338671684265, 0.4156830310821533, 0.3363094925880432, 0.2980204224586487, 0.24727050960063934, 0.24599303305149078, 0.20290525257587433, 0.17518536746501923, 0.16291555762290955, 0.13598984479904175, 0.12080550193786621, 0.11270762979984283, 0.10096239298582077, 0.0891743153333664, 0.08399228006601334, 0.07421842217445374, 0.0637817457318306, 0.08658798784017563, 0.05629953742027283, 0.06548124551773071], "train_accs": [0.8965498083226846, 1.0], "dev_accs": [0.903366743767669, 1.0], "test_accs": [0.0, 0.25]}