{"loss_data": [3.023770332336426, 2.159391164779663, 1.9966588020324707, 1.7140069007873535, 1.3996288776397705, 1.1661783456802368, 1.0300031900405884, 0.8405258655548096, 0.7220114469528198, 0.5435622334480286, 0.5106964707374573, 0.4184281527996063, 0.32325679063796997, 0.26981523633003235, 0.2262514978647232, 0.22512592375278473, 0.21100787818431854, 0.16736707091331482, 0.17999380826950073, 0.14289599657058716, 0.12869781255722046, 0.09867080301046371, 0.08863528072834015, 0.08113650232553482, 0.08021117001771927, 0.07016201317310333, 0.06112149730324745, 0.06401436030864716, 0.055660609155893326, 0.06500806659460068], "train_accs": [0.8888827157064282, 1.0], "dev_accs": [0.8951426368542791, 1.0], "test_accs": [0.0, 0.06788079470198675]}