{"loss_data": [2.9605565071105957, 2.019261121749878, 1.8186514377593994, 1.5953162908554077, 1.3078055381774902, 1.0477432012557983, 0.8679304122924805, 0.7294114828109741, 0.6077654957771301, 0.5178396701812744, 0.4227229058742523, 0.3629949688911438, 0.27879515290260315, 0.24194176495075226, 0.2211487740278244, 0.19249176979064941, 0.17014402151107788, 0.18003776669502258, 0.15098540484905243, 0.10526708513498306, 0.11444804817438126, 0.09549394249916077, 0.10606572777032852, 0.06662542372941971, 0.07837044447660446, 0.07527486979961395, 0.060514144599437714, 0.059753723442554474, 0.05830303207039833, 0.0660095140337944], "train_accs": [0.9853880771153953, 1.0], "dev_accs": [0.905165767154973, 1.0], "test_accs": [0.03228476821192053, 0.43625827814569534]}