{"loss_data": [3.0482895374298096, 2.035564661026001, 1.9058834314346313, 1.6719492673873901, 1.386323094367981, 1.0911260843276978, 0.8593810200691223, 0.7139224410057068, 0.5633143186569214, 0.4792916178703308, 0.35923901200294495, 0.32135456800460815, 0.24504044651985168, 0.22276465594768524, 0.1806797981262207, 0.20075854659080505, 0.1483287364244461, 0.1370692104101181, 0.11819200217723846, 0.11532038450241089, 0.11023570597171783, 0.08703992515802383, 0.07847332954406738, 0.07019609212875366, 0.049546778202056885, 0.05097884312272072, 0.05490253493189812, 0.06083080545067787, 0.05409213900566101, 0.048752445727586746], "train_accs": [0.9988888271570643, 1.0], "dev_accs": [0.9984579799537394, 1.0], "test_accs": [0.09437086092715231, 0.5554635761589404]}