{"loss_data": [3.159578323364258, 2.750838279724121, 2.614354133605957, 2.240931987762451, 1.8602455854415894, 1.6211153268814087, 1.3258968591690063, 1.1238378286361694, 0.9667168855667114, 0.8188749551773071, 0.7014229893684387, 0.5840414762496948, 0.49249500036239624, 0.4254133701324463, 0.37702348828315735, 0.34913334250450134, 0.31246182322502136, 0.2674327790737152, 0.28141310811042786, 0.2333919256925583, 0.19675718247890472, 0.17693191766738892, 0.15682044625282288, 0.15246056020259857, 0.11768434941768646, 0.12656210362911224, 0.12716728448867798, 0.09546744078397751, 0.10208714753389359, 0.07907459884881973], "train_accs": [0.9990555030835047, 1.0], "dev_accs": [0.9845797995373939, 1.0], "test_accs": [0.34188741721854304, 0.7872516556291391]}