{"loss_data": [2.9349944591522217, 2.2105884552001953, 1.9426769018173218, 1.6290580034255981, 1.314838171005249, 0.9781059622764587, 0.8196211457252502, 0.6586766242980957, 0.47639474272727966, 0.3903034031391144, 0.35322168469429016, 0.284050852060318, 0.22283543646335602, 0.21739895641803741, 0.16058149933815002, 0.15349891781806946, 0.13511741161346436, 0.1295747458934784, 0.1225338876247406, 0.10117637366056442, 0.10606563091278076, 0.0742725357413292, 0.07333862036466599, 0.0650663673877716, 0.06521844118833542, 0.06423839181661606, 0.06153392046689987, 0.05168561264872551, 0.060811206698417664, 0.04932413250207901], "train_accs": [0.894883049058281, 1.0], "dev_accs": [0.9899768696993061, 1.0], "test_accs": [0.016556291390728478, 0.0728476821192053]}