{"loss_data": [2.7976949214935303, 2.0702197551727295, 1.8672398328781128, 1.6776090860366821, 1.3974303007125854, 1.2071433067321777, 1.0470948219299316, 0.7903636693954468, 0.6113917231559753, 0.5011895895004272, 0.36939355731010437, 0.3366369605064392, 0.26042187213897705, 0.2399783432483673, 0.2027910202741623, 0.19871385395526886, 0.1724921464920044, 0.1370796263217926, 0.13449916243553162, 0.11887709051370621, 0.10556883364915848, 0.08813834935426712, 0.08405792713165283, 0.0664438009262085, 0.06217657029628754, 0.05960993096232414, 0.05443502217531204, 0.04928602650761604, 0.04814095050096512, 0.050485216081142426], "train_accs": [0.9999444413578532, 1.0], "dev_accs": [0.9979439732716525, 1.0], "test_accs": [0.33278145695364236, 0.6026490066225165]}