{"loss_data": [3.283520460128784, 2.6862499713897705, 2.4385523796081543, 2.090681314468384, 1.775998830795288, 1.6110285520553589, 1.367788553237915, 1.1543344259262085, 1.0239113569259644, 0.8665618300437927, 0.7518095970153809, 0.6458655595779419, 0.5536117553710938, 0.4249224364757538, 0.4252402186393738, 0.42200320959091187, 0.3603980541229248, 0.3146094083786011, 0.2697002589702606, 0.25336018204689026, 0.22925090789794922, 0.19217808544635773, 0.1822849065065384, 0.1655729115009308, 0.12715692818164825, 0.15499183535575867, 0.11676762253046036, 0.1129869893193245, 0.09424854815006256, 0.09065450727939606], "train_accs": [0.9982221234513029, 1.0], "dev_accs": [1.0, 1.0], "test_accs": [0.21937086092715233, 0.31456953642384106]}