{"loss_data": [2.30975341796875, 1.7776992321014404, 1.43644118309021, 1.2706379890441895, 0.9761930704116821, 0.768901526927948, 0.6479442119598389, 0.47170722484588623, 0.42051780223846436, 0.3209274113178253, 0.24628715217113495, 0.22008149325847626, 0.19128671288490295, 0.16093234717845917, 0.14209094643592834, 0.13784031569957733, 0.1210748702287674, 0.11131729185581207, 0.1111719012260437, 0.08582265675067902, 0.0800907090306282, 0.06913844496011734, 0.05882259085774422, 0.05210181698203087, 0.04993314668536186, 0.04636466130614281, 0.051114849746227264, 0.05045240744948387, 0.043421611189842224, 0.05151437968015671], "train_accs": [0.9974998611033946, 1.0], "dev_accs": [0.9966589565664353, 1.0], "test_accs": [0.08443708609271523, 0.33195364238410596]}