{"loss_data": [3.0157065391540527, 2.0469601154327393, 1.7675873041152954, 1.392695426940918, 1.1669623851776123, 0.9337381720542908, 0.8122034668922424, 0.641865074634552, 0.539074718952179, 0.45401790738105774, 0.37542724609375, 0.3134821653366089, 0.2380034476518631, 0.227780282497406, 0.21285958588123322, 0.20429818332195282, 0.17798444628715515, 0.16591639816761017, 0.14757509529590607, 0.11477479338645935, 0.1134372353553772, 0.10698345303535461, 0.09407217055559158, 0.07918238639831543, 0.07839462906122208, 0.07399289309978485, 0.06397950649261475, 0.07914125174283981, 0.0626651868224144, 0.04617224261164665], "train_accs": [0.8764931385076948, 1.0], "dev_accs": [0.8846054998714983, 1.0], "test_accs": [0.0, 0.009933774834437087]}