{"loss_data": [3.205949306488037, 2.6646900177001953, 2.4535114765167236, 2.150278329849243, 1.8731234073638916, 1.6296504735946655, 1.4092463254928589, 1.2517948150634766, 1.0936309099197388, 0.910271406173706, 0.7636931538581848, 0.6918175220489502, 0.5955990552902222, 0.5407741069793701, 0.47747471928596497, 0.45308369398117065, 0.4101981520652771, 0.3518352806568146, 0.2910066545009613, 0.24672673642635345, 0.234026700258255, 0.19931040704250336, 0.17573529481887817, 0.1937093436717987, 0.14250853657722473, 0.15085642039775848, 0.13294516503810883, 0.11875347048044205, 0.09642824530601501, 0.09860390424728394], "train_accs": [0.9993332962942386, 1.0], "dev_accs": [0.9889488563351324, 1.0], "test_accs": [0.5082781456953642, 0.9958609271523179]}