{"loss_data": [3.5178604125976562, 2.886472463607788, 2.7842214107513428, 2.6896374225616455, 2.46347713470459, 2.0643019676208496, 1.6991056203842163, 1.3813889026641846, 1.1215386390686035, 0.9863296747207642, 0.8403298854827881, 0.7147752642631531, 0.5608818531036377, 0.4998018443584442, 0.43401286005973816, 0.42331650853157043, 0.3765712082386017, 0.2997071146965027, 0.2990991771221161, 0.22939583659172058, 0.23513688147068024, 0.20053468644618988, 0.17442864179611206, 0.13976837694644928, 0.1393955498933792, 0.11872373521327972, 0.11869943141937256, 0.11167126893997192, 0.09782527387142181, 0.08445724099874496], "train_accs": [0.9904439135507528, 1.0], "dev_accs": [0.3842199948599332, 0.5456180930352095], "test_accs": [0.009105960264900662, 0.16639072847682118]}