{"loss_data": [3.1371943950653076, 2.773524045944214, 2.6968576908111572, 2.541816473007202, 2.3513104915618896, 2.161789655685425, 1.8493900299072266, 1.5946722030639648, 1.3652904033660889, 1.0905630588531494, 0.9375863075256348, 0.7855703830718994, 0.6716105937957764, 0.5061935782432556, 0.4455193877220154, 0.4347875416278839, 0.3959061801433563, 0.3393862247467041, 0.2781185805797577, 0.23547905683517456, 0.18533654510974884, 0.18157760798931122, 0.18146172165870667, 0.17834527790546417, 0.11889549344778061, 0.13571684062480927, 0.1029190644621849, 0.10445217043161392, 0.09656704217195511, 0.08414237946271896], "train_accs": [0.9988332685149175, 1.0], "dev_accs": [0.9396042148547931, 0.9933179131328708], "test_accs": [0.7433774834437086, 0.929635761589404]}