{"loss_data": [3.0080666542053223, 2.705554485321045, 2.556837797164917, 2.233886480331421, 1.9189831018447876, 1.668276071548462, 1.338207721710205, 1.1713716983795166, 0.9462206959724426, 0.8199873566627502, 0.703968346118927, 0.5753719806671143, 0.47273388504981995, 0.4038931727409363, 0.38382014632225037, 0.36957499384880066, 0.32737967371940613, 0.28352823853492737, 0.2823461890220642, 0.22965800762176514, 0.19498971104621887, 0.17384666204452515, 0.12971535325050354, 0.12596839666366577, 0.12910474836826324, 0.11017871648073196, 0.12279196828603745, 0.09534529596567154, 0.1016882136464119, 0.07776667922735214], "train_accs": [0.9993888549363854, 1.0], "dev_accs": [0.9704446157800052, 1.0], "test_accs": [0.04552980132450331, 0.10844370860927152]}