{"loss_data": [2.9523680210113525, 2.1406710147857666, 1.9318668842315674, 1.6725906133651733, 1.356271505355835, 1.077454924583435, 0.9018757939338684, 0.7399807572364807, 0.582749605178833, 0.4624883234500885, 0.4001384377479553, 0.33719244599342346, 0.26179736852645874, 0.26054129004478455, 0.19723555445671082, 0.19997777044773102, 0.17178523540496826, 0.13599003851413727, 0.13237987458705902, 0.10209578275680542, 0.10921312123537064, 0.09342198073863983, 0.07574253529310226, 0.06818623840808868, 0.0634060874581337, 0.06246107816696167, 0.06405514478683472, 0.06810299307107925, 0.053106553852558136, 0.054671112447977066], "train_accs": [0.9969998333240736, 0.999722206789266], "dev_accs": [0.9969159599074788, 0.9992289899768697], "test_accs": [0.0074503311258278145, 0.0380794701986755]}