{"loss_data": [2.576831817626953, 1.9929475784301758, 1.8102853298187256, 1.6369792222976685, 1.395140528678894, 1.1298564672470093, 0.8996682167053223, 0.7123321294784546, 0.5990272164344788, 0.46680858731269836, 0.41515660285949707, 0.32628586888313293, 0.3026943504810333, 0.24449732899665833, 0.20136047899723053, 0.20459948480129242, 0.18023662269115448, 0.17187710106372833, 0.14641347527503967, 0.10832205414772034, 0.11282801628112793, 0.11170727759599686, 0.09367828071117401, 0.07264750450849533, 0.07609831541776657, 0.0844266414642334, 0.05987806245684624, 0.06816713511943817, 0.04473322629928589, 0.04002935439348221], "train_accs": [0.9866659258847714, 0.9989999444413579], "dev_accs": [0.9845797995373939, 0.9987149832947828], "test_accs": [0.0, 0.0041390728476821195]}