{"loss_data": [3.26542329788208, 2.56109881401062, 2.2718732357025146, 1.9614402055740356, 1.787427306175232, 1.6183470487594604, 1.365858793258667, 1.236427664756775, 1.010661005973816, 0.8713341355323792, 0.7465181946754456, 0.6464954614639282, 0.5741355419158936, 0.5341395139694214, 0.42610859870910645, 0.41411882638931274, 0.3563653230667114, 0.3123989403247833, 0.2879425585269928, 0.2565208375453949, 0.20157356560230255, 0.20063529908657074, 0.18696142733097076, 0.17489108443260193, 0.16043637692928314, 0.15958672761917114, 0.14361931383609772, 0.11918796598911285, 0.11751940846443176, 0.09614479541778564], "train_accs": [1.0, 1.0], "dev_accs": [0.9755846826008738, 1.0], "test_accs": [0.21771523178807947, 0.5993377483443708]}