{"loss_data": [3.3107078075408936, 2.8417773246765137, 2.7318801879882812, 2.5358974933624268, 2.2382256984710693, 1.8212100267410278, 1.505929946899414, 1.2768388986587524, 0.9919008016586304, 0.8348954916000366, 0.7202766537666321, 0.612920343875885, 0.5162286758422852, 0.5128175020217896, 0.37957823276519775, 0.40372154116630554, 0.32689979672431946, 0.2899579703807831, 0.2543642818927765, 0.22304978966712952, 0.19929975271224976, 0.19199244678020477, 0.15446612238883972, 0.14943136274814606, 0.1509525626897812, 0.12498445808887482, 0.1085003986954689, 0.11750253289937973, 0.08822277188301086, 0.09495493024587631], "train_accs": [0.9994444135785321, 1.0], "dev_accs": [0.9781547160113081, 1.0], "test_accs": [0.1804635761589404, 0.8700331125827815]}