{"loss_data": [3.0963780879974365, 2.6525683403015137, 2.3041558265686035, 1.9777724742889404, 1.7301859855651855, 1.5028437376022339, 1.2243865728378296, 1.1196738481521606, 1.0128737688064575, 0.8211392164230347, 0.7405698299407959, 0.6352750062942505, 0.5319285988807678, 0.4850241541862488, 0.41564735770225525, 0.4181649684906006, 0.3574417531490326, 0.3303152620792389, 0.2983475923538208, 0.25338906049728394, 0.23674483597278595, 0.2335096001625061, 0.19417066872119904, 0.1758805811405182, 0.1669921725988388, 0.1405448466539383, 0.13739199936389923, 0.14187803864479065, 0.11808802932500839, 0.09432727098464966], "train_accs": [1.0, 1.0], "dev_accs": [0.9982009766126959, 1.0], "test_accs": [0.4014900662251656, 0.4205298013245033]}