{"loss_data": [2.8704419136047363, 2.0960025787353516, 1.9506721496582031, 1.6758840084075928, 1.3295780420303345, 1.0194644927978516, 0.8251471519470215, 0.6827428340911865, 0.5129837989807129, 0.4173656105995178, 0.34673187136650085, 0.34601178765296936, 0.2750122845172882, 0.21812927722930908, 0.1984044760465622, 0.21512329578399658, 0.17926357686519623, 0.14338725805282593, 0.1389150768518448, 0.16409359872341156, 0.10274922102689743, 0.09786069393157959, 0.08156993240118027, 0.07687290012836456, 0.07191872596740723, 0.07431724667549133, 0.07788741588592529, 0.0713236927986145, 0.06968402117490768, 0.06188890337944031], "train_accs": [0.8976054225234735, 1.0], "dev_accs": [0.9871498329478283, 1.0], "test_accs": [0.024834437086092714, 0.2574503311258278]}