{"loss_data": [2.9515421390533447, 2.1769649982452393, 2.007394313812256, 1.8620518445968628, 1.5287710428237915, 1.171061396598816, 0.936280369758606, 0.7381317615509033, 0.551767110824585, 0.45213577151298523, 0.4002300202846527, 0.35830363631248474, 0.3200271427631378, 0.27164456248283386, 0.22822125256061554, 0.23288747668266296, 0.1822585165500641, 0.1702052354812622, 0.1561340093612671, 0.13523051142692566, 0.11228328943252563, 0.11339299380779266, 0.11072883754968643, 0.08736345171928406, 0.07593182474374771, 0.08198894560337067, 0.061007048934698105, 0.06362445652484894, 0.059453535825014114, 0.04628868028521538], "train_accs": [0.957442080115562, 1.0], "dev_accs": [0.9025957337445387, 1.0], "test_accs": [0.024006622516556293, 0.3617549668874172]}