{"loss_data": [3.264030694961548, 2.645390748977661, 2.3286893367767334, 2.0225460529327393, 1.7793571949005127, 1.567024827003479, 1.3674826622009277, 1.179063081741333, 1.0259779691696167, 0.8684186339378357, 0.7439429759979248, 0.6861423850059509, 0.5943921208381653, 0.4522555470466614, 0.42529329657554626, 0.40242353081703186, 0.3803394138813019, 0.3238059878349304, 0.30774545669555664, 0.24781262874603271, 0.20697307586669922, 0.21862804889678955, 0.20923949778079987, 0.16873079538345337, 0.14681343734264374, 0.14962217211723328, 0.13872717320919037, 0.13314147293567657, 0.09441885352134705, 0.09355232864618301], "train_accs": [0.9368298238791044, 1.0], "dev_accs": [0.8578771524029812, 0.9966589565664353], "test_accs": [0.019867549668874173, 0.7822847682119205]}