{"loss_data": [3.169370651245117, 1.9985816478729248, 1.7825367450714111, 1.5952636003494263, 1.310789704322815, 1.1124821901321411, 0.8995482325553894, 0.7249158024787903, 0.5997447967529297, 0.4709383249282837, 0.39343705773353577, 0.32216009497642517, 0.28855377435684204, 0.25103726983070374, 0.20289628207683563, 0.2124764323234558, 0.17461365461349487, 0.15619105100631714, 0.13305878639221191, 0.10337680578231812, 0.114992156624794, 0.08785711228847504, 0.09958067536354065, 0.07233040034770966, 0.09119914472103119, 0.07720457762479782, 0.069248266518116, 0.058474645018577576, 0.05204375460743904, 0.05240307003259659], "train_accs": [1.0, 1.0], "dev_accs": [1.0, 0.9997429966589566], "test_accs": [0.014900662251655629, 0.014072847682119206]}