{"loss_data": [3.3566055297851562, 2.695000410079956, 2.523991346359253, 2.298635721206665, 1.9825063943862915, 1.651384711265564, 1.410046935081482, 1.1580066680908203, 1.0042427778244019, 0.8599894046783447, 0.740780770778656, 0.6232751607894897, 0.5245276689529419, 0.5014211535453796, 0.39087212085723877, 0.414356529712677, 0.3247818648815155, 0.29112398624420166, 0.26424387097358704, 0.21601319313049316, 0.1869332641363144, 0.18850651383399963, 0.1756986826658249, 0.14610755443572998, 0.12910810112953186, 0.12910598516464233, 0.09307756274938583, 0.1107710599899292, 0.09575842320919037, 0.07717445492744446], "train_accs": [0.9996666481471193, 1.0], "dev_accs": [0.8540221022873298, 0.9868928296067849], "test_accs": [0.0, 0.4594370860927152]}