{"loss_data": [3.2554914951324463, 2.7223501205444336, 2.395885944366455, 2.0355384349823, 1.7497235536575317, 1.525361180305481, 1.324474811553955, 1.1201280355453491, 0.9875865578651428, 0.8464183211326599, 0.737107515335083, 0.6615574359893799, 0.5461425185203552, 0.43968626856803894, 0.4024294912815094, 0.44334307312965393, 0.38106870651245117, 0.3388587236404419, 0.3093658685684204, 0.2603130340576172, 0.22721315920352936, 0.21817809343338013, 0.18633614480495453, 0.163034126162529, 0.15708082914352417, 0.1628732681274414, 0.12878935039043427, 0.12922954559326172, 0.10413499176502228, 0.1167721375823021], "train_accs": [0.9233290738374355, 1.0], "dev_accs": [0.8902595733744538, 1.0], "test_accs": [0.02152317880794702, 0.6986754966887417]}