{"loss_data": [3.09202241897583, 2.627725124359131, 2.2808821201324463, 2.059870481491089, 1.8089529275894165, 1.520424246788025, 1.289306879043579, 1.124782919883728, 0.974746584892273, 0.7920123338699341, 0.6989617943763733, 0.5652819275856018, 0.47537264227867126, 0.4216364324092865, 0.40835684537887573, 0.3738827109336853, 0.3192123472690582, 0.2808789312839508, 0.2265193909406662, 0.21536676585674286, 0.18311485648155212, 0.20801028609275818, 0.17429013550281525, 0.14100566506385803, 0.14997446537017822, 0.10457570105791092, 0.11392779648303986, 0.1024591401219368, 0.098882757127285, 0.10545872151851654], "train_accs": [0.9993332962942386, 1.0], "dev_accs": [0.8195836545875096, 1.0], "test_accs": [0.16556291390728478, 0.5960264900662252]}