{"loss_data": [3.1734702587127686, 2.707366704940796, 2.482250690460205, 2.2174997329711914, 1.8658050298690796, 1.6012330055236816, 1.3120537996292114, 1.1193658113479614, 0.9793009757995605, 0.8133927583694458, 0.6771025657653809, 0.59141606092453, 0.49030953645706177, 0.4486280083656311, 0.37161019444465637, 0.3810880482196808, 0.31119129061698914, 0.3044072091579437, 0.2520376741886139, 0.2273213118314743, 0.21908238530158997, 0.17222902178764343, 0.17169424891471863, 0.16680164635181427, 0.14964118599891663, 0.11932054907083511, 0.13130511343479156, 0.11424513906240463, 0.11666503548622131, 0.10520678758621216], "train_accs": [0.9985554753041835, 1.0], "dev_accs": [0.9722436391673092, 1.0], "test_accs": [0.08609271523178808, 0.9147350993377483]}