{"loss_data": [2.7538273334503174, 2.0691487789154053, 1.800206184387207, 1.5413873195648193, 1.3400014638900757, 1.0460963249206543, 0.926194429397583, 0.7352100014686584, 0.6259635090827942, 0.5129897594451904, 0.45213577151298523, 0.38795754313468933, 0.31139469146728516, 0.24733734130859375, 0.22131852805614471, 0.21720299124717712, 0.20282481610774994, 0.1579776257276535, 0.14733517169952393, 0.1220710426568985, 0.1216062605381012, 0.11290882527828217, 0.07752542942762375, 0.07467182725667953, 0.0634903758764267, 0.059538062661886215, 0.06241879239678383, 0.05900069698691368, 0.051641106605529785, 0.054740384221076965], "train_accs": [0.9857769876104228, 0.9996666481471193], "dev_accs": [0.9843227961963505, 0.9992289899768697], "test_accs": [0.10678807947019868, 0.5496688741721855]}