{"loss_data": [3.4124996662139893, 2.8237991333007812, 2.5535504817962646, 2.168276071548462, 1.8684548139572144, 1.6256340742111206, 1.353611707687378, 1.1957788467407227, 1.0113173723220825, 0.8975486159324646, 0.7765443921089172, 0.6664417386054993, 0.5401262044906616, 0.4527965486049652, 0.5238745212554932, 0.42009153962135315, 0.39156779646873474, 0.360663503408432, 0.3241140842437744, 0.2819959223270416, 0.24818356335163116, 0.2463812232017517, 0.20677253603935242, 0.17383715510368347, 0.18125763535499573, 0.17159856855869293, 0.15656179189682007, 0.16461996734142303, 0.13864575326442719, 0.12089681625366211], "train_accs": [0.9259958886604811, 1.0], "dev_accs": [0.9845797995373939, 1.0], "test_accs": [0.008278145695364239, 0.9602649006622517]}