{"loss_data": [3.132452964782715, 2.613630533218384, 2.327277183532715, 2.006197452545166, 1.672470211982727, 1.4365240335464478, 1.2088062763214111, 1.039969801902771, 0.9020678400993347, 0.7706807851791382, 0.6751478314399719, 0.5321757793426514, 0.48810726404190063, 0.38595715165138245, 0.3652012050151825, 0.3270164728164673, 0.30540403723716736, 0.27410170435905457, 0.23504379391670227, 0.20357327163219452, 0.20504704117774963, 0.1826496422290802, 0.15151584148406982, 0.13575996458530426, 0.11389728635549545, 0.10985478013753891, 0.10499309748411179, 0.11811375617980957, 0.08971212804317474, 0.07992035895586014], "train_accs": [0.9999444413578532, 1.0], "dev_accs": [0.9036237471087124, 1.0], "test_accs": [0.039735099337748346, 0.1697019867549669]}