{"loss_data": [2.8917572498321533, 2.0941505432128906, 1.5652872323989868, 1.2614527940750122, 0.92476886510849, 0.7260132431983948, 0.6635534167289734, 0.42971646785736084, 0.4123891294002533, 0.31667616963386536, 0.27918630838394165, 0.23874779045581818, 0.19696539640426636, 0.16525831818580627, 0.15396635234355927, 0.14628145098686218, 0.12135224044322968, 0.13859489560127258, 0.11124112457036972, 0.08230018615722656, 0.07601805776357651, 0.0800689309835434, 0.06615833938121796, 0.05033958703279495, 0.042487286031246185, 0.04313553124666214, 0.04546739161014557, 0.05305357649922371, 0.04316311329603195, 0.03865235298871994], "train_accs": [0.9996110895049725, 1.0], "dev_accs": [0.9997429966589566, 1.0], "test_accs": [0.09437086092715231, 0.09850993377483444]}