{"loss_data": [2.5241541862487793, 1.981754183769226, 1.7918510437011719, 1.6045786142349243, 1.3564374446868896, 1.1165260076522827, 0.9714946150779724, 0.7555682063102722, 0.5849018096923828, 0.46368783712387085, 0.3742777109146118, 0.33028534054756165, 0.2758294343948364, 0.20263433456420898, 0.18294276297092438, 0.1751108467578888, 0.13855136930942535, 0.13528501987457275, 0.1263824701309204, 0.10685774683952332, 0.1017424613237381, 0.08123511075973511, 0.08470852673053741, 0.0651320144534111, 0.055465567857027054, 0.06242493912577629, 0.05342746898531914, 0.06983709335327148, 0.04684262350201607, 0.04178217798471451], "train_accs": [0.9943885771431746, 0.9996110895049725], "dev_accs": [0.9930609097918273, 0.9994859933179131], "test_accs": [0.10844370860927152, 0.15811258278145696]}