{"loss_data": [3.290194034576416, 2.7536375522613525, 2.5900990962982178, 2.2734487056732178, 1.9286386966705322, 1.6997045278549194, 1.393308162689209, 1.200194239616394, 1.0501923561096191, 0.888735830783844, 0.7442927956581116, 0.6434323191642761, 0.5691949725151062, 0.5029062628746033, 0.380081444978714, 0.3805448114871979, 0.3367868959903717, 0.296909362077713, 0.2959004342556, 0.2424684315919876, 0.2087867707014084, 0.1693703532218933, 0.1488747000694275, 0.1693192422389984, 0.1274862438440323, 0.12183239310979843, 0.10628145933151245, 0.10373006016016006, 0.09323509782552719, 0.08805524557828903], "train_accs": [0.9999444413578532, 1.0], "dev_accs": [0.8627602158828065, 0.9812387561038294], "test_accs": [0.048013245033112585, 0.7003311258278145]}