{"loss_data": [3.3962478637695312, 2.6133370399475098, 2.40446138381958, 2.177173137664795, 1.911108136177063, 1.65335214138031, 1.3906378746032715, 1.2047569751739502, 1.0595208406448364, 0.8979283571243286, 0.7538666725158691, 0.6674342751502991, 0.5419532060623169, 0.49399733543395996, 0.41312843561172485, 0.388340562582016, 0.3636345863342285, 0.32170575857162476, 0.2904660105705261, 0.2432241588830948, 0.20697827637195587, 0.19689008593559265, 0.17468832433223724, 0.14068663120269775, 0.13450545072555542, 0.1311623901128769, 0.12836021184921265, 0.12113007158041, 0.10691718012094498, 0.0950365960597992], "train_accs": [0.8985499194399689, 1.0], "dev_accs": [0.9727576458493961, 0.9992289899768697], "test_accs": [0.0173841059602649, 0.6812913907284768]}