{"loss_data": [3.444871187210083, 2.728877544403076, 2.510265588760376, 2.167994260787964, 1.8413963317871094, 1.5731537342071533, 1.3943791389465332, 1.1436176300048828, 0.8890916705131531, 0.7672634124755859, 0.721023678779602, 0.6199839115142822, 0.49444982409477234, 0.42988964915275574, 0.3712175190448761, 0.39760154485702515, 0.337354451417923, 0.2983846366405487, 0.2802051901817322, 0.2593896985054016, 0.2260504812002182, 0.196425199508667, 0.18217022716999054, 0.16084222495555878, 0.13318175077438354, 0.1487901359796524, 0.11903969943523407, 0.10365641862154007, 0.11374738812446594, 0.08691103756427765], "train_accs": [0.995055280848936, 1.0], "dev_accs": [0.9149318941146235, 1.0], "test_accs": [0.10927152317880795, 0.7971854304635762]}