{"loss_data": [3.490662097930908, 2.80356764793396, 2.6237947940826416, 2.3632264137268066, 2.0530989170074463, 1.8148384094238281, 1.5104631185531616, 1.2756963968276978, 1.0554983615875244, 0.86293625831604, 0.7731465697288513, 0.6419035196304321, 0.5608019232749939, 0.48238638043403625, 0.3893057107925415, 0.4023214876651764, 0.33730632066726685, 0.3490481972694397, 0.2861413061618805, 0.2568509876728058, 0.21448548138141632, 0.21652556955814362, 0.1830410659313202, 0.16576655209064484, 0.14747881889343262, 0.1323244422674179, 0.14144694805145264, 0.10708151757717133, 0.10735990107059479, 0.09652432799339294], "train_accs": [0.9983887993777432, 1.0], "dev_accs": [0.9118478540221023, 1.0], "test_accs": [0.2251655629139073, 0.765728476821192]}