{"loss_data": [2.8439455032348633, 2.023477792739868, 1.803014874458313, 1.563207745552063, 1.3049241304397583, 1.0199719667434692, 0.915651261806488, 0.7461450099945068, 0.6193674802780151, 0.4795888662338257, 0.4178623557090759, 0.3494694232940674, 0.2867368161678314, 0.23574207723140717, 0.20716318488121033, 0.20657837390899658, 0.16836412250995636, 0.13787789642810822, 0.1411115676164627, 0.12422450631856918, 0.11657802015542984, 0.0874427929520607, 0.08679638057947159, 0.07955756038427353, 0.06611094623804092, 0.06718066334724426, 0.058559734374284744, 0.058254748582839966, 0.042148444801568985, 0.051608696579933167], "train_accs": [0.9993888549363854, 1.0], "dev_accs": [0.9989719866358263, 1.0], "test_accs": [0.0041390728476821195, 0.06291390728476821]}