{"loss_data": [3.3992481231689453, 2.6826419830322266, 2.3540210723876953, 1.995276689529419, 1.7225733995437622, 1.4843355417251587, 1.2516217231750488, 1.0474039316177368, 0.8683195114135742, 0.7563438415527344, 0.6332824230194092, 0.5520625114440918, 0.44966787099838257, 0.351132333278656, 0.3540216088294983, 0.3416023552417755, 0.3073854148387909, 0.24994932115077972, 0.23581400513648987, 0.1944791078567505, 0.1987343430519104, 0.17647692561149597, 0.15771956741809845, 0.13257111608982086, 0.14296558499336243, 0.1388670802116394, 0.1296917349100113, 0.10922441631555557, 0.09823277592658997, 0.0723487064242363], "train_accs": [0.999222179009945, 1.0], "dev_accs": [0.9933179131328708, 1.0], "test_accs": [0.4205298013245033, 0.7905629139072847]}