{"loss_data": [2.790184259414673, 2.083913803100586, 1.8062059879302979, 1.4339032173156738, 1.1507930755615234, 0.9098512530326843, 0.7706963419914246, 0.5598412156105042, 0.4449580907821655, 0.40394213795661926, 0.3490728437900543, 0.2679067850112915, 0.22501255571842194, 0.22181369364261627, 0.17517134547233582, 0.1967719942331314, 0.14793094992637634, 0.1348007768392563, 0.13393233716487885, 0.11001815646886826, 0.11253978312015533, 0.09124781936407089, 0.07249201834201813, 0.07493667304515839, 0.06571538746356964, 0.08570901304483414, 0.05549648404121399, 0.07319382578134537, 0.04783651977777481, 0.050399377942085266], "train_accs": [0.9937218734374131, 1.0], "dev_accs": [0.9920328964276536, 1.0], "test_accs": [0.39403973509933776, 0.8294701986754967]}