{"loss_data": [3.015630006790161, 2.1514344215393066, 1.9993736743927002, 1.8856406211853027, 1.5765666961669922, 1.2737445831298828, 1.0774394273757935, 0.8550018668174744, 0.680448591709137, 0.5276501178741455, 0.4219319522380829, 0.3620482087135315, 0.2891358435153961, 0.25360509753227234, 0.21637260913848877, 0.1914498507976532, 0.16803236305713654, 0.1638103425502777, 0.13506793975830078, 0.10867879539728165, 0.11498933285474777, 0.10461635142564774, 0.08218793570995331, 0.062308136373758316, 0.0655464380979538, 0.06695303320884705, 0.05576166883111, 0.05804923549294472, 0.051311079412698746, 0.049625933170318604], "train_accs": [0.8961608978276571, 1.0], "dev_accs": [0.9036237471087124, 1.0], "test_accs": [0.0, 0.17301324503311258]}