{"loss_data": [2.8261728286743164, 2.0375661849975586, 1.945764422416687, 1.6999883651733398, 1.3242937326431274, 1.0864653587341309, 0.9378644227981567, 0.6998397707939148, 0.5697781443595886, 0.47867351770401, 0.3988390564918518, 0.35706862807273865, 0.28825390338897705, 0.25927555561065674, 0.21847204864025116, 0.2020319253206253, 0.18006016314029694, 0.17439672350883484, 0.15181179344654083, 0.11697624623775482, 0.12331204861402512, 0.09243286401033401, 0.08439166843891144, 0.07246742397546768, 0.08320202678442001, 0.07333382964134216, 0.06651049852371216, 0.06793108582496643, 0.06327485293149948, 0.06235215440392494], "train_accs": [0.8966609256069782, 1.0], "dev_accs": [0.9964019532253919, 1.0], "test_accs": [0.0, 0.020695364238410598]}