{"loss_data": [3.3372654914855957, 2.047720432281494, 1.8545215129852295, 1.5538274049758911, 1.2693883180618286, 0.9990645051002502, 0.8709403872489929, 0.7170093059539795, 0.5495232939720154, 0.4880838394165039, 0.40942147374153137, 0.36233624815940857, 0.3027007281780243, 0.240315243601799, 0.2214273065328598, 0.2203107625246048, 0.19650527834892273, 0.16489829123020172, 0.1505783498287201, 0.13587890565395355, 0.11791841685771942, 0.10480304807424545, 0.09626036882400513, 0.08644314110279083, 0.06761734932661057, 0.07201145589351654, 0.06904394924640656, 0.07404414564371109, 0.07223977893590927, 0.05016464367508888], "train_accs": [0.999222179009945, 1.0], "dev_accs": [0.9994859933179131, 1.0], "test_accs": [0.043874172185430466, 0.40894039735099336]}