{"loss_data": [2.6678719520568848, 2.158629894256592, 1.9311268329620361, 1.6584844589233398, 1.471799612045288, 1.1662871837615967, 1.0067102909088135, 0.8125253319740295, 0.6161903142929077, 0.47350817918777466, 0.4092216193675995, 0.3222729563713074, 0.23676176369190216, 0.21161098778247833, 0.17545285820960999, 0.18102861940860748, 0.13770414888858795, 0.12000351399183273, 0.11340022087097168, 0.09797032922506332, 0.09884553402662277, 0.0819801539182663, 0.0743352621793747, 0.058570124208927155, 0.05699854716658592, 0.05280453711748123, 0.04684216156601906, 0.04319576174020767, 0.045639004558324814, 0.04716188833117485], "train_accs": [0.9988888271570643, 1.0], "dev_accs": [0.9987149832947828, 1.0], "test_accs": [0.016556291390728478, 0.8584437086092715]}