{"loss_data": [3.2047438621520996, 2.878413677215576, 2.662804126739502, 2.3439064025878906, 2.017470121383667, 1.5938562154769897, 1.366917371749878, 1.1852757930755615, 0.9586691856384277, 0.809893012046814, 0.7194699645042419, 0.5957016944885254, 0.5266827940940857, 0.41570812463760376, 0.41161951422691345, 0.3861158490180969, 0.3510175943374634, 0.3167301118373871, 0.27822747826576233, 0.22704800963401794, 0.21561095118522644, 0.18762992322444916, 0.1768469214439392, 0.16520638763904572, 0.1506291776895523, 0.14626769721508026, 0.12232799828052521, 0.12069438397884369, 0.10355820506811142, 0.10326738655567169], "train_accs": [0.9949441635646424, 1.0], "dev_accs": [0.9760986892829607, 0.9997429966589566], "test_accs": [0.24503311258278146, 0.8096026490066225]}