{"loss_data": [3.337721347808838, 2.8377254009246826, 2.5965869426727295, 2.1449429988861084, 1.8898043632507324, 1.6815569400787354, 1.4694373607635498, 1.1775027513504028, 1.0258291959762573, 0.8567383885383606, 0.7495925426483154, 0.594369649887085, 0.5266565084457397, 0.3969174921512604, 0.41165852546691895, 0.383350670337677, 0.35551711916923523, 0.3056286871433258, 0.29706794023513794, 0.2535829246044159, 0.20433230698108673, 0.20400017499923706, 0.17370560765266418, 0.1738782674074173, 0.147569939494133, 0.1711498647928238, 0.1178106814622879, 0.12424572557210922, 0.09269613027572632, 0.1033904105424881], "train_accs": [0.8931607311517307, 1.0], "dev_accs": [0.8941146234901054, 1.0], "test_accs": [0.0, 0.2152317880794702]}