{"loss_data": [2.9850594997406006, 2.0433263778686523, 1.725164771080017, 1.523404598236084, 1.2588146924972534, 1.0334084033966064, 0.8596937656402588, 0.69638592004776, 0.5518943667411804, 0.46397489309310913, 0.41840633749961853, 0.35915330052375793, 0.3142443299293518, 0.2566571533679962, 0.23649093508720398, 0.21890020370483398, 0.20251478254795074, 0.1744675189256668, 0.1655007004737854, 0.13621880114078522, 0.14005953073501587, 0.12240984290838242, 0.10208528488874435, 0.1004653051495552, 0.0879138857126236, 0.07780341804027557, 0.07256267219781876, 0.06996092945337296, 0.0829448252916336, 0.057786017656326294], "train_accs": [0.8841602311239514, 0.9993332962942386], "dev_accs": [0.8923156001028013, 0.9994859933179131], "test_accs": [0.0, 0.041390728476821195]}