{"loss_data": [2.9148926734924316, 2.055513381958008, 1.966086745262146, 1.8177517652511597, 1.542508840560913, 1.2737555503845215, 1.0765278339385986, 0.7851216197013855, 0.6435006856918335, 0.5192067623138428, 0.4165234863758087, 0.36144980788230896, 0.2771514058113098, 0.2461511492729187, 0.22400420904159546, 0.205022394657135, 0.17391903698444366, 0.14850427210330963, 0.1366683393716812, 0.1109934002161026, 0.08788783848285675, 0.09967003762722015, 0.07651680707931519, 0.06631085276603699, 0.07002408802509308, 0.06605635583400726, 0.05710035189986229, 0.06908506155014038, 0.056363824754953384, 0.04280809685587883], "train_accs": [0.9971665092505139, 1.0], "dev_accs": [0.9982009766126959, 1.0], "test_accs": [0.048841059602649006, 0.12003311258278146]}