{"loss_data": [3.4399166107177734, 2.7451412677764893, 2.485696315765381, 2.1866912841796875, 1.9903241395950317, 1.674562692642212, 1.46653151512146, 1.3164786100387573, 1.0979539155960083, 0.949891984462738, 0.814570963382721, 0.6843870282173157, 0.6225689053535461, 0.5491365790367126, 0.4337429106235504, 0.4739021360874176, 0.3901502192020416, 0.33625417947769165, 0.3069290816783905, 0.27254003286361694, 0.25044095516204834, 0.22276771068572998, 0.1912282258272171, 0.18732300400733948, 0.15342795848846436, 0.13953770697116852, 0.13672983646392822, 0.11789408326148987, 0.11853712052106857, 0.09272737056016922], "train_accs": [1.0, 1.0], "dev_accs": [0.9997429966589566, 1.0], "test_accs": [0.5728476821192053, 0.7599337748344371]}