{"loss_data": [2.7547686100006104, 2.0086405277252197, 1.673271894454956, 1.3358385562896729, 1.0570323467254639, 0.8445361256599426, 0.7297472357749939, 0.5454975366592407, 0.45609360933303833, 0.3745344579219818, 0.32566124200820923, 0.2772883176803589, 0.2673267424106598, 0.21526110172271729, 0.18651394546031952, 0.19581137597560883, 0.14281727373600006, 0.15097008645534515, 0.16792167723178864, 0.09768059104681015, 0.10874208807945251, 0.08958666771650314, 0.07256674021482468, 0.06792306900024414, 0.06821543723344803, 0.07050369679927826, 0.06963789463043213, 0.057105652987957, 0.05602823197841644, 0.05205316096544266], "train_accs": [0.9986665925884771, 1.0], "dev_accs": [0.9984579799537394, 1.0], "test_accs": [0.008278145695364239, 0.3882450331125828]}