{"loss_data": [3.2310218811035156, 2.7463786602020264, 2.4481465816497803, 2.0859227180480957, 1.775078296661377, 1.4853553771972656, 1.251277208328247, 1.0872889757156372, 0.9045622944831848, 0.7455949187278748, 0.6456834077835083, 0.5735055208206177, 0.5151852369308472, 0.3486936688423157, 0.389896422624588, 0.35153642296791077, 0.3000451326370239, 0.236385315656662, 0.24610242247581482, 0.22633911669254303, 0.19545869529247284, 0.17837406694889069, 0.19008037447929382, 0.15202739834785461, 0.14003771543502808, 0.1316688507795334, 0.14222559332847595, 0.10340510308742523, 0.08376290649175644, 0.09025155752897263], "train_accs": [0.9988888271570643, 1.0], "dev_accs": [0.6355692624004112, 0.9845797995373939], "test_accs": [0.03394039735099338, 0.34271523178807944]}