{"loss_data": [3.3002240657806396, 2.8278250694274902, 2.626019239425659, 2.4061999320983887, 2.033466100692749, 1.7580533027648926, 1.51847505569458, 1.241050362586975, 1.0748835802078247, 0.8861079812049866, 0.7494692206382751, 0.620029866695404, 0.5916699171066284, 0.4948975741863251, 0.4370560646057129, 0.43045541644096375, 0.359130859375, 0.2939189374446869, 0.2939412593841553, 0.26117372512817383, 0.22182749211788177, 0.22125086188316345, 0.16369542479515076, 0.1743074357509613, 0.14311155676841736, 0.15943747758865356, 0.11079742014408112, 0.15049025416374207, 0.10154804587364197, 0.09875325113534927], "train_accs": [1.0, 1.0], "dev_accs": [0.9994859933179131, 1.0], "test_accs": [0.4917218543046358, 0.706953642384106]}