{"loss_data": [2.68200421333313, 2.0212230682373047, 1.779085636138916, 1.4618792533874512, 1.1637665033340454, 0.8720883131027222, 0.7580186724662781, 0.6017044186592102, 0.5064308643341064, 0.4098992347717285, 0.35512575507164, 0.25394412875175476, 0.24315853416919708, 0.21535691618919373, 0.16098007559776306, 0.15707974135875702, 0.14390501379966736, 0.13391518592834473, 0.11318247765302658, 0.08514197170734406, 0.09041015058755875, 0.06809582561254501, 0.07166735827922821, 0.05171625316143036, 0.06351504474878311, 0.0703134536743164, 0.066250279545784, 0.05697934702038765, 0.05089423432946205, 0.040028102695941925], "train_accs": [0.8840491138396578, 1.0], "dev_accs": [0.8920585967617579, 1.0], "test_accs": [0.0, 0.12251655629139073]}