{"loss_data": [3.1943647861480713, 2.226008176803589, 2.06445574760437, 1.962890386581421, 1.7641105651855469, 1.477777123451233, 1.2204233407974243, 0.9587113261222839, 0.7617489099502563, 0.6124834418296814, 0.48007598519325256, 0.36383718252182007, 0.29586419463157654, 0.25365182757377625, 0.21953392028808594, 0.20765310525894165, 0.1575833559036255, 0.14473500847816467, 0.1284865140914917, 0.10779497027397156, 0.09624919295310974, 0.09348031878471375, 0.08286114782094955, 0.06900528073310852, 0.07002907246351242, 0.0532248429954052, 0.06149624288082123, 0.05445289611816406, 0.06820192188024521, 0.04812353104352951], "train_accs": [0.9989443857992111, 1.0], "dev_accs": [0.9164739141608841, 1.0], "test_accs": [0.027317880794701987, 0.10182119205298014]}