{"loss_data": [3.231785774230957, 2.815739154815674, 2.584117889404297, 2.328961133956909, 2.0178749561309814, 1.725853681564331, 1.473777174949646, 1.1905635595321655, 1.0465301275253296, 0.8499124050140381, 0.7143298387527466, 0.5901799201965332, 0.5138508677482605, 0.4018876850605011, 0.3753661513328552, 0.3359907269477844, 0.31303712725639343, 0.26260271668434143, 0.2515389025211334, 0.2306981235742569, 0.19144846498966217, 0.18992123007774353, 0.16782346367835999, 0.1510162353515625, 0.1520250141620636, 0.1261778026819229, 0.11769571155309677, 0.10776696354150772, 0.10329623520374298, 0.08699122071266174], "train_accs": [1.0, 1.0], "dev_accs": [0.9994859933179131, 1.0], "test_accs": [0.5571192052980133, 0.9784768211920529]}