{"loss_data": [3.116023063659668, 2.622385263442993, 2.2831149101257324, 1.8814469575881958, 1.7140752077102661, 1.5067806243896484, 1.3245038986206055, 1.1299124956130981, 1.0079959630966187, 0.8281980156898499, 0.7052428722381592, 0.6090351343154907, 0.5274194478988647, 0.42761656641960144, 0.3980003297328949, 0.36416351795196533, 0.3406049311161041, 0.2863057553768158, 0.2481185346841812, 0.21326160430908203, 0.19244413077831268, 0.19223284721374512, 0.15802134573459625, 0.15628615021705627, 0.15545576810836792, 0.1256525069475174, 0.1187850832939148, 0.12245478481054306, 0.09133182466030121, 0.11348789185285568], "train_accs": [1.0, 1.0], "dev_accs": [0.9699306090979183, 0.9997429966589566], "test_accs": [0.6051324503311258, 1.0]}