{"loss_data": [2.527024269104004, 2.056687831878662, 1.8141188621520996, 1.5175297260284424, 1.2565699815750122, 0.9850367903709412, 0.8599129915237427, 0.6600401997566223, 0.5067974925041199, 0.3999311029911041, 0.33005884289741516, 0.29941612482070923, 0.22283081710338593, 0.1961364448070526, 0.20222492516040802, 0.20729173719882965, 0.15621104836463928, 0.13999183475971222, 0.13715863227844238, 0.10391241312026978, 0.10423456877470016, 0.10186134278774261, 0.080213263630867, 0.061752475798130035, 0.0622355155646801, 0.06640331447124481, 0.06841729581356049, 0.048968974500894547, 0.060392171144485474, 0.045041996985673904], "train_accs": [0.89749430523918, 1.0], "dev_accs": [0.9054227704960165, 1.0], "test_accs": [0.0016556291390728477, 0.04966887417218543]}