{"loss_data": [2.9401848316192627, 2.079970121383667, 1.9856901168823242, 1.9125816822052002, 1.668322205543518, 1.3205204010009766, 1.0774842500686646, 0.7827386260032654, 0.5693244338035583, 0.48640763759613037, 0.38913270831108093, 0.30078354477882385, 0.23625512421131134, 0.20654809474945068, 0.17777471244335175, 0.18600831925868988, 0.16198498010635376, 0.13406343758106232, 0.12205897271633148, 0.0857023224234581, 0.09028676897287369, 0.07559215277433395, 0.06871939450502396, 0.06395608931779861, 0.06500260531902313, 0.055153388530015945, 0.057209309190511703, 0.053415779024362564, 0.047846946865320206, 0.04318922758102417], "train_accs": [0.9992777376520918, 1.0], "dev_accs": [0.9982009766126959, 1.0], "test_accs": [0.5322847682119205, 0.7764900662251656]}