{"loss_data": [3.112600088119507, 2.67028546333313, 2.3624038696289062, 2.003931999206543, 1.6668767929077148, 1.4788329601287842, 1.2962063550949097, 1.1048271656036377, 0.9588848948478699, 0.8536205887794495, 0.7452450394630432, 0.6069466471672058, 0.5232776999473572, 0.48076218366622925, 0.373443067073822, 0.41014647483825684, 0.32704466581344604, 0.27883821725845337, 0.29899632930755615, 0.22395218908786774, 0.22244641184806824, 0.21500733494758606, 0.16461603343486786, 0.13604453206062317, 0.1397172212600708, 0.12409783154726028, 0.09513847529888153, 0.09193424135446548, 0.103785440325737, 0.09445253759622574], "train_accs": [1.0, 1.0], "dev_accs": [0.995887946543305, 1.0], "test_accs": [0.076158940397351, 0.18543046357615894]}