{"loss_data": [3.1509740352630615, 2.60709810256958, 2.266644239425659, 1.954389214515686, 1.7137858867645264, 1.5222049951553345, 1.2437082529067993, 1.057349443435669, 0.8679249286651611, 0.772956907749176, 0.6118401885032654, 0.5550320744514465, 0.47300654649734497, 0.41641461849212646, 0.34178778529167175, 0.3335816562175751, 0.30046743154525757, 0.2763759195804596, 0.25869327783584595, 0.23169703781604767, 0.18343378603458405, 0.16708393394947052, 0.15953920781612396, 0.1432896852493286, 0.15437950193881989, 0.11340363323688507, 0.12279051542282104, 0.10084618628025055, 0.09225162118673325, 0.1012139692902565], "train_accs": [1.0, 1.0], "dev_accs": [1.0, 1.0], "test_accs": [0.3195364238410596, 0.8087748344370861]}