{"loss_data": [3.259643316268921, 2.7855899333953857, 2.463233470916748, 2.1000003814697266, 1.7935433387756348, 1.5044358968734741, 1.2151570320129395, 1.0511523485183716, 0.9193134307861328, 0.7992066740989685, 0.6530054807662964, 0.5550686120986938, 0.496859610080719, 0.4386177062988281, 0.3834868371486664, 0.35577744245529175, 0.3303626477718353, 0.2776944935321808, 0.24378721415996552, 0.2340281754732132, 0.19489797949790955, 0.19049151241779327, 0.18691229820251465, 0.16070930659770966, 0.13194192945957184, 0.1347605586051941, 0.11543848365545273, 0.11084651201963425, 0.11078722029924393, 0.09807660430669785], "train_accs": [0.9778321017834324, 1.0], "dev_accs": [0.9776407093292213, 1.0], "test_accs": [0.4718543046357616, 0.8650662251655629]}