{"loss_data": [2.562131643295288, 2.0365045070648193, 1.756960153579712, 1.4737982749938965, 1.1097630262374878, 0.9138489961624146, 0.7060505151748657, 0.5746662020683289, 0.5126398801803589, 0.3950991928577423, 0.326040118932724, 0.2850673496723175, 0.24833223223686218, 0.2070179581642151, 0.19667868316173553, 0.18822073936462402, 0.1599285751581192, 0.15937425196170807, 0.12748344242572784, 0.1059713065624237, 0.11850648373365402, 0.07850543409585953, 0.08715493232011795, 0.0683123841881752, 0.058653462678194046, 0.06791490316390991, 0.06212642416357994, 0.06009721755981445, 0.055631548166275024, 0.04446365311741829], "train_accs": [0.9902772376243124, 1.0], "dev_accs": [0.9892058596761758, 1.0], "test_accs": [0.01903973509933775, 0.08857615894039735]}