{"loss_data": [3.1784913539886475, 2.80029559135437, 2.6365253925323486, 2.2703053951263428, 1.8991707563400269, 1.6587204933166504, 1.3782752752304077, 1.1927746534347534, 0.9908892512321472, 0.8289473056793213, 0.686701238155365, 0.6154069900512695, 0.5296475887298584, 0.4100290834903717, 0.42683011293411255, 0.3821878135204315, 0.3249412178993225, 0.28321999311447144, 0.2703498601913452, 0.20814378559589386, 0.19167964160442352, 0.17399156093597412, 0.13396237790584564, 0.16288894414901733, 0.13420097529888153, 0.12218284606933594, 0.1066080704331398, 0.09756211936473846, 0.11493390798568726, 0.1033657044172287], "train_accs": [1.0, 1.0], "dev_accs": [0.9994859933179131, 1.0], "test_accs": [0.9958609271523179, 1.0]}