{"loss_data": [3.2931950092315674, 2.146260976791382, 1.8425198793411255, 1.5903408527374268, 1.3835012912750244, 1.0930043458938599, 0.9260883331298828, 0.7227242588996887, 0.6134176254272461, 0.4678066372871399, 0.42532286047935486, 0.3599696755409241, 0.2769104242324829, 0.2518905699253082, 0.21898199617862701, 0.21452537178993225, 0.19006338715553284, 0.15794318914413452, 0.1554446816444397, 0.11536124348640442, 0.1428518146276474, 0.10953854024410248, 0.08583037555217743, 0.08055033534765244, 0.06737680733203888, 0.06561613827943802, 0.06807918846607208, 0.0683348998427391, 0.052775975316762924, 0.06743660569190979], "train_accs": [0.8759931107283738, 1.0], "dev_accs": [0.8661012593163712, 1.0], "test_accs": [0.0, 0.5057947019867549]}