{"loss_data": [3.4037513732910156, 2.0415263175964355, 1.8245066404342651, 1.6202874183654785, 1.3695838451385498, 1.2198772430419922, 1.032320499420166, 0.7682704329490662, 0.6369053721427917, 0.5229588747024536, 0.44647857546806335, 0.353801965713501, 0.28474533557891846, 0.2474932223558426, 0.22049924731254578, 0.2129986435174942, 0.18149539828300476, 0.15951894223690033, 0.15226365625858307, 0.11221732199192047, 0.12934456765651703, 0.09943115711212158, 0.08523675054311752, 0.0695115327835083, 0.07590562850236893, 0.08193563669919968, 0.06283850967884064, 0.07167627662420273, 0.05480964109301567, 0.05554678663611412], "train_accs": [0.9908883826879271, 0.9999444413578532], "dev_accs": [0.89745566692367, 1.0], "test_accs": [0.03394039735099338, 0.15066225165562913]}