{"loss_data": [3.003113031387329, 2.1283047199249268, 1.9712876081466675, 1.8006021976470947, 1.508950114250183, 1.2793407440185547, 0.9956093430519104, 0.8144817352294922, 0.6302317976951599, 0.48380711674690247, 0.36241891980171204, 0.33602267503738403, 0.27716878056526184, 0.22454597055912018, 0.20897868275642395, 0.19535966217517853, 0.17087514698505402, 0.13829180598258972, 0.1440258026123047, 0.1028253510594368, 0.1171356737613678, 0.08299563825130463, 0.0752960741519928, 0.08122147619724274, 0.08027457445859909, 0.051314160227775574, 0.059433821588754654, 0.05895215645432472, 0.045049190521240234, 0.047140441834926605], "train_accs": [0.9989999444413579, 1.0], "dev_accs": [0.9966589565664353, 1.0], "test_accs": [0.2731788079470199, 0.6399006622516556]}