{"loss_data": [3.4733352661132812, 2.6930863857269287, 2.4563076496124268, 2.133104085922241, 1.7882457971572876, 1.5865583419799805, 1.35787034034729, 1.18855619430542, 0.9501499533653259, 0.8280141353607178, 0.7176262140274048, 0.6442039012908936, 0.5417210459709167, 0.5525673627853394, 0.44489026069641113, 0.4032955765724182, 0.3638363778591156, 0.36046841740608215, 0.31307685375213623, 0.26877832412719727, 0.22859586775302887, 0.20408299565315247, 0.21201306581497192, 0.18015243113040924, 0.17470453679561615, 0.13294188678264618, 0.13822610676288605, 0.13008759915828705, 0.12348856776952744, 0.11295843124389648], "train_accs": [0.9829434968609367, 1.0], "dev_accs": [0.8738113595476741, 0.9175019275250579], "test_accs": [0.13658940397350994, 0.6158940397350994]}