{"loss_data": [2.7913877964019775, 2.1572537422180176, 1.9363139867782593, 1.7358604669570923, 1.4810317754745483, 1.129609227180481, 0.9536396861076355, 0.716395378112793, 0.5867021083831787, 0.5067855715751648, 0.4131612479686737, 0.36431097984313965, 0.2921190857887268, 0.23285390436649323, 0.20636875927448273, 0.20679371058940887, 0.17475534975528717, 0.15187330543994904, 0.14960351586341858, 0.11709901690483093, 0.1151440218091011, 0.10117540508508682, 0.08951463550329208, 0.0723077580332756, 0.08113041520118713, 0.07010529190301895, 0.061346009373664856, 0.057476215064525604, 0.05089634284377098, 0.048598725348711014], "train_accs": [0.8951608422690149, 1.0], "dev_accs": [0.903366743767669, 1.0], "test_accs": [0.0, 0.2591059602649007]}