{"loss_data": [2.390667676925659, 2.026240825653076, 1.8108108043670654, 1.5085365772247314, 1.1462303400039673, 0.861257791519165, 0.7231906652450562, 0.5397492051124573, 0.4319324493408203, 0.3536289930343628, 0.29421907663345337, 0.2374017983675003, 0.2099786251783371, 0.1751074194908142, 0.15920260548591614, 0.160511776804924, 0.1278778612613678, 0.10413610190153122, 0.10749172419309616, 0.08736707270145416, 0.09818080812692642, 0.08790035545825958, 0.07329526543617249, 0.06636884808540344, 0.0542539544403553, 0.06291088461875916, 0.041898686438798904, 0.07027897238731384, 0.04917202517390251, 0.05849957838654518], "train_accs": [0.9939441080060003, 0.9993332962942386], "dev_accs": [0.9894628630172192, 0.9989719866358263], "test_accs": [0.03559602649006623, 0.03890728476821192]}