{"loss_data": [3.451324701309204, 2.813997983932495, 2.4915218353271484, 2.129131317138672, 1.7912548780441284, 1.5287953615188599, 1.3118934631347656, 1.127616286277771, 0.9546497464179993, 0.8318682312965393, 0.6959370374679565, 0.603198230266571, 0.5117195248603821, 0.5118449330329895, 0.4044979214668274, 0.3747764825820923, 0.36114728450775146, 0.2975757122039795, 0.25644809007644653, 0.22807304561138153, 0.20016807317733765, 0.20263539254665375, 0.18972903490066528, 0.16310837864875793, 0.1713305413722992, 0.14981025457382202, 0.11853641271591187, 0.11755909770727158, 0.12322939932346344, 0.11863164603710175], "train_accs": [1.0, 1.0], "dev_accs": [0.9028527370855821, 1.0], "test_accs": [0.2847682119205298, 0.8518211920529801]}