{"loss_data": [2.74698543548584, 2.095280885696411, 1.8777031898498535, 1.606217861175537, 1.2691625356674194, 1.0574091672897339, 0.8506688475608826, 0.6336970925331116, 0.5172763466835022, 0.4484894871711731, 0.3580261766910553, 0.2905758321285248, 0.2477637678384781, 0.21194307506084442, 0.16932518780231476, 0.1823270469903946, 0.15616169571876526, 0.1268627643585205, 0.12869222462177277, 0.09845490753650665, 0.08927911520004272, 0.07661639153957367, 0.06760825961828232, 0.06977760046720505, 0.06992924958467484, 0.05139191448688507, 0.05964392423629761, 0.06007819250226021, 0.04462051019072533, 0.045524731278419495], "train_accs": [0.9952219567753764, 1.0], "dev_accs": [0.9948599331791314, 1.0], "test_accs": [0.0024834437086092716, 0.20198675496688742]}