{"loss_data": [3.0950138568878174, 2.631312608718872, 2.3667361736297607, 2.1065311431884766, 1.8152799606323242, 1.5667387247085571, 1.1919245719909668, 1.0336668491363525, 0.8801135420799255, 0.72501140832901, 0.6276770234107971, 0.5386160016059875, 0.45304811000823975, 0.3632861077785492, 0.35999104380607605, 0.34271004796028137, 0.2941790521144867, 0.2668886184692383, 0.24430406093597412, 0.20183418691158295, 0.18147577345371246, 0.16115525364875793, 0.16904385387897491, 0.1405031681060791, 0.137790709733963, 0.13184520602226257, 0.11540244519710541, 0.12017965316772461, 0.09328769147396088, 0.08367191255092621], "train_accs": [1.0, 1.0], "dev_accs": [0.9036237471087124, 1.0], "test_accs": [0.008278145695364239, 0.8013245033112583]}