{"loss_data": [3.111067295074463, 2.5912537574768066, 2.36104154586792, 2.076632499694824, 1.6975966691970825, 1.4865398406982422, 1.2399944067001343, 1.0555014610290527, 0.8499579429626465, 0.7016590237617493, 0.6275121569633484, 0.5154856443405151, 0.47413170337677, 0.36729416251182556, 0.33265483379364014, 0.3175370991230011, 0.2993342876434326, 0.23223255574703217, 0.2582540512084961, 0.19493743777275085, 0.1701163351535797, 0.15984785556793213, 0.12979631125926971, 0.1604016125202179, 0.14233292639255524, 0.1125025823712349, 0.12723290920257568, 0.0750940665602684, 0.0897892490029335, 0.08817830681800842], "train_accs": [1.0, 1.0], "dev_accs": [0.83757388846055, 0.9951169365201747], "test_accs": [0.030629139072847682, 0.6307947019867549]}