{"loss_data": [3.17765736579895, 2.748476028442383, 2.5404715538024902, 2.2171106338500977, 1.8245587348937988, 1.5452430248260498, 1.2850027084350586, 1.0992491245269775, 0.9182531833648682, 0.7619761228561401, 0.6549347043037415, 0.5529969334602356, 0.47812312841415405, 0.3574356138706207, 0.37373781204223633, 0.38310256600379944, 0.2996253967285156, 0.25692394375801086, 0.2788655757904053, 0.2100006341934204, 0.18503053486347198, 0.16602985560894012, 0.1730078160762787, 0.16038189828395844, 0.12408136576414108, 0.11075130105018616, 0.11624480783939362, 0.10386988520622253, 0.11449749022722244, 0.08290967345237732], "train_accs": [0.9982776820934496, 1.0], "dev_accs": [0.9820097661269597, 1.0], "test_accs": [0.0, 0.01076158940397351]}