{"loss_data": [2.834506034851074, 2.154452323913574, 1.9967126846313477, 1.6673399209976196, 1.324127435684204, 0.9563555717468262, 0.780504047870636, 0.573175311088562, 0.464293509721756, 0.3694167733192444, 0.32454222440719604, 0.262968510389328, 0.20149406790733337, 0.18985360860824585, 0.13794411718845367, 0.16446912288665771, 0.13429298996925354, 0.11952430009841919, 0.1047307625412941, 0.08190639317035675, 0.08859489113092422, 0.06574613600969315, 0.07031518965959549, 0.06029074266552925, 0.05628947913646698, 0.04863821342587471, 0.04836539551615715, 0.042954444885253906, 0.03533018380403519, 0.040783096104860306], "train_accs": [0.9967775987554864, 0.9994999722206789], "dev_accs": [0.9948599331791314, 0.9994859933179131], "test_accs": [0.4917218543046358, 0.9337748344370861]}