{"loss_data": [3.604388952255249, 2.9668102264404297, 2.7435665130615234, 2.497863531112671, 2.123406171798706, 1.8012454509735107, 1.6303528547286987, 1.4573638439178467, 1.2730107307434082, 1.0852477550506592, 0.9220303297042847, 0.8187928795814514, 0.68179851770401, 0.6221699118614197, 0.5199671983718872, 0.49580100178718567, 0.44388383626937866, 0.38270047307014465, 0.35519328713417053, 0.28197309374809265, 0.25978344678878784, 0.23959065973758698, 0.19227716326713562, 0.16647925972938538, 0.1743151694536209, 0.15548256039619446, 0.11905142664909363, 0.11448066681623459, 0.11541557312011719, 0.11671425402164459], "train_accs": [0.9951663981332296, 1.0], "dev_accs": [0.9090208172706246, 1.0], "test_accs": [0.03228476821192053, 0.34933774834437087]}