{"loss_data": [2.8664767742156982, 2.0017693042755127, 1.682929515838623, 1.3513028621673584, 0.998315155506134, 0.7955942153930664, 0.6643964648246765, 0.5087596774101257, 0.392376184463501, 0.37344107031822205, 0.3048504590988159, 0.24542227387428284, 0.20978808403015137, 0.16905301809310913, 0.1699855625629425, 0.14010865986347198, 0.13775473833084106, 0.10792358219623566, 0.11745844036340714, 0.08655975013971329, 0.0924815982580185, 0.06968080252408981, 0.05646757408976555, 0.06361177563667297, 0.0628642737865448, 0.049324262887239456, 0.0475156269967556, 0.043609827756881714, 0.03702428564429283, 0.04995355382561684], "train_accs": [0.9998333240735596, 1.0], "dev_accs": [0.9997429966589566, 1.0], "test_accs": [0.014072847682119206, 0.18625827814569537]}