{"loss_data": [2.7556889057159424, 2.0901923179626465, 1.9273600578308105, 1.6329652070999146, 1.2783567905426025, 0.9242598414421082, 0.7572359442710876, 0.5888243317604065, 0.4687654376029968, 0.408273845911026, 0.3516719937324524, 0.2840658128261566, 0.24386639893054962, 0.19899459183216095, 0.14417433738708496, 0.16623705625534058, 0.15129190683364868, 0.14564481377601624, 0.10921070724725723, 0.11977113038301468, 0.09627415984869003, 0.07994139939546585, 0.08759589493274689, 0.06967784464359283, 0.06067734956741333, 0.05991671234369278, 0.04350673407316208, 0.055615298449993134, 0.04382700100541115, 0.04086555168032646], "train_accs": [1.0, 1.0], "dev_accs": [1.0, 1.0], "test_accs": [0.009105960264900662, 0.1216887417218543]}