{"loss_data": [2.9566426277160645, 2.0581674575805664, 1.9119833707809448, 1.7614344358444214, 1.338214635848999, 1.0600045919418335, 0.8129519820213318, 0.5722183585166931, 0.4834947884082794, 0.3707534968852997, 0.32569989562034607, 0.2750411033630371, 0.22616350650787354, 0.20027506351470947, 0.18259425461292267, 0.17446492612361908, 0.1666199266910553, 0.132388636469841, 0.09941594302654266, 0.10554538667201996, 0.09222887456417084, 0.07574965804815292, 0.08539408445358276, 0.05879916250705719, 0.0492459237575531, 0.05278202146291733, 0.0617397204041481, 0.04172670096158981, 0.059949006885290146, 0.043948836624622345], "train_accs": [0.9990555030835047, 1.0], "dev_accs": [0.9180159342071447, 1.0], "test_accs": [0.009933774834437087, 0.37748344370860926]}