{"loss_data": [3.3193678855895996, 2.7380664348602295, 2.503756523132324, 2.168078899383545, 1.8943601846694946, 1.650094985961914, 1.4601939916610718, 1.2581342458724976, 1.0800352096557617, 0.8799521327018738, 0.7732414603233337, 0.6798167824745178, 0.5532018542289734, 0.4547097086906433, 0.43563586473464966, 0.4371453821659088, 0.3417952358722687, 0.32384535670280457, 0.29566532373428345, 0.2485695332288742, 0.21232371032238007, 0.21077370643615723, 0.18238948285579681, 0.17467573285102844, 0.16324137151241302, 0.14955294132232666, 0.12022318691015244, 0.10665573924779892, 0.10059350728988647, 0.11776767671108246], "train_accs": [0.9690538363242402, 0.9999444413578532], "dev_accs": [0.9920328964276536, 0.9997429966589566], "test_accs": [0.0, 0.13079470198675497]}