{"loss_data": [3.0168583393096924, 2.0724146366119385, 1.895835518836975, 1.6911022663116455, 1.4573619365692139, 1.1422514915466309, 0.9343441128730774, 0.7419361472129822, 0.5855015516281128, 0.464773952960968, 0.37217777967453003, 0.28746119141578674, 0.24962127208709717, 0.1956225037574768, 0.17276224493980408, 0.16353686153888702, 0.16541346907615662, 0.1263900250196457, 0.11219685524702072, 0.11149366199970245, 0.08767851442098618, 0.0786084458231926, 0.0707220509648323, 0.06486926227807999, 0.06766517460346222, 0.057358648627996445, 0.057432737201452255, 0.05508954077959061, 0.04772482439875603, 0.05015655979514122], "train_accs": [0.9944441357853214, 1.0], "dev_accs": [0.9925469031097405, 1.0], "test_accs": [0.03890728476821192, 0.3394039735099338]}