{"loss_data": [2.6476902961730957, 2.0120880603790283, 1.803425669670105, 1.5174709558486938, 1.2486251592636108, 1.015534520149231, 0.8165696859359741, 0.626632809638977, 0.5033575296401978, 0.41522321105003357, 0.33356380462646484, 0.26103475689888, 0.22150874137878418, 0.1672406643629074, 0.17153239250183105, 0.14257845282554626, 0.14783824980258942, 0.12709510326385498, 0.09504044055938721, 0.11165198683738708, 0.08030898869037628, 0.06448423862457275, 0.06616737693548203, 0.06216908246278763, 0.04424789920449257, 0.057242512702941895, 0.03810610994696617, 0.04943060129880905, 0.03868945688009262, 0.035427890717983246], "train_accs": [0.9986665925884771, 1.0], "dev_accs": [0.9974299665895656, 1.0], "test_accs": [0.042218543046357616, 0.31043046357615894]}