{"loss_data": [3.309182643890381, 2.8381965160369873, 2.5784354209899902, 2.2337491512298584, 1.9623303413391113, 1.6584827899932861, 1.4780770540237427, 1.2826650142669678, 1.156001329421997, 0.9846070408821106, 0.8515041470527649, 0.7541409730911255, 0.6040139198303223, 0.5089751482009888, 0.4896716773509979, 0.48405420780181885, 0.38389188051223755, 0.41324296593666077, 0.3259281516075134, 0.2691555321216583, 0.22886286675930023, 0.22196175158023834, 0.17475773394107819, 0.18663038313388824, 0.14508172869682312, 0.15904097259044647, 0.11712536215782166, 0.11761309951543808, 0.10394513607025146, 0.09878842532634735], "train_accs": [0.9856658703261292, 1.0], "dev_accs": [0.965047545618093, 0.9997429966589566], "test_accs": [0.052152317880794705, 0.13990066225165562]}