{"loss_data": [2.7296626567840576, 2.0339882373809814, 1.8198384046554565, 1.4650195837020874, 1.2034165859222412, 0.925373375415802, 0.8432008624076843, 0.676184356212616, 0.5286132097244263, 0.48127222061157227, 0.4061523377895355, 0.3109883964061737, 0.22724205255508423, 0.21056023240089417, 0.18936507403850555, 0.1829073280096054, 0.1605241447687149, 0.11924298107624054, 0.08659239858388901, 0.11544545739889145, 0.1083383858203888, 0.06660642474889755, 0.08217484503984451, 0.06151626631617546, 0.04536590725183487, 0.05669625103473663, 0.06365630030632019, 0.041330963373184204, 0.04565979167819023, 0.044583242386579514], "train_accs": [0.9995555308628257, 1.0], "dev_accs": [0.9979439732716525, 1.0], "test_accs": [0.10430463576158941, 0.20860927152317882]}