{"loss_data": [2.561612367630005, 2.126311779022217, 2.0023066997528076, 1.8230783939361572, 1.5930421352386475, 1.362322449684143, 1.119977593421936, 0.8628537058830261, 0.655221164226532, 0.5304550528526306, 0.4047611355781555, 0.3286072909832001, 0.2649458944797516, 0.2407776415348053, 0.20628385245800018, 0.1887868046760559, 0.18893252313137054, 0.1570321023464203, 0.13832184672355652, 0.12283854931592941, 0.11967240273952484, 0.10526082664728165, 0.10845565050840378, 0.07936505228281021, 0.06970173865556717, 0.06023503094911575, 0.06580644845962524, 0.06029164791107178, 0.04641380161046982, 0.05084329843521118], "train_accs": [0.8929940552252903, 0.9994444135785321], "dev_accs": [0.9018247237214084, 0.9997429966589566], "test_accs": [0.0, 0.14486754966887416]}