{"loss_data": [2.7459239959716797, 1.9959776401519775, 1.7203420400619507, 1.5221388339996338, 1.3274221420288086, 1.1096253395080566, 0.9015331864356995, 0.6986587643623352, 0.5347722172737122, 0.4648623764514923, 0.37445178627967834, 0.3239310383796692, 0.2529325783252716, 0.232146218419075, 0.19231098890304565, 0.17237146198749542, 0.18667982518672943, 0.13979558646678925, 0.10365911573171616, 0.09464176744222641, 0.08870244771242142, 0.07994459569454193, 0.08196718245744705, 0.07316391170024872, 0.05006744712591171, 0.056160952895879745, 0.04719970002770424, 0.04519115015864372, 0.04649341478943825, 0.034184690564870834], "train_accs": [0.9936663147952665, 1.0], "dev_accs": [0.9956309432022616, 1.0], "test_accs": [0.1986754966887417, 0.5091059602649006]}