{"loss_data": [3.082223892211914, 1.9819198846817017, 1.7376124858856201, 1.5392670631408691, 1.3261164426803589, 1.0528029203414917, 0.8498622179031372, 0.6340050101280212, 0.5437362194061279, 0.39917755126953125, 0.3373359441757202, 0.28182944655418396, 0.22215715050697327, 0.2163359671831131, 0.18082109093666077, 0.183738112449646, 0.1602906882762909, 0.15160150825977325, 0.12354645133018494, 0.13791359961032867, 0.08803568035364151, 0.07907887548208237, 0.09915877133607864, 0.08690638095140457, 0.06861567497253418, 0.06903368979692459, 0.05578655004501343, 0.05493735894560814, 0.05484814941883087, 0.05303576961159706], "train_accs": [0.8985499194399689, 1.0], "dev_accs": [0.9067077872012336, 1.0], "test_accs": [0.0, 0.12003311258278146]}