{"loss_data": [2.763500690460205, 2.049370527267456, 1.8924146890640259, 1.6616134643554688, 1.2629791498184204, 0.9697495698928833, 0.7382570505142212, 0.6176664233207703, 0.47672057151794434, 0.3813531696796417, 0.31914353370666504, 0.2616268992424011, 0.20913799107074738, 0.17159605026245117, 0.16062818467617035, 0.14252619445323944, 0.14936262369155884, 0.1136818379163742, 0.09302464127540588, 0.09036479145288467, 0.07666675746440887, 0.0735618993639946, 0.07659319043159485, 0.056552864611148834, 0.052871912717819214, 0.05324782058596611, 0.05528790131211281, 0.05018651485443115, 0.03809182345867157, 0.0438978411257267], "train_accs": [0.8910495027501528, 0.9998888827157064], "dev_accs": [0.8871755332819327, 0.9994859933179131], "test_accs": [0.0, 0.2392384105960265]}