{"loss_data": [2.5154058933258057, 2.0415220260620117, 1.7580163478851318, 1.4462978839874268, 1.158856749534607, 0.9968627691268921, 0.7827705144882202, 0.6742343306541443, 0.5094805955886841, 0.4413143992424011, 0.35698601603507996, 0.28904029726982117, 0.24748899042606354, 0.2386273890733719, 0.2085837870836258, 0.17399714887142181, 0.15174637734889984, 0.1564716100692749, 0.12051430344581604, 0.11859355866909027, 0.11049675196409225, 0.0850396454334259, 0.08188032358884811, 0.06707841157913208, 0.0627579614520073, 0.06474064290523529, 0.06375641375780106, 0.05525205656886101, 0.05096074193716049, 0.04927979037165642], "train_accs": [0.9968331573976332, 1.0], "dev_accs": [0.9964019532253919, 1.0], "test_accs": [0.011589403973509934, 0.17218543046357615]}