{"loss_data": [3.4163296222686768, 2.749213457107544, 2.447984218597412, 2.142760753631592, 1.838482141494751, 1.5037568807601929, 1.2763266563415527, 1.116840124130249, 0.9522788524627686, 0.8366042375564575, 0.6700018644332886, 0.6085753440856934, 0.5197537541389465, 0.46029189229011536, 0.4013093411922455, 0.384755939245224, 0.3716786801815033, 0.3187263011932373, 0.2856871485710144, 0.23819054663181305, 0.22940921783447266, 0.2216775119304657, 0.2156846672296524, 0.1768098771572113, 0.16292792558670044, 0.1385989487171173, 0.13165083527565002, 0.1342349797487259, 0.11385401338338852, 0.09984663128852844], "train_accs": [0.9822767931551752, 1.0], "dev_accs": [0.9642765355949627, 0.9989719866358263], "test_accs": [0.10844370860927152, 0.7756622516556292]}