{"loss_data": [3.4938275814056396, 2.8356053829193115, 2.7059133052825928, 2.503828763961792, 2.1093273162841797, 1.7658796310424805, 1.4191021919250488, 1.2544788122177124, 1.0681654214859009, 0.8835203647613525, 0.7081848978996277, 0.6652625203132629, 0.5136029720306396, 0.4852084815502167, 0.43232259154319763, 0.3744440972805023, 0.35471829771995544, 0.33203959465026855, 0.28746896982192993, 0.2625177204608917, 0.2163911610841751, 0.19349290430545807, 0.17716200649738312, 0.15184400975704193, 0.1515016108751297, 0.13645847141742706, 0.11838275194168091, 0.12993617355823517, 0.10512725263834, 0.09543319046497345], "train_accs": [1.0, 1.0], "dev_accs": [1.0, 1.0], "test_accs": [0.30049668874172186, 0.6506622516556292]}