{"loss_data": [2.6743547916412354, 2.055302381515503, 1.7876346111297607, 1.5212088823318481, 1.2387409210205078, 1.015880823135376, 0.7899833917617798, 0.6481281518936157, 0.5152372121810913, 0.4507588744163513, 0.34841206669807434, 0.28821149468421936, 0.2374998927116394, 0.23764127492904663, 0.19832739233970642, 0.1776278167963028, 0.15937818586826324, 0.1432974934577942, 0.13780635595321655, 0.0959915816783905, 0.08496098965406418, 0.09678901731967926, 0.08725246787071228, 0.0719023123383522, 0.07119826227426529, 0.068692147731781, 0.04808204248547554, 0.05535825714468956, 0.045333296060562134, 0.053072910755872726], "train_accs": [0.9871103950219456, 0.9997777654314128], "dev_accs": [0.8920585967617579, 1.0], "test_accs": [0.0, 0.0]}