{"loss_data": [3.495638132095337, 2.200181722640991, 1.9219940900802612, 1.6463426351547241, 1.3954306840896606, 1.1492395401000977, 0.9833248257637024, 0.8606550097465515, 0.6580130457878113, 0.5853448510169983, 0.49100449681282043, 0.39389950037002563, 0.2995636463165283, 0.28163036704063416, 0.22251589596271515, 0.21915362775325775, 0.2102949470281601, 0.16876161098480225, 0.1559883952140808, 0.1318429857492447, 0.1301262229681015, 0.10035867989063263, 0.09910988807678223, 0.0766349583864212, 0.06366749107837677, 0.07320811599493027, 0.058484066277742386, 0.053489670157432556, 0.0636795312166214, 0.04098696634173393], "train_accs": [0.992499583310184, 1.0], "dev_accs": [0.9920328964276536, 1.0], "test_accs": [0.12003311258278146, 0.5264900662251656]}