{"loss_data": [2.562422275543213, 1.9913884401321411, 1.8473423719406128, 1.707780361175537, 1.4152199029922485, 1.1797775030136108, 0.9615612030029297, 0.7726880311965942, 0.5905320644378662, 0.5461322069168091, 0.4469905495643616, 0.3591151833534241, 0.2726101279258728, 0.22411265969276428, 0.20428532361984253, 0.19258736073970795, 0.18742114305496216, 0.1474722921848297, 0.11639443784952164, 0.1090545579791069, 0.0892905443906784, 0.10742747038602829, 0.07384640723466873, 0.06834621727466583, 0.07177271693944931, 0.07517754286527634, 0.054536089301109314, 0.050299204885959625, 0.054522011429071426, 0.045203957706689835], "train_accs": [0.9920551141730096, 1.0], "dev_accs": [0.9907478797224364, 1.0], "test_accs": [0.0024834437086092716, 0.21109271523178808]}