{"loss_data": [3.3214633464813232, 2.8671085834503174, 2.7356793880462646, 2.4421207904815674, 2.1226656436920166, 1.8648405075073242, 1.6102876663208008, 1.4277973175048828, 1.200967788696289, 1.0234955549240112, 0.8791340589523315, 0.7479679584503174, 0.6349477171897888, 0.5229498147964478, 0.4600682556629181, 0.4605760872364044, 0.39138248562812805, 0.3781859576702118, 0.3233250677585602, 0.2793537974357605, 0.23073840141296387, 0.23245586454868317, 0.17586177587509155, 0.1577950417995453, 0.15840661525726318, 0.15328462421894073, 0.1309468001127243, 0.114178866147995, 0.12509821355342865, 0.11118811368942261], "train_accs": [0.9938885493638535, 1.0], "dev_accs": [0.9776407093292213, 0.9994859933179131], "test_accs": [0.2996688741721854, 0.42218543046357615]}