{"loss_data": [2.7670366764068604, 2.034518003463745, 1.8297804594039917, 1.5497316122055054, 1.3662554025650024, 1.126497507095337, 0.894884467124939, 0.7136872410774231, 0.5727437138557434, 0.4333763122558594, 0.33715009689331055, 0.28324228525161743, 0.25828254222869873, 0.21366919577121735, 0.20394721627235413, 0.18970730900764465, 0.18869203329086304, 0.14722220599651337, 0.11814893782138824, 0.131015345454216, 0.10696402192115784, 0.08860385417938232, 0.08198163658380508, 0.06584038585424423, 0.07594083994626999, 0.06349411606788635, 0.05912965536117554, 0.05579424649477005, 0.05423521250486374, 0.05633442848920822], "train_accs": [0.8918828823823546, 1.0], "dev_accs": [0.8989976869699307, 1.0], "test_accs": [0.0, 0.08526490066225166]}