{"loss_data": [3.1560041904449463, 2.720212936401367, 2.4978713989257812, 2.2499067783355713, 1.946151852607727, 1.6684508323669434, 1.4323530197143555, 1.2373631000518799, 1.0456616878509521, 0.8764634132385254, 0.7496235370635986, 0.6678006052970886, 0.5605369210243225, 0.5006928443908691, 0.41874781250953674, 0.4277682900428772, 0.3376116156578064, 0.3330041170120239, 0.2657955586910248, 0.2729499340057373, 0.24779175221920013, 0.19559107720851898, 0.1851443350315094, 0.19017942249774933, 0.1474572867155075, 0.14108756184577942, 0.12394949048757553, 0.13677500188350677, 0.10605323314666748, 0.11480074375867844], "train_accs": [1.0, 1.0], "dev_accs": [0.9537393986121819, 0.9989719866358263], "test_accs": [0.21688741721854304, 0.5107615894039735]}