{"loss_data": [2.447836399078369, 2.015687942504883, 1.816114068031311, 1.5369088649749756, 1.3097583055496216, 1.0904951095581055, 0.8899385333061218, 0.7442693710327148, 0.6157854795455933, 0.5132333040237427, 0.40720102190971375, 0.33786657452583313, 0.276422381401062, 0.250781774520874, 0.21603187918663025, 0.2160376012325287, 0.20721937716007233, 0.13618981838226318, 0.10288044065237045, 0.13671575486660004, 0.09175513684749603, 0.07937627285718918, 0.09388268738985062, 0.07003878057003021, 0.06823182106018066, 0.06051763892173767, 0.0555213987827301, 0.05174238979816437, 0.05671202763915062, 0.052441637963056564], "train_accs": [0.8859936663147953, 1.0], "dev_accs": [0.8936006168080185, 1.0], "test_accs": [0.0, 0.08774834437086093]}