{"loss_data": [2.6536357402801514, 1.9922062158584595, 1.6775387525558472, 1.375582218170166, 1.0700106620788574, 0.8571727871894836, 0.6769649386405945, 0.5519400238990784, 0.46826475858688354, 0.3713217079639435, 0.3091101050376892, 0.2831888794898987, 0.23114633560180664, 0.20239679515361786, 0.1844807118177414, 0.18683333694934845, 0.14484798908233643, 0.1235879510641098, 0.12309610098600388, 0.11198719590902328, 0.09770973771810532, 0.07424794882535934, 0.08084611594676971, 0.06420966237783432, 0.06157442554831505, 0.058105699717998505, 0.04695107042789459, 0.048837266862392426, 0.04032181575894356, 0.044817037880420685], "train_accs": [0.9888882715706429, 1.0], "dev_accs": [0.9856078129015677, 1.0], "test_accs": [0.0902317880794702, 0.09685430463576158]}