{"loss_data": [3.4270622730255127, 2.7520103454589844, 2.3955962657928467, 2.0479984283447266, 1.7710448503494263, 1.484665870666504, 1.1990618705749512, 1.0602601766586304, 0.9359873533248901, 0.7730348110198975, 0.6888024210929871, 0.6330198049545288, 0.5116538405418396, 0.4290917217731476, 0.387489378452301, 0.38690707087516785, 0.3313036859035492, 0.33776894211769104, 0.2836105227470398, 0.22467467188835144, 0.22610986232757568, 0.20973336696624756, 0.16360002756118774, 0.1550302654504776, 0.15397121012210846, 0.13765420019626617, 0.14872992038726807, 0.09841369092464447, 0.10093633830547333, 0.09312339872121811], "train_accs": [1.0, 1.0], "dev_accs": [0.9997429966589566, 1.0], "test_accs": [0.2980132450331126, 0.46357615894039733]}