{"loss_data": [3.3042404651641846, 2.7748279571533203, 2.4855353832244873, 2.1557488441467285, 1.7713592052459717, 1.5214016437530518, 1.2922197580337524, 1.1078755855560303, 0.9800720810890198, 0.8372707962989807, 0.7526848912239075, 0.6521756649017334, 0.5799840092658997, 0.5013492107391357, 0.44622892141342163, 0.4416465163230896, 0.40597209334373474, 0.34535783529281616, 0.33400461077690125, 0.2953775227069855, 0.2497345209121704, 0.21989841759204865, 0.1851283460855484, 0.19181133806705475, 0.1578802615404129, 0.18558251857757568, 0.13815061748027802, 0.13105328381061554, 0.13382333517074585, 0.09628403186798096], "train_accs": [0.9996666481471193, 1.0], "dev_accs": [0.9953739398612182, 1.0], "test_accs": [0.0008278145695364238, 0.16887417218543047]}