{"loss_data": [3.172346830368042, 2.821831703186035, 2.4731788635253906, 2.097708225250244, 1.7692621946334839, 1.537201166152954, 1.3249682188034058, 1.1874316930770874, 1.1033427715301514, 0.9625372290611267, 0.8600035905838013, 0.6969766020774841, 0.5868926048278809, 0.5087181925773621, 0.4136965572834015, 0.44322341680526733, 0.35651344060897827, 0.35797297954559326, 0.30613240599632263, 0.24506311118602753, 0.22521749138832092, 0.20936357975006104, 0.16268129646778107, 0.1434672325849533, 0.1534564048051834, 0.14579124748706818, 0.11864439398050308, 0.1313311904668808, 0.10205676406621933, 0.08574143797159195], "train_accs": [0.9996110895049725, 1.0], "dev_accs": [0.9673605756874839, 0.9984579799537394], "test_accs": [0.0802980132450331, 0.5165562913907285]}