{"loss_data": [2.6122233867645264, 2.0849106311798096, 1.9216384887695312, 1.7440377473831177, 1.3954793214797974, 1.0660978555679321, 0.7858301997184753, 0.5420876145362854, 0.447407990694046, 0.3704616129398346, 0.26620641350746155, 0.23111267387866974, 0.19671645760536194, 0.16480940580368042, 0.14640258252620697, 0.14253729581832886, 0.1402944028377533, 0.11399471014738083, 0.09280972182750702, 0.0879070907831192, 0.08872201293706894, 0.07181181758642197, 0.06753552705049515, 0.05283733084797859, 0.0660475566983223, 0.05589962750673294, 0.047445036470890045, 0.03720897436141968, 0.040082283318042755, 0.05136710777878761], "train_accs": [0.9994999722206789, 1.0], "dev_accs": [0.9994859933179131, 1.0], "test_accs": [0.09437086092715231, 0.16390728476821192]}