{"loss_data": [2.788174629211426, 2.0496468544006348, 1.818220615386963, 1.5212268829345703, 1.2309107780456543, 1.014627456665039, 0.7553934454917908, 0.5997139811515808, 0.4796007573604584, 0.44884374737739563, 0.36753299832344055, 0.31060177087783813, 0.25351935625076294, 0.19097591936588287, 0.19347190856933594, 0.17707261443138123, 0.17846910655498505, 0.13221418857574463, 0.1148679181933403, 0.1214016005396843, 0.07927901297807693, 0.0860321968793869, 0.07359461486339569, 0.07242798805236816, 0.0558890774846077, 0.05595623701810837, 0.046336203813552856, 0.05420627444982529, 0.03663894161581993, 0.04732009395956993], "train_accs": [0.9965553641868993, 1.0], "dev_accs": [0.9976869699306091, 1.0], "test_accs": [0.15728476821192053, 0.9346026490066225]}