{"loss_data": [3.0840508937835693, 1.9971715211868286, 1.820580244064331, 1.5690757036209106, 1.3322997093200684, 1.0357016324996948, 0.854748010635376, 0.6844216585159302, 0.6305949687957764, 0.44536292552948, 0.3861469030380249, 0.29639866948127747, 0.2437487542629242, 0.19829997420310974, 0.18206413090229034, 0.17371945083141327, 0.16901467740535736, 0.12880098819732666, 0.12541483342647552, 0.11264076828956604, 0.07581178098917007, 0.09360583126544952, 0.07872456312179565, 0.05520562455058098, 0.06995247304439545, 0.0581299290060997, 0.06304409354925156, 0.07088879495859146, 0.043174102902412415, 0.05600564554333687], "train_accs": [0.9902772376243124, 1.0], "dev_accs": [0.9848368028784374, 1.0], "test_accs": [0.33774834437086093, 0.640728476821192]}