{"loss_data": [3.1977145671844482, 2.648467779159546, 2.3251564502716064, 2.0186691284179688, 1.72074556350708, 1.5235393047332764, 1.3615351915359497, 1.2023833990097046, 1.0158993005752563, 0.8398157954216003, 0.7403503656387329, 0.6451942324638367, 0.5379979014396667, 0.4717983603477478, 0.43071871995925903, 0.40697982907295227, 0.37048661708831787, 0.3147566318511963, 0.2765865623950958, 0.2384323626756668, 0.21688294410705566, 0.18807478249073029, 0.16888852417469025, 0.15378698706626892, 0.15689219534397125, 0.12199513614177704, 0.10933058708906174, 0.10169852524995804, 0.10257743299007416, 0.09323521703481674], "train_accs": [0.8918828823823546, 1.0], "dev_accs": [0.891544590079671, 1.0], "test_accs": [0.19370860927152317, 0.7309602649006622]}