{"loss_data": [3.274158239364624, 2.0736804008483887, 1.8861714601516724, 1.709763765335083, 1.444997787475586, 1.262316346168518, 0.9949166774749756, 0.7715396881103516, 0.5863038897514343, 0.49575701355934143, 0.38982826471328735, 0.3251519203186035, 0.2767888009548187, 0.23170095682144165, 0.22550247609615326, 0.18938787281513214, 0.1822054386138916, 0.1353943943977356, 0.11172901093959808, 0.11661730706691742, 0.10559672117233276, 0.09180115908384323, 0.08775071799755096, 0.07665646076202393, 0.061513155698776245, 0.06974348425865173, 0.05620846897363663, 0.05403100326657295, 0.05630103126168251, 0.05318543687462807], "train_accs": [0.8968276015334186, 1.0], "dev_accs": [0.9046517604728862, 0.9182729375481882], "test_accs": [0.037251655629139076, 0.23509933774834438]}