{"loss_data": [2.454594373703003, 1.986690640449524, 1.812811017036438, 1.442976474761963, 1.1540427207946777, 0.8628396987915039, 0.6695078015327454, 0.47772032022476196, 0.4212278723716736, 0.3271709382534027, 0.2830485999584198, 0.21603119373321533, 0.18667618930339813, 0.15103603899478912, 0.1577671319246292, 0.1427558809518814, 0.1576969176530838, 0.11308856308460236, 0.11717499792575836, 0.10602004081010818, 0.08177433162927628, 0.08590702712535858, 0.0749826431274414, 0.06020592153072357, 0.06289823353290558, 0.06418675929307938, 0.04549659416079521, 0.0602545440196991, 0.04997074231505394, 0.04151511564850807], "train_accs": [0.9980554475248625, 1.0], "dev_accs": [0.9976869699306091, 1.0], "test_accs": [0.1183774834437086, 0.5033112582781457]}