{"loss_data": [3.072136163711548, 2.2059738636016846, 2.068610668182373, 1.9274452924728394, 1.6531891822814941, 1.3813750743865967, 1.050277829170227, 0.8453883528709412, 0.6689493060112, 0.5348986387252808, 0.4178791642189026, 0.3863058388233185, 0.2913069427013397, 0.27635252475738525, 0.22310535609722137, 0.2032080739736557, 0.19297179579734802, 0.176690474152565, 0.12400559335947037, 0.11302009969949722, 0.11203177273273468, 0.0960245132446289, 0.09365712106227875, 0.09729132056236267, 0.07022614032030106, 0.07096658647060394, 0.0638924390077591, 0.05368543416261673, 0.0701175183057785, 0.05371560528874397], "train_accs": [0.9986665925884771, 1.0], "dev_accs": [0.9172449241840144, 1.0], "test_accs": [0.0, 0.0695364238410596]}