{"loss_data": [4.020469665527344, 2.921814203262329, 2.7648801803588867, 2.6191606521606445, 2.2612125873565674, 1.9335336685180664, 1.6367111206054688, 1.3912948369979858, 1.1999391317367554, 1.000851035118103, 0.8703175783157349, 0.7748160362243652, 0.6581214666366577, 0.5511072874069214, 0.4896462559700012, 0.4833485186100006, 0.40284067392349243, 0.3696140646934509, 0.33397185802459717, 0.29079368710517883, 0.25029197335243225, 0.19968071579933167, 0.19749468564987183, 0.1643739640712738, 0.16922491788864136, 0.13420619070529938, 0.13551224768161774, 0.11859695613384247, 0.13020218908786774, 0.12655287981033325], "train_accs": [0.9981110061670093, 1.0], "dev_accs": [0.9735286558725263, 1.0], "test_accs": [0.058774834437086095, 0.6084437086092715]}