{"loss_data": [3.687284231185913, 2.940187692642212, 2.549828290939331, 2.2735726833343506, 1.9724979400634766, 1.6770498752593994, 1.373319387435913, 1.2175571918487549, 1.054160475730896, 0.9005517959594727, 0.7938693761825562, 0.692436158657074, 0.6065025925636292, 0.5301368236541748, 0.4691329896450043, 0.46302205324172974, 0.4006664752960205, 0.3959212005138397, 0.32520583271980286, 0.2682797610759735, 0.25906118750572205, 0.2126329094171524, 0.20758306980133057, 0.20602162182331085, 0.18156316876411438, 0.14340458810329437, 0.14584261178970337, 0.15080055594444275, 0.1432153284549713, 0.11713553965091705], "train_accs": [0.9851102839046614, 1.0], "dev_accs": [0.6373682857877152, 0.9079928039064508], "test_accs": [0.020695364238410598, 0.23841059602649006]}