{"loss_data": [2.9001688957214355, 1.9967275857925415, 1.8286808729171753, 1.5769641399383545, 1.2902767658233643, 1.0434916019439697, 0.853369951248169, 0.6820235848426819, 0.5487093925476074, 0.47917118668556213, 0.3819124400615692, 0.3308108448982239, 0.25442320108413696, 0.21403992176055908, 0.19951122999191284, 0.1773638278245926, 0.15529122948646545, 0.12072324007749557, 0.12805242836475372, 0.1122768372297287, 0.0834675207734108, 0.08811631053686142, 0.08175119012594223, 0.06159993261098862, 0.05473051220178604, 0.07466103881597519, 0.04616444930434227, 0.05563772842288017, 0.04590936005115509, 0.046201564371585846], "train_accs": [0.9967220401133396, 1.0], "dev_accs": [0.9776407093292213, 1.0], "test_accs": [0.0836092715231788, 0.5206953642384106]}