{"loss_data": [3.211467981338501, 2.7845964431762695, 2.4948935508728027, 2.2117233276367188, 1.9442417621612549, 1.648635983467102, 1.4038149118423462, 1.2300784587860107, 1.039674997329712, 0.9232525825500488, 0.7712441682815552, 0.6683973670005798, 0.5952552556991577, 0.47326117753982544, 0.4562714993953705, 0.42644229531288147, 0.39305591583251953, 0.3378169536590576, 0.32895001769065857, 0.2758847177028656, 0.22752735018730164, 0.19767580926418304, 0.18761220574378967, 0.1661892682313919, 0.16349445283412933, 0.1643681675195694, 0.12306836992502213, 0.11078953742980957, 0.1181625947356224, 0.10023609548807144], "train_accs": [1.0, 1.0], "dev_accs": [0.874325366229761, 0.9982009766126959], "test_accs": [0.0, 0.16639072847682118]}