{"loss_data": [2.6561217308044434, 2.039611339569092, 1.900059461593628, 1.653734564781189, 1.4307308197021484, 1.1933190822601318, 0.9756680727005005, 0.7408572435379028, 0.5808700919151306, 0.4789672791957855, 0.3958660066127777, 0.3254697620868683, 0.24752302467823029, 0.245267853140831, 0.18429771065711975, 0.17076347768306732, 0.17702005803585052, 0.1258990615606308, 0.1235409826040268, 0.11296139657497406, 0.08919376134872437, 0.08936582505702972, 0.08734678477048874, 0.05833113566040993, 0.0700012743473053, 0.06513983756303787, 0.06183326989412308, 0.04671434313058853, 0.04804414510726929, 0.04287048801779747], "train_accs": [0.8968276015334186, 0.9993888549363854], "dev_accs": [0.9046517604728862, 0.9997429966589566], "test_accs": [0.0, 0.048841059602649006]}