{"loss_data": [3.360703468322754, 2.1623756885528564, 1.9861383438110352, 1.8123142719268799, 1.625016450881958, 1.3712102174758911, 1.1730905771255493, 0.9955106377601624, 0.7991945743560791, 0.6077575087547302, 0.5330771207809448, 0.43722447752952576, 0.3288539946079254, 0.29096153378486633, 0.25757065415382385, 0.2698158621788025, 0.21847042441368103, 0.18709902465343475, 0.15128029882907867, 0.17716918885707855, 0.15022170543670654, 0.1056932657957077, 0.10512012988328934, 0.09385071694850922, 0.08003982156515121, 0.06606016308069229, 0.07725732773542404, 0.07271935790777206, 0.060484737157821655, 0.06819982081651688], "train_accs": [0.8927718206567031, 1.0], "dev_accs": [0.899254690310974, 1.0], "test_accs": [0.0, 0.451158940397351]}