{"loss_data": [3.3171186447143555, 2.8287110328674316, 2.5864505767822266, 2.2152416706085205, 1.8254865407943726, 1.5919386148452759, 1.403159737586975, 1.2196100950241089, 1.0173908472061157, 0.896203875541687, 0.7725687623023987, 0.6910734176635742, 0.5612596869468689, 0.4772517681121826, 0.3984775245189667, 0.4163309931755066, 0.34930261969566345, 0.3257915675640106, 0.29286903142929077, 0.2521847188472748, 0.22880718111991882, 0.21424980461597443, 0.1829933077096939, 0.17740090191364288, 0.1482243537902832, 0.11122426390647888, 0.12445537000894547, 0.12696056067943573, 0.08851006627082825, 0.09494200348854065], "train_accs": [0.9709428301572309, 1.0], "dev_accs": [0.7229503983551786, 0.9290670778720124], "test_accs": [0.0033112582781456954, 0.11589403973509933]}