{"loss_data": [3.178392171859741, 2.727400779724121, 2.51815128326416, 2.202547311782837, 1.877454161643982, 1.595230221748352, 1.3961131572723389, 1.1747316122055054, 1.0526167154312134, 0.8420925140380859, 0.724270224571228, 0.6451705694198608, 0.5385732054710388, 0.49287447333335876, 0.420240193605423, 0.39475202560424805, 0.3422788679599762, 0.3450358808040619, 0.26915618777275085, 0.24030564725399017, 0.23138368129730225, 0.19477792084217072, 0.18290600180625916, 0.14737504720687866, 0.14328549802303314, 0.14211907982826233, 0.10794360935688019, 0.12301482260227203, 0.11127252131700516, 0.09200634807348251], "train_accs": [0.9959997777654314, 1.0], "dev_accs": [0.9511693652017477, 0.9976869699306091], "test_accs": [0.09271523178807947, 0.31870860927152317]}