{"loss_data": [2.3780908584594727, 1.978337049484253, 1.664255142211914, 1.3451833724975586, 1.0733964443206787, 0.8217893838882446, 0.6807066798210144, 0.5215179920196533, 0.4064791798591614, 0.32713285088539124, 0.24540650844573975, 0.20213837921619415, 0.16563989222049713, 0.13520652055740356, 0.14199060201644897, 0.12273970246315002, 0.11973636597394943, 0.09726456552743912, 0.08122556656599045, 0.08580468595027924, 0.07876299321651459, 0.07811536639928818, 0.057460591197013855, 0.05082489922642708, 0.047262076288461685, 0.05915755033493042, 0.04036200791597366, 0.04232938587665558, 0.037055809050798416, 0.035003941506147385], "train_accs": [0.9975554197455414, 0.9995555308628257], "dev_accs": [0.9964019532253919, 0.9997429966589566], "test_accs": [0.11506622516556292, 0.13079470198675497]}