{"loss_data": [2.5235371589660645, 2.077221155166626, 1.7659238576889038, 1.4444208145141602, 1.1108883619308472, 0.8787832260131836, 0.6940578818321228, 0.5162308216094971, 0.3829657733440399, 0.3355599641799927, 0.27769336104393005, 0.25066912174224854, 0.18564824759960175, 0.17484597861766815, 0.17243677377700806, 0.1376427263021469, 0.13128556311130524, 0.1122007891535759, 0.11812583357095718, 0.09270194172859192, 0.07459026575088501, 0.06601430475711823, 0.06414683908224106, 0.05909651890397072, 0.05949968844652176, 0.05122736841440201, 0.04614678770303726, 0.05074997991323471, 0.05670677497982979, 0.04823274537920952], "train_accs": [0.9993332962942386, 0.9994999722206789], "dev_accs": [0.9992289899768697, 0.9992289899768697], "test_accs": [0.009933774834437087, 0.18956953642384106]}