{"loss_data": [3.3547937870025635, 2.862438917160034, 2.6713509559631348, 2.4165847301483154, 2.051176071166992, 1.6584455966949463, 1.3776026964187622, 1.1792303323745728, 0.9747027158737183, 0.8164737224578857, 0.6914713978767395, 0.5763210654258728, 0.4690304696559906, 0.4508974254131317, 0.3509726822376251, 0.35026654601097107, 0.2840786874294281, 0.2845199704170227, 0.24619722366333008, 0.2076685130596161, 0.1979750543832779, 0.156633660197258, 0.15358735620975494, 0.15760278701782227, 0.12577596306800842, 0.11804882436990738, 0.10637607425451279, 0.09246091544628143, 0.08920802175998688, 0.0878785252571106], "train_accs": [0.9824990277237624, 1.0], "dev_accs": [0.9984579799537394, 0.9997429966589566], "test_accs": [0.4097682119205298, 0.5736754966887417]}