{"loss_data": [3.1895461082458496, 2.7950081825256348, 2.516007661819458, 2.2119948863983154, 1.953974962234497, 1.7443033456802368, 1.5026549100875854, 1.2827593088150024, 1.0937281847000122, 0.9547532796859741, 0.7852783799171448, 0.7015826106071472, 0.5994397401809692, 0.5245464444160461, 0.4598877429962158, 0.46013009548187256, 0.39857593178749084, 0.35768502950668335, 0.33783021569252014, 0.2883937358856201, 0.2603614330291748, 0.20385870337486267, 0.19310243427753448, 0.1799161732196808, 0.15694904327392578, 0.14639712870121002, 0.1491106003522873, 0.14274746179580688, 0.1214248463511467, 0.1391182839870453], "train_accs": [0.9972220678926607, 1.0], "dev_accs": [0.9940889231560011, 1.0], "test_accs": [0.24006622516556292, 0.6887417218543046]}