{"loss_data": [2.6420793533325195, 2.0471367835998535, 1.9421082735061646, 1.8010072708129883, 1.4846384525299072, 1.1693642139434814, 0.9509783983230591, 0.8272460103034973, 0.586562991142273, 0.5032908916473389, 0.3997107446193695, 0.34381505846977234, 0.26988422870635986, 0.23626916110515594, 0.2198764681816101, 0.20623576641082764, 0.1771567016839981, 0.14864853024482727, 0.14325828850269318, 0.13390327990055084, 0.10677433013916016, 0.09453291445970535, 0.08619844168424606, 0.06646788120269775, 0.0770178884267807, 0.06628292053937912, 0.06426990777254105, 0.04846630245447159, 0.05566785857081413, 0.05277138575911522], "train_accs": [0.9969998333240736, 0.9992777376520918], "dev_accs": [0.9961449498843485, 0.9989719866358263], "test_accs": [0.0, 0.46274834437086093]}