{"loss_data": [2.57831072807312, 2.1247761249542236, 1.9298409223556519, 1.6447815895080566, 1.2772845029830933, 1.0092400312423706, 0.7753387689590454, 0.6072432994842529, 0.44949251413345337, 0.40890824794769287, 0.320598840713501, 0.28372207283973694, 0.2289162129163742, 0.2290608286857605, 0.17877383530139923, 0.18117542564868927, 0.1586228460073471, 0.12989993393421173, 0.13094452023506165, 0.12064846605062485, 0.09926753491163254, 0.09575865417718887, 0.09689472615718842, 0.07547041773796082, 0.06666989624500275, 0.07088472694158554, 0.07595841586589813, 0.06164095178246498, 0.04871267452836037, 0.05200163647532463], "train_accs": [0.9918884382465692, 0.9998333240735596], "dev_accs": [0.9920328964276536, 1.0], "test_accs": [0.0, 0.09271523178807947]}