{"loss_data": [3.426391363143921, 2.7770628929138184, 2.528778553009033, 2.3989179134368896, 2.151427745819092, 1.8386708498001099, 1.580361008644104, 1.414416790008545, 1.2291131019592285, 1.0229840278625488, 0.8685428500175476, 0.7414923310279846, 0.6572378277778625, 0.5509341359138489, 0.47124001383781433, 0.47971370816230774, 0.4246576130390167, 0.37495484948158264, 0.3371942937374115, 0.2793709635734558, 0.27819761633872986, 0.2126787155866623, 0.20442351698875427, 0.19574876129627228, 0.16960223019123077, 0.16209745407104492, 0.13977675139904022, 0.11614325642585754, 0.11953877657651901, 0.12356796860694885], "train_accs": [0.9989999444413579, 1.0], "dev_accs": [0.9879208429709586, 1.0], "test_accs": [0.022350993377483443, 0.30629139072847683]}