{"loss_data": [3.5547595024108887, 2.9327611923217773, 2.596076726913452, 2.332911491394043, 2.060256004333496, 1.7697886228561401, 1.561726689338684, 1.3748985528945923, 1.2492996454238892, 1.001212477684021, 0.9218752980232239, 0.7744742035865784, 0.6646136045455933, 0.5944952964782715, 0.5380955934524536, 0.5073623657226562, 0.45949646830558777, 0.41814419627189636, 0.38270750641822815, 0.29640090465545654, 0.3015810549259186, 0.23741109669208527, 0.22681725025177002, 0.21044930815696716, 0.17432691156864166, 0.15095984935760498, 0.17131169140338898, 0.13425369560718536, 0.14074257016181946, 0.10473883897066116], "train_accs": [0.992999611089505, 1.0], "dev_accs": [0.9362631714212285, 1.0], "test_accs": [0.201158940397351, 0.3675496688741722]}