{"loss_data": [3.297779083251953, 2.7494542598724365, 2.4554197788238525, 2.103724479675293, 1.8565194606781006, 1.599123477935791, 1.4558589458465576, 1.2558749914169312, 1.1485185623168945, 0.9618576169013977, 0.7988800406455994, 0.7344872355461121, 0.639801561832428, 0.5734938979148865, 0.49337172508239746, 0.46833372116088867, 0.3958359360694885, 0.37670958042144775, 0.3450058698654175, 0.2995542287826538, 0.2442600280046463, 0.24137955904006958, 0.20234878361225128, 0.1840784251689911, 0.19844482839107513, 0.15003590285778046, 0.14073090255260468, 0.15063363313674927, 0.13581664860248566, 0.11748458445072174], "train_accs": [0.999722206789266, 1.0], "dev_accs": [0.9180159342071447, 1.0], "test_accs": [0.015728476821192054, 0.4867549668874172]}