{"loss_data": [3.508335590362549, 2.3111212253570557, 2.0964338779449463, 2.0103981494903564, 1.9180047512054443, 1.6427905559539795, 1.3568716049194336, 1.0610008239746094, 0.9211779832839966, 0.7528101205825806, 0.5993936657905579, 0.47238749265670776, 0.39656856656074524, 0.3060551881790161, 0.2765023410320282, 0.2552410066127777, 0.2341332733631134, 0.18176157772541046, 0.1573847234249115, 0.1488112062215805, 0.12083615362644196, 0.11582151800394058, 0.09324134141206741, 0.0942850261926651, 0.09468819946050644, 0.08744450658559799, 0.05919632688164711, 0.06099143624305725, 0.06400719285011292, 0.04867350310087204], "train_accs": [0.8628257125395855, 0.9999444413578532], "dev_accs": [0.8622462092007196, 0.9997429966589566], "test_accs": [0.024006622516556293, 0.4147350993377483]}