{"loss_data": [3.234544038772583, 2.6672422885894775, 2.2398478984832764, 1.90840482711792, 1.6265079975128174, 1.4017165899276733, 1.198138952255249, 1.0502002239227295, 0.8961144089698792, 0.813456654548645, 0.7031400799751282, 0.623998761177063, 0.4713490605354309, 0.4599173665046692, 0.3766477704048157, 0.3917578458786011, 0.33392974734306335, 0.3302553594112396, 0.29030856490135193, 0.25454965233802795, 0.23766763508319855, 0.18741996586322784, 0.16614538431167603, 0.1727285087108612, 0.15265518426895142, 0.13864654302597046, 0.12380089610815048, 0.11144255101680756, 0.12912605702877045, 0.08745615184307098], "train_accs": [0.9936107561531197, 1.0], "dev_accs": [0.899254690310974, 0.9180159342071447], "test_accs": [0.006622516556291391, 0.6746688741721855]}