{"loss_data": [3.027822256088257, 1.9978785514831543, 1.743264079093933, 1.4524859189987183, 1.127637267112732, 0.9922270774841309, 0.7678956985473633, 0.6062142252922058, 0.4609847664833069, 0.4267655909061432, 0.3022926449775696, 0.27383503317832947, 0.2165343314409256, 0.18542729318141937, 0.16053195297718048, 0.15909521281719208, 0.15815263986587524, 0.12258382141590118, 0.10646660625934601, 0.09663867950439453, 0.08001332730054855, 0.06470627337694168, 0.06867946684360504, 0.05703715607523918, 0.05645691230893135, 0.04608534276485443, 0.04222177341580391, 0.038448821753263474, 0.05038094520568848, 0.03670869395136833], "train_accs": [0.9944441357853214, 1.0], "dev_accs": [0.9938319198149576, 1.0], "test_accs": [0.0016556291390728477, 0.20447019867549668]}