{"loss_data": [3.0300440788269043, 2.617457389831543, 2.2760610580444336, 1.9719282388687134, 1.7235260009765625, 1.4493403434753418, 1.27713942527771, 1.0970895290374756, 0.9799255132675171, 0.7957592606544495, 0.6929049491882324, 0.6218299865722656, 0.48222628235816956, 0.4224347770214081, 0.3674946427345276, 0.3600379526615143, 0.32948991656303406, 0.29618510603904724, 0.26602673530578613, 0.2274651974439621, 0.21426500380039215, 0.18756140768527985, 0.20027895271778107, 0.151855006814003, 0.13575845956802368, 0.13219322264194489, 0.1069483608007431, 0.10540690273046494, 0.09419626742601395, 0.09798458218574524], "train_accs": [0.9997777654314128, 1.0], "dev_accs": [0.9925469031097405, 1.0], "test_accs": [0.3344370860927152, 0.5422185430463576]}