{"loss_data": [2.6009626388549805, 2.0512592792510986, 1.7923957109451294, 1.580127239227295, 1.3057913780212402, 1.080194354057312, 0.9184299111366272, 0.7834588289260864, 0.6703863143920898, 0.5635201930999756, 0.4813365936279297, 0.4137585759162903, 0.35463783144950867, 0.34058958292007446, 0.28447940945625305, 0.2563924789428711, 0.24233025312423706, 0.1981251835823059, 0.16574688255786896, 0.1600903570652008, 0.14393103122711182, 0.11156372725963593, 0.1404174566268921, 0.10296312719583511, 0.0959036573767662, 0.08630521595478058, 0.08813995867967606, 0.0729123130440712, 0.0888378769159317, 0.06008937582373619], "train_accs": [0.8630479471081727, 1.0], "dev_accs": [0.8409149318941146, 1.0], "test_accs": [0.027317880794701987, 0.7268211920529801]}