{"loss_data": [3.275299310684204, 2.8724138736724854, 2.6552178859710693, 2.293682336807251, 1.9468125104904175, 1.7061090469360352, 1.4415857791900635, 1.2509292364120483, 1.0690134763717651, 0.9157451391220093, 0.8066092133522034, 0.7476493716239929, 0.6070345640182495, 0.5021124482154846, 0.4287276566028595, 0.4462611973285675, 0.390025794506073, 0.36103206872940063, 0.3035096824169159, 0.2515835165977478, 0.22637073695659637, 0.18759693205356598, 0.18301436305046082, 0.20483121275901794, 0.18840032815933228, 0.1668684184551239, 0.13771481812000275, 0.10016805678606033, 0.1180458664894104, 0.11171247810125351], "train_accs": [0.8984943607978221, 1.0], "dev_accs": [0.9020817270624518, 0.9994859933179131], "test_accs": [0.026490066225165563, 0.7417218543046358]}