{"loss_data": [2.699920654296875, 2.09926438331604, 1.8967353105545044, 1.6083492040634155, 1.320231318473816, 1.101464033126831, 0.8941438794136047, 0.655547559261322, 0.5771725177764893, 0.4523806869983673, 0.35077565908432007, 0.28862547874450684, 0.24522000551223755, 0.2033655196428299, 0.17865265905857086, 0.17786063253879547, 0.1729334592819214, 0.1407109647989273, 0.10112441331148148, 0.10888977348804474, 0.08279620856046677, 0.07521697133779526, 0.08156173676252365, 0.0756344422698021, 0.06259258091449738, 0.05492645502090454, 0.04830137640237808, 0.04546792060136795, 0.06672997772693634, 0.05484125763177872], "train_accs": [0.997666537029835, 1.0], "dev_accs": [0.9984579799537394, 1.0], "test_accs": [0.016556291390728478, 0.11423841059602649]}