{"loss_data": [3.4410271644592285, 2.9243879318237305, 2.7456469535827637, 2.6385204792022705, 2.3870699405670166, 1.9368222951889038, 1.5750694274902344, 1.2967259883880615, 1.1582905054092407, 0.9449599981307983, 0.7905210852622986, 0.6743372678756714, 0.5603198409080505, 0.5242194533348083, 0.41242659091949463, 0.4179086983203888, 0.3556697368621826, 0.3291643559932709, 0.2792985141277313, 0.23947255313396454, 0.19070018827915192, 0.17007696628570557, 0.15644924342632294, 0.14783476293087006, 0.14736713469028473, 0.12766288220882416, 0.10631367564201355, 0.10852749645709991, 0.10430295020341873, 0.09400481730699539], "train_accs": [0.9539418856603145, 1.0], "dev_accs": [0.9586224620920072, 0.9997429966589566], "test_accs": [0.11754966887417219, 0.2582781456953642]}