{"loss_data": [2.8764264583587646, 2.0321528911590576, 1.8001887798309326, 1.4746181964874268, 1.2075114250183105, 1.0063961744308472, 0.7946130037307739, 0.6516834497451782, 0.541073739528656, 0.44068485498428345, 0.37328553199768066, 0.29427969455718994, 0.2431037276983261, 0.19963489472866058, 0.19213975965976715, 0.17769278585910797, 0.1855079084634781, 0.1459733098745346, 0.12255536764860153, 0.1179681047797203, 0.10450542718172073, 0.08394558727741241, 0.07024507224559784, 0.07600709795951843, 0.06092878803610802, 0.05635662376880646, 0.05312290042638779, 0.05706837400794029, 0.05332531780004501, 0.04601230099797249], "train_accs": [0.9926107005944774, 0.9994444135785321], "dev_accs": [0.9917758930866101, 0.9994859933179131], "test_accs": [0.15894039735099338, 0.8625827814569537]}