{"loss_data": [3.4515798091888428, 2.8512983322143555, 2.7336246967315674, 2.4076108932495117, 2.1170167922973633, 1.8066387176513672, 1.5511939525604248, 1.3105623722076416, 1.1279116868972778, 0.9468735456466675, 0.7957223653793335, 0.7346885800361633, 0.5884621739387512, 0.4919414818286896, 0.4492604434490204, 0.4189457297325134, 0.3539351224899292, 0.3192913234233856, 0.3114449083805084, 0.2634676396846771, 0.2353750467300415, 0.20425568521022797, 0.19249729812145233, 0.16117940843105316, 0.14901095628738403, 0.13414357602596283, 0.12692572176456451, 0.10472963750362396, 0.10052013397216797, 0.10378150641918182], "train_accs": [1.0, 1.0], "dev_accs": [0.9992289899768697, 1.0], "test_accs": [0.11423841059602649, 0.7235099337748344]}