{"loss_data": [3.370354413986206, 2.9655208587646484, 2.703855037689209, 2.35046648979187, 1.9750032424926758, 1.6489932537078857, 1.3799153566360474, 1.1861788034439087, 0.988199770450592, 0.8695891499519348, 0.7346103191375732, 0.6771546006202698, 0.5642566084861755, 0.4908064603805542, 0.41252389550209045, 0.4288506507873535, 0.3692858815193176, 0.3179605007171631, 0.2809719741344452, 0.26342156529426575, 0.23917636275291443, 0.2074582576751709, 0.17467111349105835, 0.1785317212343216, 0.15412011742591858, 0.14436236023902893, 0.10825570672750473, 0.10787227749824524, 0.11389698833227158, 0.10186722874641418], "train_accs": [0.984165786988166, 1.0], "dev_accs": [0.9856078129015677, 0.9992289899768697], "test_accs": [0.21688741721854304, 0.3841059602649007]}