{"loss_data": [2.5472614765167236, 2.081965446472168, 1.8852534294128418, 1.617801308631897, 1.350109338760376, 1.0525197982788086, 0.9040107727050781, 0.7528531551361084, 0.5659537315368652, 0.4568478763103485, 0.3644017279148102, 0.32124000787734985, 0.23824763298034668, 0.21116045117378235, 0.17681707441806793, 0.1668308973312378, 0.15093986690044403, 0.13470973074436188, 0.09991857409477234, 0.1116848811507225, 0.0901968777179718, 0.07130589336156845, 0.07323233038187027, 0.05338750779628754, 0.05525730922818184, 0.061633434146642685, 0.05310066416859627, 0.04353794828057289, 0.04011274874210358, 0.041887830942869186], "train_accs": [0.9961664536918717, 1.0], "dev_accs": [0.9938319198149576, 1.0], "test_accs": [0.13741721854304637, 0.41887417218543044]}