{"loss_data": [3.332906723022461, 2.88916015625, 2.744547128677368, 2.4453442096710205, 2.1382105350494385, 1.8362160921096802, 1.514087438583374, 1.3717045783996582, 1.1051172018051147, 0.9365490078926086, 0.7694199085235596, 0.7219040393829346, 0.5635948777198792, 0.5034579634666443, 0.44643351435661316, 0.40050190687179565, 0.39991527795791626, 0.35593628883361816, 0.312207967042923, 0.25663816928863525, 0.23603998124599457, 0.21312913298606873, 0.19290664792060852, 0.19050556421279907, 0.1441590040922165, 0.1484229862689972, 0.13481035828590393, 0.1302555352449417, 0.1087610125541687, 0.11982093751430511], "train_accs": [1.0, 1.0], "dev_accs": [0.9897198663582627, 0.9994859933179131], "test_accs": [0.3120860927152318, 0.4271523178807947]}