{"loss_data": [3.387962579727173, 2.832575559616089, 2.508906364440918, 2.209550619125366, 1.823348045349121, 1.531934142112732, 1.2822726964950562, 1.0707824230194092, 0.961349368095398, 0.8149458765983582, 0.7164554595947266, 0.6109254360198975, 0.5262052416801453, 0.4212000072002411, 0.3874102532863617, 0.35041674971580505, 0.3198864161968231, 0.2857503890991211, 0.2709290683269501, 0.22218121588230133, 0.233193501830101, 0.18474598228931427, 0.17445938289165497, 0.14704300463199615, 0.1432175487279892, 0.13133732974529266, 0.12316134572029114, 0.1062752828001976, 0.09427284449338913, 0.08747696876525879], "train_accs": [1.0, 1.0], "dev_accs": [0.856592135697764, 1.0], "test_accs": [0.09437086092715231, 0.8228476821192053]}