{"loss_data": [3.2597999572753906, 2.7633533477783203, 2.361104965209961, 2.062601327896118, 1.7978347539901733, 1.435342788696289, 1.2096705436706543, 1.0212805271148682, 0.9217096567153931, 0.7925817966461182, 0.6339872479438782, 0.6101192235946655, 0.4907855987548828, 0.4058244228363037, 0.3479074537754059, 0.3586605489253998, 0.32021352648735046, 0.30000659823417664, 0.25787249207496643, 0.21209923923015594, 0.1956043541431427, 0.17652875185012817, 0.16673815250396729, 0.15836341679096222, 0.1412236988544464, 0.1250392496585846, 0.1155451238155365, 0.11388444155454636, 0.09633034467697144, 0.0936698243021965], "train_accs": [1.0, 1.0], "dev_accs": [0.765869956309432, 0.8164996144949884], "test_accs": [0.35016556291390727, 0.4155629139072848]}