{"loss_data": [3.1379923820495605, 2.2429890632629395, 1.8814666271209717, 1.6079576015472412, 1.3769919872283936, 1.1137278079986572, 0.909028172492981, 0.7507018446922302, 0.6312302350997925, 0.4607769846916199, 0.4036092460155487, 0.3228250741958618, 0.27557453513145447, 0.2156781703233719, 0.21089833974838257, 0.20082181692123413, 0.2036089152097702, 0.15165889263153076, 0.13483749330043793, 0.14258597791194916, 0.1180499941110611, 0.10083865374326706, 0.08892594277858734, 0.0819351002573967, 0.07517428696155548, 0.06849296391010284, 0.07785694301128387, 0.06537263095378876, 0.05822976306080818, 0.05899014323949814], "train_accs": [0.8963831323962442, 1.0], "dev_accs": [0.899768696993061, 1.0], "test_accs": [0.0, 0.11589403973509933]}