{"loss_data": [3.3734240531921387, 2.021686315536499, 1.9165997505187988, 1.6353654861450195, 1.2802814245224, 1.0155634880065918, 0.8322086930274963, 0.664846658706665, 0.4862690567970276, 0.4370764195919037, 0.34252700209617615, 0.347130686044693, 0.24575138092041016, 0.23670659959316254, 0.18549107015132904, 0.17728663980960846, 0.1666203886270523, 0.14588697254657745, 0.12197064608335495, 0.12284916639328003, 0.10065986961126328, 0.08538924157619476, 0.08814951032400131, 0.06715913116931915, 0.07277043163776398, 0.06123185530304909, 0.06175330653786659, 0.0638461709022522, 0.05087663605809212, 0.058558110147714615], "train_accs": [0.8981054503027947, 1.0], "dev_accs": [0.9061937805191468, 1.0], "test_accs": [0.0008278145695364238, 0.022350993377483443]}