{"loss_data": [3.178741216659546, 2.633235216140747, 2.3924720287323, 2.049989700317383, 1.8118699789047241, 1.539047122001648, 1.3424010276794434, 1.1584774255752563, 1.0465513467788696, 0.8673009276390076, 0.8036290407180786, 0.688352644443512, 0.5605452060699463, 0.5135655403137207, 0.44496187567710876, 0.42176052927970886, 0.3654433786869049, 0.32343459129333496, 0.28107163310050964, 0.24818682670593262, 0.22157709300518036, 0.18598374724388123, 0.19160494208335876, 0.17825163900852203, 0.14141927659511566, 0.12924320995807648, 0.12247538566589355, 0.11218543350696564, 0.1000252366065979, 0.09091707319021225], "train_accs": [0.9975554197455414, 0.9999444413578532], "dev_accs": [0.730917501927525, 0.9236700077101002], "test_accs": [0.016556291390728478, 0.12748344370860928]}