{"loss_data": [3.524219036102295, 2.8374388217926025, 2.6185617446899414, 2.3902947902679443, 2.178255796432495, 1.913299322128296, 1.5918153524398804, 1.4076884984970093, 1.2082067728042603, 1.064349889755249, 0.9270583391189575, 0.853183388710022, 0.6512170433998108, 0.5834734439849854, 0.4838675558567047, 0.5007050633430481, 0.42659619450569153, 0.40933001041412354, 0.33504781126976013, 0.29499876499176025, 0.3017019033432007, 0.2313571572303772, 0.2260563224554062, 0.17751865088939667, 0.18079213798046112, 0.16948352754116058, 0.14327172935009003, 0.11282900720834732, 0.10773175209760666, 0.09437136352062225], "train_accs": [0.9806100338907717, 1.0], "dev_accs": [0.7997943973271653, 1.0], "test_accs": [0.04470198675496689, 0.8998344370860927]}