{"loss_data": [2.874274969100952, 2.1557154655456543, 1.9062193632125854, 1.632858157157898, 1.2979013919830322, 1.0407943725585938, 0.8264971971511841, 0.597488284111023, 0.46925467252731323, 0.3844684064388275, 0.30075687170028687, 0.2526092529296875, 0.20955222845077515, 0.18370671570301056, 0.1610875278711319, 0.160629540681839, 0.14818841218948364, 0.13273006677627563, 0.1142701581120491, 0.09750530123710632, 0.07317177206277847, 0.07303472608327866, 0.07177718728780746, 0.06328297406435013, 0.05502816662192345, 0.06141231209039688, 0.06392713636159897, 0.07536129653453827, 0.047694165259599686, 0.046511854976415634], "train_accs": [0.9837768764931385, 0.9999444413578532], "dev_accs": [0.8869185299408893, 1.0], "test_accs": [0.09519867549668874, 0.7400662251655629]}