{"loss_data": [3.4967265129089355, 2.8667094707489014, 2.7346303462982178, 2.5158169269561768, 2.247054100036621, 1.940883755683899, 1.6199184656143188, 1.4442055225372314, 1.2840156555175781, 1.0641813278198242, 0.9339417219161987, 0.7427262663841248, 0.6526509523391724, 0.5478795170783997, 0.49434876441955566, 0.4467432200908661, 0.41036126017570496, 0.4065263569355011, 0.35094234347343445, 0.2681167721748352, 0.22445906698703766, 0.21450775861740112, 0.17542102932929993, 0.1756005436182022, 0.1564992368221283, 0.13644662499427795, 0.14178283512592316, 0.147054985165596, 0.10898477584123611, 0.1114717498421669], "train_accs": [0.924218012111784, 1.0], "dev_accs": [0.8157286044718581, 1.0], "test_accs": [0.006622516556291391, 0.26241721854304634]}