{"loss_data": [3.2364377975463867, 2.709047794342041, 2.417846918106079, 2.039015769958496, 1.7590827941894531, 1.4716402292251587, 1.3452750444412231, 1.1199628114700317, 1.021990418434143, 0.8818044662475586, 0.7467432618141174, 0.6666685342788696, 0.5457931756973267, 0.48625531792640686, 0.41941991448402405, 0.40190833806991577, 0.36041373014450073, 0.3721534311771393, 0.28682100772857666, 0.27302607893943787, 0.2298237383365631, 0.2007903754711151, 0.19983600080013275, 0.1524072140455246, 0.17179493606090546, 0.14695653319358826, 0.14184679090976715, 0.1388949453830719, 0.12787069380283356, 0.11661534756422043], "train_accs": [0.9967220401133396, 1.0], "dev_accs": [0.9843227961963505, 1.0], "test_accs": [0.22102649006622516, 0.4793046357615894]}