{"loss_data": [3.3366851806640625, 2.927159547805786, 2.693356513977051, 2.384204387664795, 2.0023651123046875, 1.7461037635803223, 1.4626202583312988, 1.2649333477020264, 1.1390131711959839, 0.9483951330184937, 0.7999012470245361, 0.7047991752624512, 0.5759956240653992, 0.4992657005786896, 0.43212831020355225, 0.41296014189720154, 0.3873203694820404, 0.34010475873947144, 0.32236188650131226, 0.25080955028533936, 0.21385380625724792, 0.20810864865779877, 0.19574740529060364, 0.17855007946491241, 0.16810357570648193, 0.12976056337356567, 0.12980441749095917, 0.10542350262403488, 0.11024293303489685, 0.09703776240348816], "train_accs": [0.8984943607978221, 1.0], "dev_accs": [0.7946543305062966, 0.9149318941146235], "test_accs": [0.0, 0.10182119205298014]}