{"loss_data": [3.1018874645233154, 2.2086949348449707, 1.8828939199447632, 1.5550479888916016, 1.2885669469833374, 0.9975968599319458, 0.7507460117340088, 0.6411342024803162, 0.5037334561347961, 0.39887914061546326, 0.355341374874115, 0.29469990730285645, 0.25515633821487427, 0.22603687644004822, 0.19768255949020386, 0.20491082966327667, 0.15634849667549133, 0.16917216777801514, 0.13419653475284576, 0.1290646642446518, 0.13047344982624054, 0.09983351081609726, 0.09649808704853058, 0.09408891201019287, 0.07914480566978455, 0.0661187693476677, 0.0634256899356842, 0.05361805111169815, 0.05397287383675575, 0.051161590963602066], "train_accs": [0.9902216789821656, 1.0], "dev_accs": [0.9933179131328708, 1.0], "test_accs": [0.31043046357615894, 0.5769867549668874]}