{"loss_data": [3.1798434257507324, 2.579598903656006, 2.255476951599121, 2.0041983127593994, 1.737589955329895, 1.5274134874343872, 1.3465670347213745, 1.2105430364608765, 1.0518938302993774, 0.8566460013389587, 0.8066638708114624, 0.6952827572822571, 0.6188276410102844, 0.5040319561958313, 0.44852450489997864, 0.4848392903804779, 0.4309566617012024, 0.3518749177455902, 0.306420236825943, 0.2575059235095978, 0.21915873885154724, 0.23396950960159302, 0.17871466279029846, 0.1603359580039978, 0.13549445569515228, 0.13755331933498383, 0.1283436119556427, 0.122504822909832, 0.10405343770980835, 0.08551457524299622], "train_accs": [0.9916662036779821, 1.0], "dev_accs": [0.8252377280904651, 0.9979439732716525], "test_accs": [0.15811258278145696, 0.6051324503311258]}