{"loss_data": [3.4626970291137695, 2.8340020179748535, 2.588094711303711, 2.3268349170684814, 2.0536084175109863, 1.7816325426101685, 1.521650791168213, 1.2512997388839722, 1.0612634420394897, 0.9210331439971924, 0.79837566614151, 0.683613121509552, 0.572307288646698, 0.49250319600105286, 0.471042662858963, 0.42774999141693115, 0.3569321036338806, 0.35800087451934814, 0.3305782377719879, 0.2611633837223053, 0.2331736981868744, 0.23390303552150726, 0.19390146434307098, 0.1566980481147766, 0.16491514444351196, 0.1446942239999771, 0.12158203125, 0.12594692409038544, 0.11166290193796158, 0.10872281342744827], "train_accs": [0.9996666481471193, 1.0], "dev_accs": [0.9606784888203547, 1.0], "test_accs": [0.029801324503311258, 0.5811258278145696]}