{"loss_data": [3.4138214588165283, 2.8616371154785156, 2.6932425498962402, 2.462660312652588, 2.075597047805786, 1.7317290306091309, 1.442292332649231, 1.1413687467575073, 0.9793068170547485, 0.8040120601654053, 0.6805247664451599, 0.6031714677810669, 0.47590509057044983, 0.3848465383052826, 0.3733312487602234, 0.34139490127563477, 0.2977713942527771, 0.266518771648407, 0.24964536726474762, 0.19670051336288452, 0.20031142234802246, 0.15925626456737518, 0.16746529936790466, 0.14392368495464325, 0.1339292973279953, 0.10522383451461792, 0.09829483926296234, 0.1020885556936264, 0.09579354524612427, 0.07906736433506012], "train_accs": [0.9998888827157064, 1.0], "dev_accs": [0.9984579799537394, 0.9997429966589566], "test_accs": [0.09188741721854304, 0.2913907284768212]}