{"loss_data": [3.227409601211548, 2.8326406478881836, 2.5379300117492676, 2.232968807220459, 1.869631290435791, 1.5899548530578613, 1.3572202920913696, 1.1887099742889404, 1.0216972827911377, 0.8211730122566223, 0.6864299774169922, 0.6071861982345581, 0.5216720104217529, 0.44307225942611694, 0.36628660559654236, 0.39220479130744934, 0.3320212662220001, 0.31261539459228516, 0.2613881826400757, 0.2255626618862152, 0.22582291066646576, 0.19520899653434753, 0.16462339460849762, 0.15160611271858215, 0.14830376207828522, 0.14405876398086548, 0.10949546098709106, 0.09897693246603012, 0.11001424491405487, 0.08809524029493332], "train_accs": [0.9995555308628257, 1.0], "dev_accs": [0.903366743767669, 0.9992289899768697], "test_accs": [0.23427152317880795, 0.42632450331125826]}