{"loss_data": [3.2975916862487793, 2.2566492557525635, 1.8703060150146484, 1.6346946954727173, 1.39368736743927, 1.1494767665863037, 0.9511654376983643, 0.7441182136535645, 0.656335711479187, 0.5178961753845215, 0.42586350440979004, 0.37651926279067993, 0.28029367327690125, 0.24957416951656342, 0.23983323574066162, 0.2045469731092453, 0.19783464074134827, 0.17694024741649628, 0.1398213654756546, 0.13084183633327484, 0.10762473940849304, 0.09353018552064896, 0.10743994265794754, 0.08249037712812424, 0.07550165802240372, 0.0864373967051506, 0.07851329445838928, 0.060797370970249176, 0.0565519742667675, 0.05704345926642418], "train_accs": [0.9913884104672481, 0.9988332685149175], "dev_accs": [0.9907478797224364, 0.9992289899768697], "test_accs": [0.0008278145695364238, 0.039735099337748346]}