{"loss_data": [3.368466377258301, 2.822906017303467, 2.5460057258605957, 2.2140018939971924, 1.8458573818206787, 1.5658055543899536, 1.3740553855895996, 1.1189794540405273, 1.0003501176834106, 0.8449408411979675, 0.7188448905944824, 0.5954235792160034, 0.5130249261856079, 0.4525136947631836, 0.38716062903404236, 0.4043501019477844, 0.3220357596874237, 0.32776308059692383, 0.2871057987213135, 0.22361120581626892, 0.20157770812511444, 0.20335973799228668, 0.1469307541847229, 0.1535661369562149, 0.15082591772079468, 0.12887372076511383, 0.11789052933454514, 0.10489803552627563, 0.11882100254297256, 0.08780449628829956], "train_accs": [0.9990555030835047, 1.0], "dev_accs": [0.9953739398612182, 1.0], "test_accs": [0.33774834437086093, 0.4155629139072848]}