{"loss_data": [2.8339669704437256, 1.848031997680664, 1.6073795557022095, 1.3217867612838745, 1.0776755809783936, 0.8529684543609619, 0.6900267004966736, 0.5871723890304565, 0.45220181345939636, 0.3838244080543518, 0.31801167130470276, 0.27851220965385437, 0.20396828651428223, 0.19265417754650116, 0.15458108484745026, 0.19100308418273926, 0.13036198914051056, 0.12306512892246246, 0.09860598295927048, 0.09626064449548721, 0.06697124242782593, 0.08595754206180573, 0.07226927578449249, 0.06198931857943535, 0.05837569758296013, 0.05260710418224335, 0.05486515536904335, 0.04931444302201271, 0.04511863365769386, 0.037155263125896454], "train_accs": [0.9978887715984222, 1.0], "dev_accs": [0.9984579799537394, 1.0], "test_accs": [0.2706953642384106, 0.6167218543046358]}