{"loss_data": [3.1770524978637695, 2.254491090774536, 2.022000312805176, 1.9370408058166504, 1.6828950643539429, 1.4143424034118652, 1.0495156049728394, 0.7888585329055786, 0.6981759071350098, 0.5489510297775269, 0.440145343542099, 0.36277711391448975, 0.32185328006744385, 0.2636584937572479, 0.22479462623596191, 0.23269297182559967, 0.2195417284965515, 0.17152728140354156, 0.15919876098632812, 0.14593172073364258, 0.1305781453847885, 0.10408084094524384, 0.10577636957168579, 0.08841879665851593, 0.07578478008508682, 0.07931451499462128, 0.05529133602976799, 0.0611753836274147, 0.051102813333272934, 0.06369444727897644], "train_accs": [0.8905494749708317, 1.0], "dev_accs": [0.8987406836288871, 1.0], "test_accs": [0.0, 0.3567880794701987]}