{"loss_data": [3.509564161300659, 2.816882371902466, 2.5393412113189697, 2.244551181793213, 1.953341007232666, 1.690198540687561, 1.4674252271652222, 1.2624280452728271, 1.0091289281845093, 0.9099606871604919, 0.7596580386161804, 0.6536468267440796, 0.5455633401870728, 0.4516170620918274, 0.40916815400123596, 0.40346208214759827, 0.3532278537750244, 0.3252752423286438, 0.26418018341064453, 0.2251008301973343, 0.20757712423801422, 0.17912517488002777, 0.172513946890831, 0.1371246725320816, 0.14254924654960632, 0.11067739129066467, 0.11582350730895996, 0.10673794895410538, 0.09582681208848953, 0.11715319007635117], "train_accs": [1.0, 1.0], "dev_accs": [0.9115908506810588, 1.0], "test_accs": [0.018211920529801324, 0.298841059602649]}