{"loss_data": [2.702617883682251, 2.054211139678955, 1.8588171005249023, 1.5298025608062744, 1.2817871570587158, 1.0143165588378906, 0.8467147350311279, 0.680114209651947, 0.5075216293334961, 0.4257590174674988, 0.3592572510242462, 0.28565549850463867, 0.24536459147930145, 0.21285653114318848, 0.19460828602313995, 0.16454391181468964, 0.14365679025650024, 0.1352146416902542, 0.11631400138139725, 0.1167888268828392, 0.08744031935930252, 0.10390058904886246, 0.093511201441288, 0.07055134326219559, 0.07699254900217056, 0.06259872019290924, 0.050976213067770004, 0.05989803746342659, 0.0518127866089344, 0.05534633249044418], "train_accs": [0.9814989721651203, 0.9999444413578532], "dev_accs": [0.988177846312002, 1.0], "test_accs": [0.29387417218543044, 0.6614238410596026]}