{"loss_data": [3.177931547164917, 2.099952459335327, 1.9596126079559326, 1.796703577041626, 1.5594301223754883, 1.2647435665130615, 1.0038269758224487, 0.7734822034835815, 0.6362442970275879, 0.49229300022125244, 0.4066096842288971, 0.33986297249794006, 0.25787052512168884, 0.23351384699344635, 0.19874784350395203, 0.18814188241958618, 0.16861802339553833, 0.14700621366500854, 0.11934693902730942, 0.10755923390388489, 0.10409612953662872, 0.1214984580874443, 0.0731053501367569, 0.07350405305624008, 0.06635022908449173, 0.07182978838682175, 0.06749901920557022, 0.06650322675704956, 0.06601355224847794, 0.03828485310077667], "train_accs": [0.9987221512306239, 1.0], "dev_accs": [0.9982009766126959, 1.0], "test_accs": [0.0, 0.0033112582781456954]}