{"loss_data": [3.189298152923584, 2.804182767868042, 2.7166783809661865, 2.579942226409912, 2.253817558288574, 1.8445985317230225, 1.484601616859436, 1.2737630605697632, 1.062035083770752, 0.8736404180526733, 0.7461516261100769, 0.6475055813789368, 0.5397091507911682, 0.4747837781906128, 0.4111153483390808, 0.4454137682914734, 0.3355266749858856, 0.3345370888710022, 0.29826629161834717, 0.25087112188339233, 0.23386728763580322, 0.2000623643398285, 0.1840076595544815, 0.15345025062561035, 0.1439831703901291, 0.13648609817028046, 0.1246187835931778, 0.12777426838874817, 0.1091705933213234, 0.09234359115362167], "train_accs": [1.0, 1.0], "dev_accs": [0.895656643536366, 1.0], "test_accs": [0.0, 0.11423841059602649]}