{"loss_data": [3.2311930656433105, 2.909207582473755, 2.524397850036621, 2.13203501701355, 1.8218369483947754, 1.5233153104782104, 1.2908849716186523, 1.130677342414856, 0.9522450566291809, 0.817051351070404, 0.7135313749313354, 0.6424541473388672, 0.5545965433120728, 0.5060523748397827, 0.4081576466560364, 0.4082787036895752, 0.33719825744628906, 0.3339865803718567, 0.31124791502952576, 0.23976083099842072, 0.23165594041347504, 0.19220545887947083, 0.1922689974308014, 0.16869089007377625, 0.14227145910263062, 0.14196687936782837, 0.1332569420337677, 0.116928331553936, 0.09098398685455322, 0.08333972841501236], "train_accs": [0.999222179009945, 1.0], "dev_accs": [0.9956309432022616, 1.0], "test_accs": [0.02152317880794702, 0.0902317880794702]}