{"loss_data": [3.3034439086914062, 2.8263700008392334, 2.599151134490967, 2.2575790882110596, 1.9475207328796387, 1.6478536128997803, 1.4395520687103271, 1.241651177406311, 1.0995312929153442, 0.9222960472106934, 0.8063763976097107, 0.6765137910842896, 0.574976921081543, 0.5064763426780701, 0.40338876843452454, 0.425248384475708, 0.3576900362968445, 0.33885252475738525, 0.3148072361946106, 0.25709185004234314, 0.24282100796699524, 0.20073609054088593, 0.18303099274635315, 0.16704592108726501, 0.1831342726945877, 0.1404133290052414, 0.1332407146692276, 0.1115250438451767, 0.12690439820289612, 0.11144939064979553], "train_accs": [0.8978832157342075, 1.0], "dev_accs": [0.895656643536366, 1.0], "test_accs": [0.0, 0.7566225165562914]}