{"loss_data": [3.180873394012451, 2.657366991043091, 2.248472213745117, 1.9074161052703857, 1.6272374391555786, 1.4044098854064941, 1.1853609085083008, 1.01259446144104, 0.8452120423316956, 0.7727164030075073, 0.633510172367096, 0.5675349235534668, 0.4507226049900055, 0.40701714158058167, 0.33370324969291687, 0.3598780333995819, 0.31354230642318726, 0.2934490740299225, 0.26174965500831604, 0.2398427575826645, 0.22140462696552277, 0.20120485126972198, 0.19199320673942566, 0.14959494769573212, 0.17589177191257477, 0.13024060428142548, 0.132134348154068, 0.10390090197324753, 0.11264870315790176, 0.11346332728862762], "train_accs": [0.9999444413578532, 1.0], "dev_accs": [0.9704446157800052, 0.9997429966589566], "test_accs": [0.32450331125827814, 0.6548013245033113]}