{"loss_data": [3.1773862838745117, 2.2501204013824463, 2.021017074584961, 1.849628210067749, 1.6193610429763794, 1.3533293008804321, 1.1117712259292603, 0.9713193774223328, 0.7691815495491028, 0.6717312335968018, 0.5367791652679443, 0.5107187628746033, 0.3991692364215851, 0.38579776883125305, 0.30303579568862915, 0.3123509883880615, 0.24722737073898315, 0.22182181477546692, 0.19170509278774261, 0.175082728266716, 0.15994758903980255, 0.12474566698074341, 0.11895883083343506, 0.11123276501893997, 0.09435287117958069, 0.08615574985742569, 0.08257661014795303, 0.10173915326595306, 0.06406539678573608, 0.05814514309167862], "train_accs": [0.9014945274737486, 0.997388743819101], "dev_accs": [0.8889745566692367, 0.995887946543305], "test_accs": [0.26158940397350994, 0.6192052980132451]}