{"loss_data": [2.6144134998321533, 1.9772917032241821, 1.77360200881958, 1.5123062133789062, 1.1693990230560303, 0.8753443360328674, 0.7066449522972107, 0.5482169985771179, 0.45047110319137573, 0.39640045166015625, 0.3022772967815399, 0.28259921073913574, 0.2511787712574005, 0.20110979676246643, 0.17035681009292603, 0.16058456897735596, 0.1558888703584671, 0.1316472738981247, 0.09862477332353592, 0.10756728053092957, 0.09292865544557571, 0.08492425829172134, 0.08165910840034485, 0.07210849225521088, 0.054106585681438446, 0.06559567898511887, 0.06253727525472641, 0.05549634248018265, 0.050379976630210876, 0.03781963884830475], "train_accs": [0.9992777376520918, 1.0], "dev_accs": [0.916987920842971, 1.0], "test_accs": [0.0, 0.013245033112582781]}