{"loss_data": [2.6700544357299805, 2.093587636947632, 1.9198007583618164, 1.6568124294281006, 1.3401033878326416, 1.1160892248153687, 0.9065945744514465, 0.7487478256225586, 0.5563609600067139, 0.5050836801528931, 0.42199835181236267, 0.37177208065986633, 0.2895016372203827, 0.22964416444301605, 0.2432505190372467, 0.20283818244934082, 0.2110695093870163, 0.1738394796848297, 0.14987525343894958, 0.12903618812561035, 0.10214242339134216, 0.10287978500127792, 0.08656339347362518, 0.08793909847736359, 0.0814533606171608, 0.07448557764291763, 0.07662557810544968, 0.05734200030565262, 0.06133701652288437, 0.052893828600645065], "train_accs": [0.9947219289960554, 1.0], "dev_accs": [0.9907478797224364, 1.0], "test_accs": [0.15397350993377484, 0.2706953642384106]}