{"loss_data": [3.435594081878662, 2.8856747150421143, 2.612607955932617, 2.3097968101501465, 1.9145143032073975, 1.693542242050171, 1.4653708934783936, 1.3296815156936646, 1.1883054971694946, 1.0055863857269287, 0.8699356913566589, 0.7729464769363403, 0.6727785468101501, 0.5579372048377991, 0.5186435580253601, 0.5097295045852661, 0.44966357946395874, 0.42211097478866577, 0.32947656512260437, 0.277177095413208, 0.2763480842113495, 0.2512214779853821, 0.2312873899936676, 0.17398066818714142, 0.21127456426620483, 0.16459479928016663, 0.1494528353214264, 0.12137670069932938, 0.12124506384134293, 0.11265289038419724], "train_accs": [0.890993944108006, 1.0], "dev_accs": [0.7131842713955281, 0.9182729375481882], "test_accs": [0.0, 0.07036423841059603]}