{"loss_data": [3.2977213859558105, 2.8604624271392822, 2.651618242263794, 2.404456853866577, 2.074894905090332, 1.8134167194366455, 1.497368335723877, 1.2922176122665405, 1.0903902053833008, 0.9160524010658264, 0.8057335615158081, 0.7032525539398193, 0.5938663482666016, 0.4940735697746277, 0.44295021891593933, 0.4417397975921631, 0.3808493912220001, 0.33614054322242737, 0.3418612480163574, 0.2567064166069031, 0.23634624481201172, 0.2092904895544052, 0.19214656949043274, 0.15743961930274963, 0.1657060980796814, 0.1535259485244751, 0.12687747180461884, 0.12102065235376358, 0.13653013110160828, 0.09807338565587997], "train_accs": [1.0, 1.0], "dev_accs": [0.9899768696993061, 1.0], "test_accs": [0.014072847682119206, 0.4867549668874172]}