{"loss_data": [3.2487030029296875, 2.8782715797424316, 2.573779344558716, 2.293137550354004, 2.0089449882507324, 1.7003796100616455, 1.4140428304672241, 1.2609400749206543, 1.0758898258209229, 0.9523704051971436, 0.7840835452079773, 0.7007395625114441, 0.5690852403640747, 0.47105488181114197, 0.4713081121444702, 0.4850707948207855, 0.3641092777252197, 0.3515438437461853, 0.3020341694355011, 0.24757586419582367, 0.23642194271087646, 0.19425548613071442, 0.19862911105155945, 0.16251647472381592, 0.18003126978874207, 0.13654129207134247, 0.13181976974010468, 0.10740836709737778, 0.13529209792613983, 0.12583720684051514], "train_accs": [0.9990555030835047, 1.0], "dev_accs": [0.9987149832947828, 1.0], "test_accs": [0.722682119205298, 0.8675496688741722]}