{"loss_data": [2.7594988346099854, 1.9979380369186401, 1.783299207687378, 1.4980484247207642, 1.163305401802063, 0.8869728446006775, 0.7420292496681213, 0.5851821303367615, 0.4575253427028656, 0.36322149634361267, 0.29891741275787354, 0.24781566858291626, 0.21156354248523712, 0.17422491312026978, 0.16758078336715698, 0.1404755860567093, 0.1349731683731079, 0.1313924342393875, 0.10694064944982529, 0.09697069972753525, 0.08030463010072708, 0.07536866515874863, 0.08221974968910217, 0.05721794068813324, 0.0509922169148922, 0.056693270802497864, 0.053682927042245865, 0.060460079461336136, 0.0402703694999218, 0.04572395980358124], "train_accs": [0.9998333240735596, 1.0], "dev_accs": [0.9180159342071447, 1.0], "test_accs": [0.0008278145695364238, 0.0041390728476821195]}