{"loss_data": [3.1998753547668457, 2.735213041305542, 2.550685405731201, 2.2133309841156006, 1.9082727432250977, 1.6608185768127441, 1.3927831649780273, 1.1714375019073486, 1.0016273260116577, 0.8545213937759399, 0.7076946496963501, 0.6247700452804565, 0.5217947363853455, 0.4890908896923065, 0.3874673843383789, 0.41310617327690125, 0.3578943908214569, 0.3386962413787842, 0.3023988902568817, 0.26232415437698364, 0.2611050605773926, 0.2158544808626175, 0.1824754923582077, 0.1642858237028122, 0.15585900843143463, 0.15465191006660461, 0.11280377954244614, 0.10943235456943512, 0.13257986307144165, 0.09253200143575668], "train_accs": [0.9248291571753986, 1.0], "dev_accs": [0.8046774608069905, 0.9948599331791314], "test_accs": [0.16225165562913907, 0.46274834437086093]}