{"loss_data": [2.9104807376861572, 2.0469470024108887, 1.8823037147521973, 1.5359069108963013, 1.3027079105377197, 0.983151912689209, 0.8096824288368225, 0.6407048106193542, 0.5350298285484314, 0.4171975255012512, 0.35888829827308655, 0.306186318397522, 0.22247619926929474, 0.22229836881160736, 0.1841077357530594, 0.20730821788311005, 0.19173604249954224, 0.1477874517440796, 0.11608132719993591, 0.11728769540786743, 0.09140527248382568, 0.10292424261569977, 0.08512534946203232, 0.07335671037435532, 0.06360896676778793, 0.07635150849819183, 0.0434722974896431, 0.048560842871665955, 0.04839954897761345, 0.049791641533374786], "train_accs": [0.9938885493638535, 0.9998333240735596], "dev_accs": [0.8995116936520174, 0.9997429966589566], "test_accs": [0.0, 0.1291390728476821]}