{"loss_data": [3.068948745727539, 2.6598355770111084, 2.3384897708892822, 2.014472484588623, 1.7267142534255981, 1.4348978996276855, 1.2271275520324707, 1.0328431129455566, 0.8795770406723022, 0.7801401019096375, 0.6465532183647156, 0.5971651077270508, 0.47726935148239136, 0.40771499276161194, 0.3528861403465271, 0.37534645199775696, 0.3215898275375366, 0.3071477711200714, 0.27721184492111206, 0.25992193818092346, 0.21425274014472961, 0.18628662824630737, 0.1454877108335495, 0.15567095577716827, 0.1319987177848816, 0.13055606186389923, 0.10893415659666061, 0.11135128140449524, 0.1229276955127716, 0.09095422178506851], "train_accs": [0.999722206789266, 1.0], "dev_accs": [1.0, 1.0], "test_accs": [0.8344370860927153, 0.9966887417218543]}