{"loss_data": [2.7530598640441895, 2.047898054122925, 1.7630796432495117, 1.5117467641830444, 1.1681989431381226, 0.8910265564918518, 0.6522213220596313, 0.5348378419876099, 0.3852006196975708, 0.34244269132614136, 0.30089476704597473, 0.22714219987392426, 0.20366701483726501, 0.15744055807590485, 0.1414777636528015, 0.15496401488780975, 0.12641173601150513, 0.10789339244365692, 0.10681688785552979, 0.09265036135911942, 0.07359954714775085, 0.0820019468665123, 0.06412552297115326, 0.06220608577132225, 0.05211177095770836, 0.05003589764237404, 0.049616165459156036, 0.03654101490974426, 0.04158753901720047, 0.044417496770620346], "train_accs": [0.9951108394910828, 1.0], "dev_accs": [0.9930609097918273, 1.0], "test_accs": [0.10264900662251655, 0.2392384105960265]}