{"loss_data": [2.89829158782959, 2.0220210552215576, 1.8860687017440796, 1.6885687112808228, 1.379363775253296, 1.1322026252746582, 0.8735568523406982, 0.6907269954681396, 0.5495971441268921, 0.4645281434059143, 0.35326218605041504, 0.3039408326148987, 0.23467609286308289, 0.22563479840755463, 0.18230962753295898, 0.175963893532753, 0.16146081686019897, 0.13288614153862, 0.11196945607662201, 0.11574062705039978, 0.09546882659196854, 0.07530593127012253, 0.07924595475196838, 0.058686885982751846, 0.06107198819518089, 0.057171761989593506, 0.06178966164588928, 0.05392119288444519, 0.04709937423467636, 0.04410681501030922], "train_accs": [0.9982221234513029, 0.9996666481471193], "dev_accs": [0.9964019532253919, 0.9994859933179131], "test_accs": [0.0041390728476821195, 0.24668874172185432]}