{"loss_data": [3.443819284439087, 2.8206522464752197, 2.492516040802002, 2.161151170730591, 1.8353779315948486, 1.6000672578811646, 1.3838456869125366, 1.2586660385131836, 1.09159517288208, 0.8955835700035095, 0.7831501364707947, 0.6804680228233337, 0.5515992045402527, 0.4904209077358246, 0.4295581579208374, 0.4079073965549469, 0.34153759479522705, 0.32217589020729065, 0.28795018792152405, 0.25388914346694946, 0.2250058948993683, 0.2049158811569214, 0.1927996426820755, 0.1715942919254303, 0.1541873961687088, 0.13304878771305084, 0.11109685152769089, 0.1058630719780922, 0.10065409541130066, 0.1132529228925705], "train_accs": [1.0, 1.0], "dev_accs": [0.9992289899768697, 1.0], "test_accs": [0.22764900662251655, 0.8683774834437086]}