{"loss_data": [3.2875137329101562, 2.7208168506622314, 2.5502262115478516, 2.3030059337615967, 1.95359206199646, 1.7109242677688599, 1.4224658012390137, 1.2098405361175537, 0.981724202632904, 0.8362060785293579, 0.7205792665481567, 0.6081411242485046, 0.5472181439399719, 0.4394742548465729, 0.3748988211154938, 0.36179739236831665, 0.35305798053741455, 0.29425638914108276, 0.28429386019706726, 0.23268605768680573, 0.21567972004413605, 0.1686941385269165, 0.16127564013004303, 0.14451439678668976, 0.15301203727722168, 0.10653910040855408, 0.11200326681137085, 0.1011439859867096, 0.09844832122325897, 0.09701051563024521], "train_accs": [0.9983332407355964, 1.0], "dev_accs": [0.9740426625546132, 1.0], "test_accs": [0.09437086092715231, 0.24172185430463577]}