{"loss_data": [3.1687657833099365, 2.7560887336730957, 2.5093467235565186, 2.1844944953918457, 1.8247594833374023, 1.4887605905532837, 1.2847341299057007, 1.0859688520431519, 0.9809370636940002, 0.8095011115074158, 0.726013720035553, 0.6540367603302002, 0.53160560131073, 0.49498963356018066, 0.4017685055732727, 0.394865483045578, 0.3995591402053833, 0.3563636839389801, 0.32213249802589417, 0.23790988326072693, 0.24268285930156708, 0.21979790925979614, 0.19712691009044647, 0.15838861465454102, 0.15828442573547363, 0.1302870213985443, 0.12689048051834106, 0.1191667765378952, 0.10857049375772476, 0.11132555454969406], "train_accs": [0.9923884660258904, 1.0], "dev_accs": [0.8941146234901054, 1.0], "test_accs": [0.011589403973509934, 0.2144039735099338]}