{"loss_data": [3.262746810913086, 2.1974661350250244, 1.9541276693344116, 1.6697179079055786, 1.360134243965149, 1.1799830198287964, 0.9357931613922119, 0.7957655191421509, 0.662570595741272, 0.5920724272727966, 0.4832630157470703, 0.37781351804733276, 0.3176651895046234, 0.29001951217651367, 0.2632877230644226, 0.23335763812065125, 0.20571564137935638, 0.19897545874118805, 0.14464208483695984, 0.13020437955856323, 0.1067003458738327, 0.11757076531648636, 0.09692569077014923, 0.08635233342647552, 0.0722830668091774, 0.07739317417144775, 0.0691990777850151, 0.0597362257540226, 0.050687242299318314, 0.05437647923827171], "train_accs": [0.8938829934996388, 0.9998333240735596], "dev_accs": [0.8989976869699307, 0.9994859933179131], "test_accs": [0.0, 0.16556291390728478]}