{"loss_data": [2.9692416191101074, 2.113579273223877, 1.8600822687149048, 1.5869169235229492, 1.325770378112793, 1.0859838724136353, 0.9007056355476379, 0.7591986060142517, 0.6485679149627686, 0.5186879634857178, 0.444579541683197, 0.3840966820716858, 0.3073202073574066, 0.294820100069046, 0.22591955959796906, 0.2198459506034851, 0.21209710836410522, 0.15913453698158264, 0.16227717697620392, 0.13118784129619598, 0.11675245314836502, 0.1053798496723175, 0.09838555008172989, 0.0879218652844429, 0.0632835328578949, 0.06950207054615021, 0.05959291383624077, 0.06322736293077469, 0.04546665772795677, 0.052565038204193115], "train_accs": [0.9529973887438191, 1.0], "dev_accs": [0.8681572860447185, 1.0], "test_accs": [0.042218543046357616, 0.6986754966887417]}