{"loss_data": [3.65592098236084, 2.9739456176757812, 2.573599338531494, 2.2933852672576904, 1.9911139011383057, 1.7916408777236938, 1.576375961303711, 1.3697055578231812, 1.1897718906402588, 1.0507527589797974, 0.9031399488449097, 0.7954386472702026, 0.733221709728241, 0.607979953289032, 0.5793678760528564, 0.5014373660087585, 0.4710979461669922, 0.4148891270160675, 0.3901979327201843, 0.29277944564819336, 0.27620747685432434, 0.24506080150604248, 0.20466859638690948, 0.1936676800251007, 0.20547010004520416, 0.1967001110315323, 0.14138935506343842, 0.13146822154521942, 0.13580922782421112, 0.11461744457483292], "train_accs": [0.9497749874993056, 1.0], "dev_accs": [0.8884605499871499, 1.0], "test_accs": [0.0074503311258278145, 0.5173841059602649]}