{"loss_data": [3.364143133163452, 2.8013269901275635, 2.5252013206481934, 2.1960365772247314, 1.9241467714309692, 1.727615237236023, 1.4720690250396729, 1.2817327976226807, 1.142794132232666, 0.9162892699241638, 0.7646704912185669, 0.6946629881858826, 0.6022015810012817, 0.5163923501968384, 0.3988005220890045, 0.4010622501373291, 0.35716426372528076, 0.31861352920532227, 0.28111258149147034, 0.25038546323776245, 0.18000048398971558, 0.19586536288261414, 0.1758408397436142, 0.15058186650276184, 0.1362186223268509, 0.16508562862873077, 0.11902112513780594, 0.1125393956899643, 0.09232968837022781, 0.09983648359775543], "train_accs": [0.9978887715984222, 1.0], "dev_accs": [0.8614751991775893, 0.9994859933179131], "test_accs": [0.24089403973509935, 0.6100993377483444]}