{"loss_data": [2.7791717052459717, 2.1073544025421143, 1.827765703201294, 1.5609183311462402, 1.2450802326202393, 0.9936107397079468, 0.8748421669006348, 0.7598492503166199, 0.6388187408447266, 0.5396708846092224, 0.48649975657463074, 0.4322340190410614, 0.3363568186759949, 0.3044307231903076, 0.2461458444595337, 0.24701473116874695, 0.21901066601276398, 0.17511165142059326, 0.15122827887535095, 0.15116088092327118, 0.1332898586988449, 0.11837830394506454, 0.10783673077821732, 0.09551460295915604, 0.07783888280391693, 0.06757784634828568, 0.07159806787967682, 0.05476199463009834, 0.0599350742995739, 0.05785026401281357], "train_accs": [0.8959942219012167, 1.0], "dev_accs": [0.9005397070161912, 1.0], "test_accs": [0.026490066225165563, 0.1605960264900662]}