{"loss_data": [3.2985215187072754, 2.914910316467285, 2.535598039627075, 2.1491801738739014, 1.789229393005371, 1.5539475679397583, 1.3251341581344604, 1.175760269165039, 0.9810136556625366, 0.8175979852676392, 0.6738494038581848, 0.6433289051055908, 0.5329909324645996, 0.45864662528038025, 0.3832821249961853, 0.3798052966594696, 0.35293516516685486, 0.30848369002342224, 0.3089924454689026, 0.25117647647857666, 0.2055310308933258, 0.1730724275112152, 0.16847655177116394, 0.16063329577445984, 0.13592451810836792, 0.13979275524616241, 0.11591247469186783, 0.10423888266086578, 0.09798693656921387, 0.09926088154315948], "train_accs": [1.0, 1.0], "dev_accs": [0.8856335132356721, 0.9992289899768697], "test_accs": [0.07119205298013245, 0.2574503311258278]}