{"loss_data": [3.3987252712249756, 2.7995643615722656, 2.5107240676879883, 2.230199098587036, 1.9851502180099487, 1.6907069683074951, 1.41878342628479, 1.207876443862915, 1.085556983947754, 0.8791946768760681, 0.6951143741607666, 0.6458379626274109, 0.5246773362159729, 0.438922256231308, 0.3875218629837036, 0.40571537613868713, 0.32290536165237427, 0.31883180141448975, 0.2715114951133728, 0.2159605175256729, 0.22004012763500214, 0.1764390915632248, 0.16569675505161285, 0.14079086482524872, 0.13555312156677246, 0.12543942034244537, 0.11774609237909317, 0.10161755234003067, 0.10996261984109879, 0.08881346136331558], "train_accs": [0.9969442746819268, 1.0], "dev_accs": [0.9072217938833205, 0.9182729375481882], "test_accs": [0.0008278145695364238, 0.009933774834437087]}