{"loss_data": [3.2720370292663574, 2.7904856204986572, 2.6358227729797363, 2.3849971294403076, 2.139676809310913, 1.7740641832351685, 1.4687572717666626, 1.273444414138794, 1.051729440689087, 0.8622223734855652, 0.7511857151985168, 0.6533526182174683, 0.5637381076812744, 0.4740135967731476, 0.39508989453315735, 0.3906184136867523, 0.3683587908744812, 0.3373616933822632, 0.27608075737953186, 0.22531045973300934, 0.19771336019039154, 0.19145449995994568, 0.19288289546966553, 0.17711742222309113, 0.1511961668729782, 0.14153017103672028, 0.13899359107017517, 0.1314864605665207, 0.12831450998783112, 0.10005778819322586], "train_accs": [0.9996110895049725, 1.0], "dev_accs": [0.868414289385762, 1.0], "test_accs": [0.15066225165562913, 0.7491721854304636]}