{"loss_data": [2.6130292415618896, 2.1231632232666016, 1.9762619733810425, 1.8092056512832642, 1.49886155128479, 1.2689038515090942, 0.9559821486473083, 0.7519262433052063, 0.5556919574737549, 0.41434547305107117, 0.3144210875034332, 0.2569674253463745, 0.19646231830120087, 0.17609579861164093, 0.14857710897922516, 0.15207026898860931, 0.13801468908786774, 0.10815444588661194, 0.09894639253616333, 0.08473316580057144, 0.07878219336271286, 0.07062282413244247, 0.07851406931877136, 0.06197168678045273, 0.04964720457792282, 0.05409654602408409, 0.046524569392204285, 0.04651883989572525, 0.04481770470738411, 0.04482395574450493], "train_accs": [0.9947774876382022, 1.0], "dev_accs": [0.9935749164739142, 1.0], "test_accs": [0.0016556291390728477, 0.011589403973509934]}