{"loss_data": [2.813267707824707, 2.1119027137756348, 2.0009028911590576, 1.8699873685836792, 1.6227169036865234, 1.265714168548584, 1.0073858499526978, 0.7824718952178955, 0.6499400734901428, 0.511865496635437, 0.38202038407325745, 0.30151715874671936, 0.2411816120147705, 0.1997365951538086, 0.17174136638641357, 0.16562290489673615, 0.16154862940311432, 0.13345420360565186, 0.12168483436107635, 0.11348779499530792, 0.0939837396144867, 0.09716425091028214, 0.0751090720295906, 0.0796760693192482, 0.06273362040519714, 0.06064411997795105, 0.06145283579826355, 0.04534224048256874, 0.05005880445241928, 0.040891241282224655], "train_accs": [0.9995555308628257, 1.0], "dev_accs": [0.9997429966589566, 1.0], "test_accs": [0.09188741721854304, 0.21274834437086093]}