{"loss_data": [3.4064462184906006, 2.212293863296509, 2.0857863426208496, 1.9140163660049438, 1.7297574281692505, 1.4528441429138184, 1.197993516921997, 0.9978718757629395, 0.7869393825531006, 0.6837766170501709, 0.5221686959266663, 0.46089133620262146, 0.3724210262298584, 0.3202178180217743, 0.2677307724952698, 0.2479744702577591, 0.23458153009414673, 0.19038896262645721, 0.14300990104675293, 0.13158510625362396, 0.13377870619297028, 0.09499558806419373, 0.11237850785255432, 0.071209616959095, 0.07588765770196915, 0.07946252822875977, 0.06620441377162933, 0.06756793707609177, 0.0709582269191742, 0.0625399723649025], "train_accs": [0.876715373076282, 1.0], "dev_accs": [0.8912875867386276, 1.0], "test_accs": [0.0008278145695364238, 0.22682119205298013]}