{"loss_data": [2.950714349746704, 2.091737985610962, 1.9412174224853516, 1.6936115026474, 1.4366328716278076, 1.1381456851959229, 0.9153979420661926, 0.7770975232124329, 0.5732575058937073, 0.48994705080986023, 0.40387246012687683, 0.3179442882537842, 0.2690424919128418, 0.216377392411232, 0.22215424478054047, 0.20556089282035828, 0.16509033739566803, 0.14975275099277496, 0.12019044160842896, 0.12435745447874069, 0.1073828637599945, 0.08766154199838638, 0.08552444726228714, 0.07435476779937744, 0.07384366542100906, 0.07254878431558609, 0.05924591049551964, 0.04501674696803093, 0.05217580124735832, 0.04343529790639877], "train_accs": [0.8935496416467582, 1.0], "dev_accs": [0.9018247237214084, 1.0], "test_accs": [0.0008278145695364238, 0.24006622516556292]}