{"loss_data": [3.2424535751342773, 2.757338523864746, 2.49617600440979, 2.232222557067871, 1.9425984621047974, 1.686621069908142, 1.4715919494628906, 1.286556363105774, 1.138090968132019, 0.9396165609359741, 0.7903134226799011, 0.7184690237045288, 0.5875164866447449, 0.4876510202884674, 0.45973122119903564, 0.44694486260414124, 0.3907172977924347, 0.3465642035007477, 0.3190125823020935, 0.27971571683883667, 0.2477249950170517, 0.22637833654880524, 0.19499090313911438, 0.17772217094898224, 0.16911698877811432, 0.12244817614555359, 0.12017028778791428, 0.12351112067699432, 0.10764889419078827, 0.11025473475456238], "train_accs": [0.9967220401133396, 1.0], "dev_accs": [0.9796967360575688, 1.0], "test_accs": [0.0024834437086092716, 0.7624172185430463]}