{"loss_data": [3.475893974304199, 2.8516762256622314, 2.683661699295044, 2.518303632736206, 2.180074691772461, 1.8232018947601318, 1.561525821685791, 1.3347885608673096, 1.1064385175704956, 0.9441542625427246, 0.7897829413414001, 0.7238104343414307, 0.6034407019615173, 0.5222013592720032, 0.44931384921073914, 0.39913085103034973, 0.3465997874736786, 0.34373196959495544, 0.28247466683387756, 0.2642161548137665, 0.23081155121326447, 0.21754300594329834, 0.17710502445697784, 0.17489831149578094, 0.16842785477638245, 0.1537245213985443, 0.13406595587730408, 0.1263042390346527, 0.11824214458465576, 0.10819246619939804], "train_accs": [0.9972776265348074, 1.0], "dev_accs": [0.8622462092007196, 0.9866358262657414], "test_accs": [0.2599337748344371, 0.75]}