{"loss_data": [3.320683717727661, 2.7862250804901123, 2.5551843643188477, 2.203528642654419, 1.9543778896331787, 1.7020726203918457, 1.386312484741211, 1.2587344646453857, 1.0853033065795898, 0.9232302904129028, 0.8159053325653076, 0.6797688007354736, 0.5956819653511047, 0.5242130160331726, 0.42910337448120117, 0.40007397532463074, 0.3875962793827057, 0.3590710163116455, 0.3205203115940094, 0.2391633540391922, 0.2735104560852051, 0.19796834886074066, 0.1739719659090042, 0.1649329662322998, 0.1654491275548935, 0.1556827425956726, 0.1330367624759674, 0.11888103932142258, 0.10112263262271881, 0.10232238471508026], "train_accs": [0.939274404133563, 1.0], "dev_accs": [0.8689282960678488, 1.0], "test_accs": [0.04470198675496689, 0.47516556291390727]}