{"loss_data": [3.126528024673462, 2.009185552597046, 1.7731754779815674, 1.4165979623794556, 1.1643784046173096, 0.9780404567718506, 0.7784306406974792, 0.689909815788269, 0.5065843462944031, 0.44233226776123047, 0.350699245929718, 0.31015798449516296, 0.26441723108291626, 0.1962374448776245, 0.18511122465133667, 0.18067270517349243, 0.1648557335138321, 0.16203929483890533, 0.10603495687246323, 0.1043904721736908, 0.10182218998670578, 0.08311162143945694, 0.08967402577400208, 0.08706901967525482, 0.056453824043273926, 0.06064517796039581, 0.056248150765895844, 0.04959043115377426, 0.04797351360321045, 0.06014851853251457], "train_accs": [0.990388354908606, 1.0], "dev_accs": [0.9892058596761758, 1.0], "test_accs": [0.48013245033112584, 0.6829470198675497]}