{"loss_data": [3.576078176498413, 2.7569472789764404, 2.5573973655700684, 2.1918907165527344, 1.851286768913269, 1.5982744693756104, 1.335126280784607, 1.1384189128875732, 0.973884642124176, 0.8368406295776367, 0.701762318611145, 0.6280806064605713, 0.5621630549430847, 0.4677913188934326, 0.37250205874443054, 0.40062445402145386, 0.3367871642112732, 0.3630460798740387, 0.2992548644542694, 0.2527243196964264, 0.2502974569797516, 0.19761404395103455, 0.19995169341564178, 0.1762646734714508, 0.16409777104854584, 0.13705666363239288, 0.13590535521507263, 0.1428714096546173, 0.12529079616069794, 0.10206636041402817], "train_accs": [0.9998888827157064, 1.0], "dev_accs": [0.9994859933179131, 1.0], "test_accs": [0.24751655629139072, 0.22350993377483444]}