{"loss_data": [3.0999248027801514, 2.1455817222595215, 1.9287021160125732, 1.6651065349578857, 1.3905205726623535, 1.1284191608428955, 0.959484338760376, 0.8068864941596985, 0.6693150997161865, 0.5683145523071289, 0.47909054160118103, 0.4011654853820801, 0.2904837429523468, 0.3220564126968384, 0.2396489828824997, 0.2532045543193817, 0.22021329402923584, 0.18510551750659943, 0.1716749221086502, 0.1528417468070984, 0.13640911877155304, 0.12103193253278732, 0.11113138496875763, 0.09002053737640381, 0.08648379147052765, 0.09813057631254196, 0.08442217111587524, 0.05535794049501419, 0.07102291285991669, 0.06155114993453026], "train_accs": [0.9541085615867548, 1.0], "dev_accs": [0.8704703161141095, 1.0], "test_accs": [0.009933774834437087, 0.5786423841059603]}