{"loss_data": [3.2781832218170166, 2.850921154022217, 2.5237224102020264, 2.3009471893310547, 2.017782211303711, 1.7784180641174316, 1.518688678741455, 1.314414620399475, 1.140008568763733, 0.9809097051620483, 0.7633445262908936, 0.7160803079605103, 0.609287440776825, 0.47070741653442383, 0.40288621187210083, 0.42760658264160156, 0.37978047132492065, 0.31478628516197205, 0.3231096565723419, 0.26533615589141846, 0.2140989899635315, 0.20170223712921143, 0.1906292587518692, 0.16896989941596985, 0.16270053386688232, 0.14329560101032257, 0.1279367059469223, 0.11241786181926727, 0.11006937175989151, 0.11212491989135742], "train_accs": [0.9998888827157064, 1.0], "dev_accs": [0.9948599331791314, 1.0], "test_accs": [0.019867549668874173, 0.5496688741721855]}