{"loss_data": [3.4883272647857666, 2.3100194931030273, 2.06134295463562, 1.8199265003204346, 1.4337999820709229, 1.148215413093567, 0.9574121236801147, 0.7569348216056824, 0.596521258354187, 0.47046464681625366, 0.38796094059944153, 0.30533477663993835, 0.27096834778785706, 0.2349572330713272, 0.20368298888206482, 0.2027786672115326, 0.18479692935943604, 0.14018821716308594, 0.13467320799827576, 0.12483277916908264, 0.12287420779466629, 0.08848973363637924, 0.08964359760284424, 0.08491864055395126, 0.06341415643692017, 0.0693892240524292, 0.06532442569732666, 0.05952873453497887, 0.0521736666560173, 0.05816489830613136], "train_accs": [0.9972776265348074, 1.0], "dev_accs": [0.9961449498843485, 1.0], "test_accs": [0.04056291390728477, 0.26076158940397354]}