{"loss_data": [3.1669514179229736, 2.777712821960449, 2.4689972400665283, 2.110365390777588, 1.8781038522720337, 1.647410273551941, 1.4177947044372559, 1.1578717231750488, 0.9893441796302795, 0.8224617838859558, 0.6650579571723938, 0.6020159721374512, 0.49692854285240173, 0.4186241626739502, 0.33891981840133667, 0.3441288471221924, 0.31799137592315674, 0.3129105269908905, 0.25204652547836304, 0.2034178376197815, 0.2028476893901825, 0.17517881095409393, 0.14563193917274475, 0.13898856937885284, 0.1297808140516281, 0.10935983806848526, 0.1335405856370926, 0.09745132923126221, 0.08962814509868622, 0.11083336174488068], "train_accs": [0.9981110061670093, 1.0], "dev_accs": [1.0, 1.0], "test_accs": [0.23509933774834438, 0.25248344370860926]}