{"loss_data": [3.178828001022339, 2.7463502883911133, 2.636223077774048, 2.4031546115875244, 2.133096218109131, 1.768748164176941, 1.5686678886413574, 1.3662214279174805, 1.2683591842651367, 1.0179871320724487, 0.8723476529121399, 0.7973623275756836, 0.6550480127334595, 0.5781855583190918, 0.48092782497406006, 0.5099214911460876, 0.4361860752105713, 0.3459436595439911, 0.36815741658210754, 0.28401219844818115, 0.25667208433151245, 0.2324886918067932, 0.20609460771083832, 0.1920011043548584, 0.19086548686027527, 0.14927227795124054, 0.1282271146774292, 0.1281585544347763, 0.12242724746465683, 0.16115844249725342], "train_accs": [0.9991110617256515, 1.0], "dev_accs": [0.9853508095605242, 1.0], "test_accs": [0.36920529801324503, 0.22019867549668873]}