{"loss_data": [3.49656081199646, 2.765056610107422, 2.5212345123291016, 2.2923214435577393, 2.0271639823913574, 1.7833499908447266, 1.6037436723709106, 1.437148928642273, 1.2336043119430542, 1.0656046867370605, 0.8717690706253052, 0.7765935659408569, 0.6579161286354065, 0.6319725513458252, 0.5011473298072815, 0.46509793400764465, 0.41634833812713623, 0.389888733625412, 0.33497390151023865, 0.2957282066345215, 0.2645065486431122, 0.22143785655498505, 0.21803094446659088, 0.17420682311058044, 0.17749622464179993, 0.16571666300296783, 0.14295412600040436, 0.12222936749458313, 0.10587707906961441, 0.10816434025764465], "train_accs": [0.9882771265070281, 1.0], "dev_accs": [0.9884348496530455, 1.0], "test_accs": [0.18294701986754966, 0.4693708609271523]}