{"loss_data": [2.9314990043640137, 2.2362987995147705, 2.044894218444824, 1.8645461797714233, 1.6415531635284424, 1.3941574096679688, 1.207001805305481, 0.9931163787841797, 0.7509585022926331, 0.6621622443199158, 0.5043118000030518, 0.41891926527023315, 0.30433642864227295, 0.27731868624687195, 0.23318138718605042, 0.2196321189403534, 0.19042831659317017, 0.15364857017993927, 0.12974050641059875, 0.12647271156311035, 0.11542309820652008, 0.09639608860015869, 0.10356283187866211, 0.08801049739122391, 0.06789308786392212, 0.06111675500869751, 0.07249795645475388, 0.0642840564250946, 0.0490102656185627, 0.04571622610092163], "train_accs": [0.9948886049224956, 1.0], "dev_accs": [0.9131328707273194, 1.0], "test_accs": [0.061258278145695365, 0.5496688741721855]}