{"loss_data": [2.7228057384490967, 1.979161024093628, 1.7989541292190552, 1.5147216320037842, 1.1834648847579956, 0.9193786978721619, 0.730705201625824, 0.6437923908233643, 0.4589041471481323, 0.3965834975242615, 0.3317762613296509, 0.2758532166481018, 0.19488133490085602, 0.19897007942199707, 0.17146526277065277, 0.16241557896137238, 0.1358015537261963, 0.1290847361087799, 0.1178511530160904, 0.09769969433546066, 0.08354252576828003, 0.0784652829170227, 0.09157370775938034, 0.05664299055933952, 0.06731478869915009, 0.048239853233098984, 0.049421124160289764, 0.0512845516204834, 0.04906894639134407, 0.04154135286808014], "train_accs": [0.9916106450358353, 1.0], "dev_accs": [0.9902338730403495, 1.0], "test_accs": [0.2144039735099338, 0.4379139072847682]}