{"loss_data": [3.557620048522949, 2.8809144496917725, 2.588047504425049, 2.3066067695617676, 1.9674370288848877, 1.7149158716201782, 1.435909390449524, 1.2418831586837769, 1.1284162998199463, 0.9086954593658447, 0.8533095717430115, 0.7416295409202576, 0.6302469968795776, 0.5267497897148132, 0.5018388032913208, 0.45177891850471497, 0.40971624851226807, 0.34628450870513916, 0.35813429951667786, 0.27900055050849915, 0.23031507432460785, 0.22721651196479797, 0.20269843935966492, 0.19434037804603577, 0.15778297185897827, 0.154976949095726, 0.14190007746219635, 0.12395554035902023, 0.11978146433830261, 0.1077830120921135], "train_accs": [0.9977776543141286, 1.0], "dev_accs": [0.7429966589565664, 0.9712156258031355], "test_accs": [0.029801324503311258, 0.3841059602649007]}