{"loss_data": [3.112201690673828, 2.8483386039733887, 2.6217551231384277, 2.2484872341156006, 1.9345426559448242, 1.5755424499511719, 1.3477540016174316, 1.1211074590682983, 0.9291700124740601, 0.7956429123878479, 0.6697031855583191, 0.6258050203323364, 0.47756120562553406, 0.4216451048851013, 0.4105890691280365, 0.36309584975242615, 0.34856271743774414, 0.2796005308628082, 0.2556396424770355, 0.24795043468475342, 0.24769605696201324, 0.16346928477287292, 0.17731285095214844, 0.1515476256608963, 0.12938494980335236, 0.13562852144241333, 0.1267893761396408, 0.14170460402965546, 0.10410244762897491, 0.08197081834077835], "train_accs": [0.9982221234513029, 1.0], "dev_accs": [0.9979439732716525, 1.0], "test_accs": [0.0902317880794702, 0.5860927152317881]}