{"loss_data": [2.615816831588745, 2.1134703159332275, 1.9315506219863892, 1.7408767938613892, 1.3932031393051147, 1.1026322841644287, 0.8475254774093628, 0.6599909663200378, 0.492705762386322, 0.4219023585319519, 0.33674708008766174, 0.28732189536094666, 0.25041526556015015, 0.22341661155223846, 0.2050311416387558, 0.1970003992319107, 0.1980896294116974, 0.16011060774326324, 0.12694348394870758, 0.13278329372406006, 0.1069703921675682, 0.08579908311367035, 0.08052846044301987, 0.06956262141466141, 0.07056917995214462, 0.08521413803100586, 0.06171948462724686, 0.06765027344226837, 0.04794394224882126, 0.04561811685562134], "train_accs": [0.8951052836268681, 1.0], "dev_accs": [0.9804677460806991, 1.0], "test_accs": [0.0, 0.15811258278145696]}