{"loss_data": [3.204498291015625, 2.456713914871216, 2.2389445304870605, 2.0489399433135986, 1.7813937664031982, 1.4211872816085815, 1.1997637748718262, 0.9485088586807251, 0.7959240674972534, 0.6199561357498169, 0.4887341558933258, 0.37433886528015137, 0.29631900787353516, 0.22917494177818298, 0.2024732530117035, 0.22893504798412323, 0.19084703922271729, 0.16345524787902832, 0.12239722162485123, 0.12465880066156387, 0.10537336766719818, 0.0962485522031784, 0.09690506011247635, 0.08037469536066055, 0.07217055559158325, 0.06053812429308891, 0.06014842540025711, 0.05661221593618393, 0.05068094655871391, 0.06322993338108063], "train_accs": [0.9997777654314128, 1.0], "dev_accs": [0.9997429966589566, 1.0], "test_accs": [0.024834437086092714, 0.40397350993377484]}