{"loss_data": [2.852019786834717, 2.10949969291687, 1.9709997177124023, 1.7885417938232422, 1.4855831861495972, 1.179753303527832, 0.9901326298713684, 0.7974290251731873, 0.674554705619812, 0.5812554359436035, 0.46122509241104126, 0.39566388726234436, 0.30308178067207336, 0.2551335394382477, 0.2150050550699234, 0.21358123421669006, 0.17918048799037933, 0.14696310460567474, 0.1221887394785881, 0.11151104420423508, 0.09292049705982208, 0.0928674191236496, 0.07797635346651077, 0.07129215449094772, 0.06293589621782303, 0.05338896065950394, 0.05846452713012695, 0.043673280626535416, 0.04833733290433884, 0.03701332211494446], "train_accs": [0.9632201788988277, 1.0], "dev_accs": [0.963248522230789, 1.0], "test_accs": [0.07036423841059603, 0.38741721854304634]}