{"loss_data": [3.159381628036499, 2.280636787414551, 2.1293692588806152, 1.8420581817626953, 1.449473261833191, 1.1338849067687988, 0.8815298676490784, 0.6983141899108887, 0.5239888429641724, 0.4509992003440857, 0.3445374071598053, 0.28413674235343933, 0.23920601606369019, 0.2201412469148636, 0.21980760991573334, 0.18316103518009186, 0.19393132627010345, 0.1625979095697403, 0.11539845168590546, 0.12102547287940979, 0.10381798446178436, 0.09976036101579666, 0.10072150826454163, 0.0861794576048851, 0.08279683440923691, 0.07417633384466171, 0.0627119243144989, 0.05877202749252319, 0.05011727288365364, 0.05155036970973015], "train_accs": [0.8866603700205566, 0.9999444413578532], "dev_accs": [0.8943716268311488, 1.0], "test_accs": [0.0, 0.33112582781456956]}