{"loss_data": [3.240001678466797, 2.763449192047119, 2.4288315773010254, 2.098893642425537, 1.7903785705566406, 1.5694866180419922, 1.2844395637512207, 1.1152735948562622, 0.9312168955802917, 0.8017911314964294, 0.6656515598297119, 0.6073931455612183, 0.5468633770942688, 0.4219495356082916, 0.38385820388793945, 0.38029447197914124, 0.3299277126789093, 0.287639319896698, 0.2940937578678131, 0.22470806539058685, 0.2034432291984558, 0.1832747608423233, 0.16642554104328156, 0.16009891033172607, 0.14588004350662231, 0.14929533004760742, 0.12780089676380157, 0.10679422318935394, 0.09848184883594513, 0.10084553062915802], "train_accs": [0.9908883826879271, 1.0], "dev_accs": [0.808532510922642, 0.9907478797224364], "test_accs": [0.0008278145695364238, 0.12003311258278146]}