{"loss_data": [3.2850306034088135, 2.140393018722534, 1.8462557792663574, 1.5803898572921753, 1.2444298267364502, 0.9187796711921692, 0.7411471605300903, 0.6091397404670715, 0.49320149421691895, 0.3807380795478821, 0.3348967134952545, 0.26185300946235657, 0.2129344642162323, 0.18490774929523468, 0.16410408914089203, 0.15479587018489838, 0.15369947254657745, 0.12830039858818054, 0.08933353424072266, 0.11875243484973907, 0.08270322531461716, 0.08195912092924118, 0.07618221640586853, 0.06567374616861343, 0.05759517103433609, 0.07514568418264389, 0.0538240447640419, 0.05235305055975914, 0.04343841224908829, 0.05141618102788925], "train_accs": [0.9969998333240736, 1.0], "dev_accs": [0.9136468774094063, 1.0], "test_accs": [0.01903973509933775, 0.2897350993377483]}