{"loss_data": [2.913268566131592, 2.035508632659912, 1.729081153869629, 1.438631296157837, 1.283684492111206, 0.9694835543632507, 0.768140971660614, 0.6265288591384888, 0.48745328187942505, 0.44894862174987793, 0.33947256207466125, 0.31925201416015625, 0.2318447232246399, 0.18951207399368286, 0.20393988490104675, 0.1930132955312729, 0.19182977080345154, 0.1281639039516449, 0.11975513398647308, 0.10132746398448944, 0.09684533625841141, 0.0965556874871254, 0.08969394862651825, 0.08586878329515457, 0.06614305078983307, 0.06664109975099564, 0.05609825998544693, 0.06059331074357033, 0.05045093223452568, 0.06205367296934128], "train_accs": [0.9982221234513029, 1.0], "dev_accs": [0.9982009766126959, 1.0], "test_accs": [0.0, 0.28642384105960267]}