{"loss_data": [2.882441759109497, 2.1233551502227783, 1.888637661933899, 1.5681456327438354, 1.305881381034851, 1.042681336402893, 0.8356969356536865, 0.6705957055091858, 0.6196485161781311, 0.5123836398124695, 0.4210255742073059, 0.33852794766426086, 0.3023826777935028, 0.25058063864707947, 0.21119563281536102, 0.2013588696718216, 0.18166294693946838, 0.14427974820137024, 0.12422703951597214, 0.1221098005771637, 0.10599630326032639, 0.10084868222475052, 0.07290402799844742, 0.06592822074890137, 0.06094411015510559, 0.06006239727139473, 0.046653516590595245, 0.057343997061252594, 0.051905643194913864, 0.037728600203990936], "train_accs": [0.8969387188177121, 1.0], "dev_accs": [0.9984579799537394, 1.0], "test_accs": [0.020695364238410598, 0.6034768211920529]}