{"loss_data": [2.8965165615081787, 2.116744041442871, 1.9989049434661865, 1.7976610660552979, 1.6287206411361694, 1.328724980354309, 1.1300386190414429, 0.9545519948005676, 0.745801568031311, 0.5828458666801453, 0.44173628091812134, 0.349899023771286, 0.2896670401096344, 0.23407186567783356, 0.19798074662685394, 0.20548489689826965, 0.16329292953014374, 0.131119966506958, 0.12647640705108643, 0.11361224204301834, 0.08749087154865265, 0.09437716752290726, 0.08798837661743164, 0.07014524936676025, 0.06454266607761383, 0.06323299556970596, 0.05753609165549278, 0.04349616914987564, 0.05130457878112793, 0.04219786450266838], "train_accs": [0.989610533918551, 1.0], "dev_accs": [0.9866358262657414, 0.9997429966589566], "test_accs": [0.0902317880794702, 0.29304635761589404]}