{"loss_data": [2.832592487335205, 2.041796922683716, 1.968809723854065, 1.8170654773712158, 1.5478966236114502, 1.1973527669906616, 0.9247704744338989, 0.7469170689582825, 0.6222581267356873, 0.46432334184646606, 0.3839525878429413, 0.2968362867832184, 0.22372567653656006, 0.21783006191253662, 0.20348380506038666, 0.16155651211738586, 0.14828482270240784, 0.14406412839889526, 0.12850770354270935, 0.10145033150911331, 0.10283622145652771, 0.07822614163160324, 0.07457470893859863, 0.06358625739812851, 0.07698027789592743, 0.06845522671937943, 0.06045137718319893, 0.05466396361589432, 0.04790637642145157, 0.04329486936330795], "train_accs": [0.8956053114061893, 1.0], "dev_accs": [0.9974299665895656, 1.0], "test_accs": [0.10513245033112582, 0.5322847682119205]}