{"loss_data": [2.9752304553985596, 2.048475503921509, 1.9062540531158447, 1.6850358247756958, 1.4537556171417236, 1.1751073598861694, 0.9329134225845337, 0.8243096470832825, 0.5897864103317261, 0.46643853187561035, 0.3910258710384369, 0.3463652431964874, 0.2808447778224945, 0.2652110457420349, 0.20052137970924377, 0.20891635119915009, 0.19429855048656464, 0.16275247931480408, 0.14177174866199493, 0.1206272691488266, 0.10665387660264969, 0.08775816857814789, 0.100757896900177, 0.0658113956451416, 0.06595639884471893, 0.08336939662694931, 0.05974740535020828, 0.05585004389286041, 0.057776760309934616, 0.04682174324989319], "train_accs": [0.9942219012167343, 1.0], "dev_accs": [0.9940889231560011, 1.0], "test_accs": [0.0016556291390728477, 0.5206953642384106]}