{"loss_data": [3.414550542831421, 2.8521366119384766, 2.6441972255706787, 2.407792806625366, 2.071533203125, 1.7933028936386108, 1.4953504800796509, 1.2851237058639526, 1.086418628692627, 0.928849458694458, 0.8121532201766968, 0.7349876165390015, 0.6287984251976013, 0.5607471466064453, 0.4722113013267517, 0.42586857080459595, 0.3969576358795166, 0.37701675295829773, 0.3337112069129944, 0.2582169771194458, 0.2311900556087494, 0.21185137331485748, 0.1858115941286087, 0.20613788068294525, 0.14886565506458282, 0.1562213897705078, 0.14097383618354797, 0.11873277276754379, 0.11510074138641357, 0.10975928604602814], "train_accs": [0.9988332685149175, 1.0], "dev_accs": [0.8424569519403752, 0.9976869699306091], "test_accs": [0.4817880794701987, 0.9155629139072847]}