{"loss_data": [3.3398845195770264, 2.793452024459839, 2.6582343578338623, 2.2660582065582275, 1.9975045919418335, 1.7167603969573975, 1.3683197498321533, 1.1782947778701782, 1.0044665336608887, 0.8067184686660767, 0.6586198806762695, 0.5957715511322021, 0.49983012676239014, 0.3888032138347626, 0.39090895652770996, 0.35701996088027954, 0.2890966534614563, 0.29566389322280884, 0.2593633234500885, 0.19973455369472504, 0.17992834746837616, 0.1866832673549652, 0.12880511581897736, 0.12288098782300949, 0.1398925483226776, 0.12714365124702454, 0.09528665989637375, 0.09200947731733322, 0.10887610167264938, 0.09347592294216156], "train_accs": [1.0, 1.0], "dev_accs": [0.9992289899768697, 1.0], "test_accs": [0.09437086092715231, 0.22764900662251655]}