{"loss_data": [3.393132448196411, 2.071700096130371, 1.9693362712860107, 1.8823283910751343, 1.6862205266952515, 1.5102596282958984, 1.2485016584396362, 1.0402307510375977, 0.8107433915138245, 0.6357371807098389, 0.49160704016685486, 0.3908587396144867, 0.31740450859069824, 0.2750539183616638, 0.22447523474693298, 0.211777925491333, 0.20351138710975647, 0.14138205349445343, 0.14803601801395416, 0.1491440087556839, 0.10721772909164429, 0.10742239654064178, 0.09181442856788635, 0.080955371260643, 0.06771370768547058, 0.07211249321699142, 0.057061318308115005, 0.05937628820538521, 0.05651559680700302, 0.04092856124043465], "train_accs": [0.9863325740318907, 0.9994444135785321], "dev_accs": [0.9858648162426111, 0.9989719866358263], "test_accs": [0.24503311258278146, 0.45778145695364236]}