{"loss_data": [3.2436487674713135, 2.161358594894409, 1.8647195100784302, 1.5819042921066284, 1.253961205482483, 1.0698356628417969, 0.8251652717590332, 0.6801215410232544, 0.5218338966369629, 0.47107741236686707, 0.3972342312335968, 0.3335055708885193, 0.27481809258461, 0.23181110620498657, 0.19791457056999207, 0.21662545204162598, 0.1778375655412674, 0.16948559880256653, 0.1453782618045807, 0.1356847882270813, 0.11283469200134277, 0.09599016606807709, 0.09866546839475632, 0.08536522835493088, 0.07260282337665558, 0.07487421482801437, 0.08357392996549606, 0.06274686008691788, 0.05210757628083229, 0.0507093220949173], "train_accs": [0.8934385243624646, 1.0], "dev_accs": [0.8995116936520174, 1.0], "test_accs": [0.0, 0.22185430463576158]}