{"loss_data": [2.887770414352417, 2.300985336303711, 2.0510590076446533, 1.8993687629699707, 1.649385929107666, 1.3585892915725708, 1.1329165697097778, 0.9246616959571838, 0.7237691283226013, 0.6253175139427185, 0.48114463686943054, 0.4057714343070984, 0.30249619483947754, 0.2837264835834503, 0.22756311297416687, 0.2135210484266281, 0.18774637579917908, 0.15085715055465698, 0.13723114132881165, 0.11192861944437027, 0.11374592781066895, 0.10972875356674194, 0.08768108487129211, 0.07475512474775314, 0.06725966185331345, 0.057984378188848495, 0.05822579562664032, 0.0525493286550045, 0.054054226726293564, 0.04845567047595978], "train_accs": [0.9982776820934496, 1.0], "dev_accs": [0.9938319198149576, 1.0], "test_accs": [0.2996688741721854, 0.8948675496688742]}