{"loss_data": [3.233675718307495, 2.7727291584014893, 2.624849796295166, 2.2804007530212402, 1.9911242723464966, 1.6327122449874878, 1.341242790222168, 1.0915777683258057, 0.9311569333076477, 0.7851430177688599, 0.6246365904808044, 0.556304931640625, 0.5363236665725708, 0.40104660391807556, 0.37444692850112915, 0.34221503138542175, 0.3147829473018646, 0.29684555530548096, 0.25215303897857666, 0.2174728661775589, 0.1937144547700882, 0.15442802011966705, 0.15878106653690338, 0.13873359560966492, 0.12407397478818893, 0.12035214155912399, 0.10607209801673889, 0.1126348227262497, 0.09190114587545395, 0.09653647243976593], "train_accs": [1.0, 1.0], "dev_accs": [0.9781547160113081, 0.9982009766126959], "test_accs": [0.10844370860927152, 0.597682119205298]}