{"loss_data": [3.5678653717041016, 2.9819304943084717, 2.713839054107666, 2.4039723873138428, 2.0383572578430176, 1.8203097581863403, 1.5552244186401367, 1.3977277278900146, 1.2025409936904907, 1.012136459350586, 0.8874279260635376, 0.7734740376472473, 0.6410484910011292, 0.5537317395210266, 0.48834601044654846, 0.4895836114883423, 0.4296998977661133, 0.3731229305267334, 0.36916717886924744, 0.2907237112522125, 0.22364966571331024, 0.24105681478977203, 0.21925070881843567, 0.1685400754213333, 0.1432689130306244, 0.14338696002960205, 0.133945494890213, 0.12350150942802429, 0.11136274039745331, 0.10659011453390121], "train_accs": [0.8807155953108506, 1.0], "dev_accs": [0.8995116936520174, 1.0], "test_accs": [0.005794701986754967, 0.7086092715231788]}