{"loss_data": [2.722381830215454, 2.157275676727295, 1.8825945854187012, 1.574224829673767, 1.2647206783294678, 1.0867879390716553, 0.8509470820426941, 0.7169285416603088, 0.5466009378433228, 0.5068721771240234, 0.3782016932964325, 0.2931382656097412, 0.23399746417999268, 0.18361468613147736, 0.1903497278690338, 0.165693998336792, 0.165225550532341, 0.13548801839351654, 0.11485376954078674, 0.09843363612890244, 0.08935166895389557, 0.06060727685689926, 0.07303571701049805, 0.06528366357088089, 0.053329989314079285, 0.04808121174573898, 0.051576778292655945, 0.04901665821671486, 0.055156394839286804, 0.0617428757250309], "train_accs": [0.9976109783876882, 1.0], "dev_accs": [0.9974299665895656, 1.0], "test_accs": [0.04718543046357616, 0.1945364238410596]}