{"loss_data": [2.62930965423584, 2.0830695629119873, 1.8281015157699585, 1.5336703062057495, 1.1674596071243286, 0.9731900691986084, 0.7637806534767151, 0.6048920750617981, 0.5122295022010803, 0.4242691695690155, 0.3388029634952545, 0.29024046659469604, 0.26184946298599243, 0.22285114228725433, 0.19055993854999542, 0.18134930729866028, 0.17920444905757904, 0.14221175014972687, 0.13113734126091003, 0.11223060637712479, 0.098281629383564, 0.10300952196121216, 0.09275258332490921, 0.0736619308590889, 0.08626054227352142, 0.07782609760761261, 0.05483391135931015, 0.04509417340159416, 0.06315555423498154, 0.057406459003686905], "train_accs": [0.893327407078171, 1.0], "dev_accs": [0.9771267026471344, 1.0], "test_accs": [0.0, 0.11506622516556292]}