{"loss_data": [3.212641716003418, 2.7552123069763184, 2.6053390502929688, 2.2779152393341064, 2.0225913524627686, 1.6634488105773926, 1.4795348644256592, 1.2958801984786987, 1.0887091159820557, 0.9582943916320801, 0.7462844252586365, 0.7039781212806702, 0.5560168027877808, 0.5228030681610107, 0.4130183458328247, 0.420033723115921, 0.3625490367412567, 0.35417088866233826, 0.32029175758361816, 0.28928664326667786, 0.22449882328510284, 0.2248404324054718, 0.1981441080570221, 0.17091020941734314, 0.146635040640831, 0.1401667445898056, 0.12741638720035553, 0.12704432010650635, 0.09618271887302399, 0.11258392781019211], "train_accs": [0.9863325740318907, 1.0], "dev_accs": [0.9938319198149576, 1.0], "test_accs": [0.04470198675496689, 0.668046357615894]}