{"loss_data": [2.5265605449676514, 1.9480640888214111, 1.7517783641815186, 1.4994956254959106, 1.1877869367599487, 0.9150816798210144, 0.7275732755661011, 0.5470535159111023, 0.40189552307128906, 0.32698214054107666, 0.27938079833984375, 0.2470308393239975, 0.2041633129119873, 0.17250648140907288, 0.18015889823436737, 0.15543243288993835, 0.1504962295293808, 0.11309005320072174, 0.10029333084821701, 0.08300305902957916, 0.07739043235778809, 0.08002498745918274, 0.06387542188167572, 0.061645787209272385, 0.0514773391187191, 0.046597920358181, 0.04779881238937378, 0.04777951166033745, 0.04712876304984093, 0.0460522323846817], "train_accs": [0.9998333240735596, 0.9999444413578532], "dev_accs": [1.0, 0.9997429966589566], "test_accs": [0.03394039735099338, 0.4586092715231788]}