{"loss_data": [3.3654093742370605, 2.7558956146240234, 2.4585893154144287, 2.108293056488037, 1.9435667991638184, 1.5654641389846802, 1.311811923980713, 1.1429240703582764, 0.9766684174537659, 0.767558753490448, 0.6735811233520508, 0.5837748646736145, 0.4875665307044983, 0.4455564618110657, 0.3938342332839966, 0.3733845353126526, 0.324614554643631, 0.31758996844291687, 0.2550203204154968, 0.23640960454940796, 0.20977160334587097, 0.16368897259235382, 0.18988080322742462, 0.18518681824207306, 0.13923048973083496, 0.12209157645702362, 0.09736662358045578, 0.09187527745962143, 0.12074581533670425, 0.081835076212883], "train_accs": [0.9999444413578532, 1.0], "dev_accs": [0.8645592392701105, 0.9997429966589566], "test_accs": [0.0, 0.04470198675496689]}