{"loss_data": [3.2931861877441406, 2.7729954719543457, 2.5730130672454834, 2.3240208625793457, 1.9518250226974487, 1.6300334930419922, 1.3459705114364624, 1.1379804611206055, 0.9762352108955383, 0.7835983633995056, 0.7130748629570007, 0.595184326171875, 0.5351778864860535, 0.44410648941993713, 0.4079074263572693, 0.37454381585121155, 0.3119293749332428, 0.30088916420936584, 0.27114546298980713, 0.22451505064964294, 0.18815957009792328, 0.18442967534065247, 0.16897684335708618, 0.15137188136577606, 0.13348565995693207, 0.1270926296710968, 0.1216759979724884, 0.08933476358652115, 0.10929852724075317, 0.09109872579574585], "train_accs": [1.0, 1.0], "dev_accs": [1.0, 0.9994859933179131], "test_accs": [0.28228476821192056, 0.5869205298013245]}