{"loss_data": [3.277005434036255, 2.864476442337036, 2.555025339126587, 2.2439630031585693, 1.8417279720306396, 1.5332272052764893, 1.2471938133239746, 1.1109557151794434, 0.9389240145683289, 0.7628684639930725, 0.6748006343841553, 0.5675244927406311, 0.4869694113731384, 0.46920454502105713, 0.4157337546348572, 0.3859531879425049, 0.33714157342910767, 0.2982064485549927, 0.29966139793395996, 0.21755918860435486, 0.21099305152893066, 0.16409887373447418, 0.18699568510055542, 0.14416341483592987, 0.14120478928089142, 0.12982919812202454, 0.13611067831516266, 0.11195887625217438, 0.12233839184045792, 0.11365184187889099], "train_accs": [0.9893327407078171, 1.0], "dev_accs": [0.9750706759187869, 0.9982009766126959], "test_accs": [0.5182119205298014, 0.8642384105960265]}