{"loss_data": [2.54946231842041, 2.032815933227539, 1.712528109550476, 1.3017988204956055, 0.9859071969985962, 0.785931408405304, 0.6275510787963867, 0.46722298860549927, 0.38899141550064087, 0.31287214159965515, 0.270986407995224, 0.2341543287038803, 0.22345393896102905, 0.17068928480148315, 0.14234119653701782, 0.13632646203041077, 0.14555439352989197, 0.12891291081905365, 0.0987689346075058, 0.09800994396209717, 0.08694034814834595, 0.06849347800016403, 0.07062748819589615, 0.06920599192380905, 0.06417116522789001, 0.05174290016293526, 0.04790563881397247, 0.04748823866248131, 0.03864254802465439, 0.04396764934062958], "train_accs": [0.9996110895049725, 1.0], "dev_accs": [1.0, 1.0], "test_accs": [0.03228476821192053, 0.40066225165562913]}