{"loss_data": [2.9675278663635254, 2.1437880992889404, 1.9810594320297241, 1.7894079685211182, 1.5168921947479248, 1.3097823858261108, 1.0412007570266724, 0.8000781536102295, 0.6227978467941284, 0.5826483368873596, 0.4469221532344818, 0.3383614718914032, 0.27704763412475586, 0.24185864627361298, 0.21720097959041595, 0.20687450468540192, 0.18790896236896515, 0.16804546117782593, 0.11745045334100723, 0.11937323957681656, 0.09342844784259796, 0.09766997396945953, 0.09175324440002441, 0.09310850501060486, 0.051436759531497955, 0.062143173068761826, 0.05519251152873039, 0.05040402337908745, 0.05285649374127388, 0.04928973689675331], "train_accs": [0.9952775154175232, 1.0], "dev_accs": [0.9946029298380878, 1.0], "test_accs": [0.0008278145695364238, 0.1498344370860927]}