{"loss_data": [2.4701662063598633, 2.0318126678466797, 1.7653707265853882, 1.4801452159881592, 1.1935652494430542, 0.9899005889892578, 0.7446764707565308, 0.552059531211853, 0.460945725440979, 0.38851258158683777, 0.30987873673439026, 0.25119057297706604, 0.21932555735111237, 0.1677573323249817, 0.18809492886066437, 0.1577920764684677, 0.13605010509490967, 0.12162013351917267, 0.10468610376119614, 0.0921771451830864, 0.08894360065460205, 0.08426697552204132, 0.07860283553600311, 0.061794862151145935, 0.0505698136985302, 0.04972630739212036, 0.05146254971623421, 0.051648207008838654, 0.03890219330787659, 0.04236823692917824], "train_accs": [0.9963331296183121, 0.9999444413578532], "dev_accs": [0.9025957337445387, 0.9994859933179131], "test_accs": [0.07119205298013245, 0.12086092715231789]}