{"loss_data": [2.713376998901367, 2.0432448387145996, 1.9165624380111694, 1.7411134243011475, 1.453691005706787, 1.1051063537597656, 0.8058736324310303, 0.6737080216407776, 0.4895387589931488, 0.402820885181427, 0.33166930079460144, 0.3033127784729004, 0.25360679626464844, 0.2221165895462036, 0.17438854277133942, 0.18749117851257324, 0.17965461313724518, 0.14714549481868744, 0.11352728307247162, 0.11094818264245987, 0.11714872717857361, 0.09930310398340225, 0.09508230537176132, 0.07378561049699783, 0.06425528973340988, 0.07850703597068787, 0.06073194742202759, 0.05343584343791008, 0.047885019332170486, 0.0503140464425087], "train_accs": [0.9991110617256515, 1.0], "dev_accs": [0.9997429966589566, 1.0], "test_accs": [0.18129139072847683, 0.7102649006622517]}