{"loss_data": [3.260368824005127, 2.721759080886841, 2.4354283809661865, 2.0642027854919434, 1.7289155721664429, 1.4323391914367676, 1.2193809747695923, 1.0461487770080566, 0.8831756114959717, 0.7282949090003967, 0.6174342036247253, 0.5319151282310486, 0.45445048809051514, 0.39937353134155273, 0.34903547167778015, 0.3697880804538727, 0.2942992150783539, 0.30612486600875854, 0.2535419166088104, 0.20707617700099945, 0.21211819350719452, 0.18013325333595276, 0.16565358638763428, 0.14293260872364044, 0.12069698423147202, 0.12741269171237946, 0.10825156420469284, 0.11999748647212982, 0.09154953807592392, 0.09087646752595901], "train_accs": [0.9991666203677982, 1.0], "dev_accs": [0.856592135697764, 1.0], "test_accs": [0.0, 0.33692052980132453]}