{"loss_data": [3.288663625717163, 2.2077279090881348, 1.9108415842056274, 1.7676628828048706, 1.4816184043884277, 1.296561360359192, 1.0615981817245483, 0.8786869049072266, 0.725324809551239, 0.5700429081916809, 0.466897577047348, 0.3878629505634308, 0.295258104801178, 0.25916656851768494, 0.20460551977157593, 0.19770602881908417, 0.17619997262954712, 0.1610904484987259, 0.1402474343776703, 0.1111687421798706, 0.09467413276433945, 0.0959923043847084, 0.10571979731321335, 0.07094455510377884, 0.06737607717514038, 0.06445491313934326, 0.055729180574417114, 0.046913281083106995, 0.0565309002995491, 0.03922202065587044], "train_accs": [0.8911050613922996, 1.0], "dev_accs": [0.8892315600102801, 1.0], "test_accs": [0.0, 0.3294701986754967]}