{"loss_data": [2.8220489025115967, 2.065397262573242, 1.836729884147644, 1.586822748184204, 1.3215959072113037, 0.9531967043876648, 0.7655012011528015, 0.5140141248703003, 0.4112216532230377, 0.3518174886703491, 0.2740253210067749, 0.25102347135543823, 0.2014056146144867, 0.17782090604305267, 0.16858796775341034, 0.1337006688117981, 0.1335361748933792, 0.12019145488739014, 0.09186360239982605, 0.09167121350765228, 0.07339677959680557, 0.0686182752251625, 0.07249680161476135, 0.06133228540420532, 0.05648258700966835, 0.0657457783818245, 0.058726657181978226, 0.061139415949583054, 0.049166738986968994, 0.05635867267847061], "train_accs": [0.9999444413578532, 1.0], "dev_accs": [1.0, 1.0], "test_accs": [0.04552980132450331, 0.6970198675496688]}