{"loss_data": [3.275198221206665, 2.789649724960327, 2.634484052658081, 2.331989049911499, 2.0647757053375244, 1.8002073764801025, 1.541561484336853, 1.3649920225143433, 1.1302741765975952, 0.9718618392944336, 0.845683753490448, 0.7132399678230286, 0.6341039538383484, 0.5693807601928711, 0.4818421006202698, 0.4921361207962036, 0.3918379545211792, 0.36385345458984375, 0.3298763632774353, 0.2887893617153168, 0.25722673535346985, 0.2230231761932373, 0.1992603987455368, 0.1818067729473114, 0.17566297948360443, 0.13753445446491241, 0.12923100590705872, 0.13357248902320862, 0.0983228087425232, 0.09709039330482483], "train_accs": [0.9751097283182399, 1.0], "dev_accs": [0.8745823695708044, 0.9776407093292213], "test_accs": [0.0008278145695364238, 0.19288079470198677]}