{"loss_data": [3.4687752723693848, 2.8521718978881836, 2.669304132461548, 2.390780210494995, 2.090894937515259, 1.8386681079864502, 1.5930074453353882, 1.4133853912353516, 1.1965324878692627, 0.9537225365638733, 0.8460655212402344, 0.72617506980896, 0.6195098757743835, 0.48493510484695435, 0.4566347002983093, 0.43259382247924805, 0.378020703792572, 0.3476794958114624, 0.336343377828598, 0.254954069852829, 0.2351437658071518, 0.2015630006790161, 0.17235307395458221, 0.18168006837368011, 0.1676110476255417, 0.1349560022354126, 0.11877929419279099, 0.1112179234623909, 0.09495554864406586, 0.10893934965133667], "train_accs": [0.9980554475248625, 1.0], "dev_accs": [0.9439732716525315, 1.0], "test_accs": [0.3526490066225166, 0.25662251655629137]}