{"loss_data": [3.426970958709717, 2.8390228748321533, 2.7048721313476562, 2.409440040588379, 1.9867544174194336, 1.6256446838378906, 1.360805869102478, 1.1923182010650635, 0.9984230399131775, 0.8394784927368164, 0.7165989279747009, 0.683598518371582, 0.5760765671730042, 0.4966416656970978, 0.40779832005500793, 0.4100259244441986, 0.36445027589797974, 0.3576367497444153, 0.3148656487464905, 0.23145025968551636, 0.23081910610198975, 0.22036094963550568, 0.20888248085975647, 0.15583308041095734, 0.14573831856250763, 0.16024401783943176, 0.11667238920927048, 0.11589062213897705, 0.10458903759717941, 0.1139000952243805], "train_accs": [0.8976054225234735, 1.0], "dev_accs": [0.8067334875353379, 0.9961449498843485], "test_accs": [0.0008278145695364238, 0.1216887417218543]}