{"loss_data": [3.4045779705047607, 2.8156139850616455, 2.4859142303466797, 2.156949043273926, 1.7835705280303955, 1.5217320919036865, 1.278123378753662, 1.1088461875915527, 0.9840454459190369, 0.8633031249046326, 0.7191440463066101, 0.6768447160720825, 0.5168158411979675, 0.45760661363601685, 0.45082002878189087, 0.397096186876297, 0.36634865403175354, 0.3579789698123932, 0.3318895697593689, 0.2704566419124603, 0.23026049137115479, 0.20854583382606506, 0.1760566383600235, 0.16525213420391083, 0.132546067237854, 0.1349148154258728, 0.13772130012512207, 0.10451433062553406, 0.11001596599817276, 0.09356429427862167], "train_accs": [0.8985499194399689, 1.0], "dev_accs": [0.9046517604728862, 1.0], "test_accs": [0.0, 0.48427152317880795]}