{"loss_data": [2.805589437484741, 2.13210391998291, 2.012474775314331, 1.8539953231811523, 1.6043843030929565, 1.3239834308624268, 1.028908610343933, 0.7778598070144653, 0.610257625579834, 0.49206921458244324, 0.4093579649925232, 0.33004456758499146, 0.285133957862854, 0.24673806130886078, 0.2209368795156479, 0.21869343519210815, 0.20168018341064453, 0.15414287149906158, 0.1327485293149948, 0.1167563945055008, 0.12847302854061127, 0.08555593341588974, 0.0980856642127037, 0.06739594042301178, 0.06981799751520157, 0.06459429860115051, 0.050656165927648544, 0.04448702931404114, 0.058317314833402634, 0.05067130923271179], "train_accs": [0.9987777098727707, 1.0], "dev_accs": [0.9982009766126959, 1.0], "test_accs": [0.01903973509933775, 0.4652317880794702]}