{"loss_data": [3.2546803951263428, 2.829761028289795, 2.6823415756225586, 2.4854588508605957, 2.114870548248291, 1.74420964717865, 1.4196149110794067, 1.2910637855529785, 1.0358778238296509, 0.8959633708000183, 0.7639690041542053, 0.633018434047699, 0.5226424932479858, 0.46348726749420166, 0.41304680705070496, 0.38255995512008667, 0.35781997442245483, 0.34948110580444336, 0.2969438433647156, 0.2568281888961792, 0.2376057505607605, 0.2185986340045929, 0.19490878283977509, 0.18056975305080414, 0.168196439743042, 0.13408163189888, 0.11988583952188492, 0.12543568015098572, 0.13196977972984314, 0.11311464011669159], "train_accs": [0.8792710706150342, 1.0], "dev_accs": [0.8936006168080185, 1.0], "test_accs": [0.0033112582781456954, 0.3932119205298013]}