{"loss_data": [3.4365222454071045, 2.762732982635498, 2.4980432987213135, 2.201242685317993, 1.8630928993225098, 1.5824289321899414, 1.303175449371338, 1.1575889587402344, 1.0322418212890625, 0.83503657579422, 0.7845417857170105, 0.658564567565918, 0.6270793676376343, 0.48477211594581604, 0.4858968257904053, 0.43819719552993774, 0.38052064180374146, 0.35837286710739136, 0.3322828412055969, 0.2639399468898773, 0.23795604705810547, 0.19360169768333435, 0.2035614550113678, 0.16309146583080292, 0.16641588509082794, 0.1516512781381607, 0.14327651262283325, 0.11535754054784775, 0.11387688666582108, 0.10977371782064438], "train_accs": [1.0, 1.0], "dev_accs": [0.9940889231560011, 1.0], "test_accs": [0.0935430463576159, 0.7110927152317881]}