{"loss_data": [3.299021005630493, 2.6906816959381104, 2.3858089447021484, 2.1159908771514893, 1.8331362009048462, 1.6032010316848755, 1.3525105714797974, 1.2132669687271118, 1.0562556982040405, 0.9471784830093384, 0.7942711114883423, 0.6914548277854919, 0.6145585775375366, 0.52497398853302, 0.49663692712783813, 0.46281668543815613, 0.3957419693470001, 0.35234662890434265, 0.33930909633636475, 0.2908976376056671, 0.24447904527187347, 0.2099885642528534, 0.20262779295444489, 0.19171075522899628, 0.15076622366905212, 0.1326361447572708, 0.12851667404174805, 0.11592123657464981, 0.11679191887378693, 0.1116708293557167], "train_accs": [0.9876104228012668, 1.0], "dev_accs": [0.9013107170393215, 1.0], "test_accs": [0.0, 0.06870860927152318]}