{"loss_data": [3.2393100261688232, 2.728210210800171, 2.4420745372772217, 2.201831817626953, 1.8831113576889038, 1.601421594619751, 1.3397605419158936, 1.1381314992904663, 0.9561179876327515, 0.8315684795379639, 0.7262803912162781, 0.586513876914978, 0.5458441376686096, 0.46376946568489075, 0.41711077094078064, 0.4012262523174286, 0.3266163170337677, 0.3009825348854065, 0.2584246098995209, 0.23488673567771912, 0.19835543632507324, 0.1830667406320572, 0.1730719655752182, 0.15768486261367798, 0.14042359590530396, 0.11945530027151108, 0.11014293134212494, 0.10306783020496368, 0.09812105447053909, 0.1009553000330925], "train_accs": [0.9980554475248625, 0.9999444413578532], "dev_accs": [0.8905165767154973, 0.9925469031097405], "test_accs": [0.10016556291390728, 0.4105960264900662]}