{"loss_data": [2.8775882720947266, 2.2179884910583496, 1.7634373903274536, 1.4481967687606812, 1.164914608001709, 0.861089825630188, 0.6361830234527588, 0.5001359581947327, 0.44249874353408813, 0.35850751399993896, 0.28227442502975464, 0.2466876059770584, 0.18837732076644897, 0.18386335670948029, 0.16448771953582764, 0.14718708395957947, 0.14036951959133148, 0.10957786440849304, 0.10268475860357285, 0.10579391568899155, 0.09686391055583954, 0.07387124001979828, 0.08551476895809174, 0.05578150600194931, 0.051969047635793686, 0.050887130200862885, 0.055958665907382965, 0.04044424369931221, 0.03716173768043518, 0.0368807427585125], "train_accs": [0.9969442746819268, 1.0], "dev_accs": [0.9964019532253919, 1.0], "test_accs": [0.09188741721854304, 0.09933774834437085]}