{"loss_data": [3.2045133113861084, 2.044520378112793, 1.9251947402954102, 1.71419095993042, 1.4298456907272339, 1.124780297279358, 0.9187373518943787, 0.7806496620178223, 0.6230303049087524, 0.4681810140609741, 0.42970937490463257, 0.32877054810523987, 0.24656203389167786, 0.21355469524860382, 0.20457161962985992, 0.1818293184041977, 0.17277072370052338, 0.1291792094707489, 0.10845491290092468, 0.10927671194076538, 0.09056447446346283, 0.08615010231733322, 0.09991293400526047, 0.0790352001786232, 0.0687398687005043, 0.07249350100755692, 0.05241120606660843, 0.05929172411561012, 0.04815230891108513, 0.04589632898569107], "train_accs": [0.9987221512306239, 0.9999444413578532], "dev_accs": [0.9935749164739142, 0.9997429966589566], "test_accs": [0.1564569536423841, 0.5687086092715232]}