{"loss_data": [3.4974048137664795, 2.771421194076538, 2.4470224380493164, 2.117152690887451, 1.7934565544128418, 1.6096844673156738, 1.3816107511520386, 1.2246649265289307, 1.041814923286438, 0.875359058380127, 0.8142287135124207, 0.6767430305480957, 0.5945964455604553, 0.5161898732185364, 0.5001060366630554, 0.46058377623558044, 0.36329805850982666, 0.36716407537460327, 0.34014517068862915, 0.25853022933006287, 0.24490399658679962, 0.2348046600818634, 0.17786866426467896, 0.16430339217185974, 0.14902061223983765, 0.1238304004073143, 0.13193325698375702, 0.09310176223516464, 0.10906793922185898, 0.12943239510059357], "train_accs": [0.9980554475248625, 1.0], "dev_accs": [0.9645335389360061, 0.9997429966589566], "test_accs": [0.11341059602649006, 0.24420529801324503]}