{"loss_data": [2.846984624862671, 2.1997230052948, 1.9144374132156372, 1.621652364730835, 1.3145266771316528, 1.0583878755569458, 0.7956302762031555, 0.6482936143875122, 0.49994519352912903, 0.4536378085613251, 0.32906675338745117, 0.2763020992279053, 0.22213146090507507, 0.21966755390167236, 0.17697255313396454, 0.17012764513492584, 0.1597820371389389, 0.11803627014160156, 0.1062789037823677, 0.10460826754570007, 0.10353492945432663, 0.08860456943511963, 0.08703524619340897, 0.07729693502187729, 0.05309109762310982, 0.0556914322078228, 0.049966469407081604, 0.050261855125427246, 0.04778902977705002, 0.05180277302861214], "train_accs": [0.9997777654314128, 1.0], "dev_accs": [1.0, 1.0], "test_accs": [0.09602649006622517, 0.5910596026490066]}