{"loss_data": [2.7910995483398438, 2.0873231887817383, 2.0016908645629883, 1.8053944110870361, 1.5340373516082764, 1.1718580722808838, 0.8906422257423401, 0.6533547639846802, 0.5049554705619812, 0.3840424120426178, 0.31964266300201416, 0.23377282917499542, 0.20943887531757355, 0.1669548749923706, 0.18345694243907928, 0.1416049301624298, 0.1446000337600708, 0.10295827686786652, 0.11168857663869858, 0.10605163127183914, 0.07360144704580307, 0.06381046026945114, 0.06653628498315811, 0.06168779730796814, 0.05607932060956955, 0.05310608074069023, 0.04503047093749046, 0.03746931627392769, 0.03628541901707649, 0.038098808377981186], "train_accs": [0.9979443302405689, 1.0], "dev_accs": [0.9953739398612182, 1.0], "test_accs": [0.020695364238410598, 0.18956953642384106]}