{"loss_data": [3.3626537322998047, 2.8448939323425293, 2.634998321533203, 2.31386661529541, 2.0096628665924072, 1.7422776222229004, 1.4239157438278198, 1.3142733573913574, 1.120646595954895, 0.9403156638145447, 0.8214528560638428, 0.7194147706031799, 0.5759707093238831, 0.5294625163078308, 0.44737663865089417, 0.4441737234592438, 0.36353811621665955, 0.35342249274253845, 0.3167842626571655, 0.2453795224428177, 0.23840239644050598, 0.22962211072444916, 0.19547872245311737, 0.1879195272922516, 0.15331870317459106, 0.13578233122825623, 0.12834419310092926, 0.1339433193206787, 0.09715911000967026, 0.09376135468482971], "train_accs": [0.9981110061670093, 0.9998888827157064], "dev_accs": [0.9987149832947828, 1.0], "test_accs": [0.15397350993377484, 0.222682119205298]}