{"loss_data": [2.4963443279266357, 2.073729991912842, 1.9567124843597412, 1.6986960172653198, 1.393211007118225, 1.077111005783081, 0.7857349514961243, 0.6377691030502319, 0.4580513834953308, 0.34791654348373413, 0.2914148271083832, 0.23181357979774475, 0.19914376735687256, 0.17926166951656342, 0.14533734321594238, 0.1582997888326645, 0.14453962445259094, 0.09444304555654526, 0.09562811255455017, 0.10127337276935577, 0.09138944000005722, 0.07490037381649017, 0.0705152228474617, 0.058678463101387024, 0.05363304913043976, 0.057870108634233475, 0.0409511998295784, 0.045199763029813766, 0.052628859877586365, 0.051871977746486664], "train_accs": [0.9965553641868993, 1.0], "dev_accs": [0.9971729632485222, 1.0], "test_accs": [0.6622516556291391, 0.734271523178808]}