{"loss_data": [2.768465280532837, 2.045807123184204, 1.6883947849273682, 1.3661788702011108, 1.0561398267745972, 0.8555071353912354, 0.7005714178085327, 0.5844154953956604, 0.4353701174259186, 0.3865312933921814, 0.3221774101257324, 0.2802767753601074, 0.24365605413913727, 0.21336396038532257, 0.1768319010734558, 0.16918794810771942, 0.16241592168807983, 0.13725009560585022, 0.12443743646144867, 0.12589646875858307, 0.09616760164499283, 0.07318956404924393, 0.10505553334951401, 0.07806423306465149, 0.07170405983924866, 0.06701990216970444, 0.05651426315307617, 0.056739408522844315, 0.06544163823127747, 0.05114887282252312], "train_accs": [1.0, 1.0], "dev_accs": [0.9994859933179131, 1.0], "test_accs": [0.25248344370860926, 0.8402317880794702]}