{"loss_data": [3.3274030685424805, 2.8273658752441406, 2.6770975589752197, 2.4830336570739746, 2.2018778324127197, 1.8453567028045654, 1.59391188621521, 1.3189854621887207, 1.1410351991653442, 0.9834458827972412, 0.8410903215408325, 0.6705373525619507, 0.5942955017089844, 0.487809419631958, 0.4172126352787018, 0.3878794312477112, 0.32916173338890076, 0.3339361846446991, 0.3146166205406189, 0.220472052693367, 0.23314236104488373, 0.19496677815914154, 0.15668447315692902, 0.1645994484424591, 0.1368410438299179, 0.11720307916402817, 0.11650360375642776, 0.10015475004911423, 0.10945858806371689, 0.0874125212430954], "train_accs": [1.0, 1.0], "dev_accs": [0.9064507838601902, 1.0], "test_accs": [0.06539735099337748, 0.5355960264900662]}