{"loss_data": [3.3387420177459717, 2.7646002769470215, 2.4157028198242188, 2.052504777908325, 1.8545565605163574, 1.6104140281677246, 1.4218131303787231, 1.2304009199142456, 1.0304536819458008, 0.8510284423828125, 0.793427050113678, 0.6978424787521362, 0.5584394335746765, 0.4908049702644348, 0.4595112204551697, 0.43003153800964355, 0.393618106842041, 0.35795050859451294, 0.29247209429740906, 0.2622291147708893, 0.21953245997428894, 0.23424462974071503, 0.1777307689189911, 0.15725407004356384, 0.15547265112400055, 0.15466192364692688, 0.14427754282951355, 0.11918436735868454, 0.1072377935051918, 0.11123190075159073], "train_accs": [0.9921106728151564, 1.0], "dev_accs": [0.9694166024158314, 1.0], "test_accs": [0.0008278145695364238, 0.6009933774834437]}