{"loss_data": [3.041428565979004, 2.243345260620117, 2.0975253582000732, 2.0273420810699463, 1.948151707649231, 1.8089625835418701, 1.5084543228149414, 1.1087695360183716, 0.8505566120147705, 0.6762242317199707, 0.530474841594696, 0.3916182219982147, 0.32219648361206055, 0.277417927980423, 0.22884735465049744, 0.24870149791240692, 0.20316855609416962, 0.16185417771339417, 0.1273188441991806, 0.11475472152233124, 0.09571582078933716, 0.10052017122507095, 0.09042537957429886, 0.058414801955223083, 0.06341266632080078, 0.059182435274124146, 0.04631822928786278, 0.04781046509742737, 0.05043121427297592, 0.040667422115802765], "train_accs": [0.9748874937496528, 1.0], "dev_accs": [0.9352351580570547, 1.0], "test_accs": [0.29387417218543044, 0.5802980132450332]}