{"loss_data": [3.1858115196228027, 2.852397918701172, 2.714313507080078, 2.4639081954956055, 2.1653504371643066, 1.8324763774871826, 1.5620355606079102, 1.3552902936935425, 1.1564439535140991, 0.9793769717216492, 0.8169137239456177, 0.7029533386230469, 0.602783739566803, 0.49656522274017334, 0.4384620487689972, 0.4230845272541046, 0.3627963066101074, 0.3338179886341095, 0.3092499375343323, 0.21521317958831787, 0.21901346743106842, 0.17657214403152466, 0.1565912365913391, 0.16864722967147827, 0.12124066799879074, 0.14205476641654968, 0.11649499088525772, 0.09965790808200836, 0.09093398600816727, 0.09157475084066391], "train_accs": [0.9976109783876882, 1.0], "dev_accs": [0.8876895399640196, 1.0], "test_accs": [0.34105960264900664, 0.6754966887417219]}