{"loss_data": [3.0791187286376953, 2.079970359802246, 1.8782672882080078, 1.6606171131134033, 1.339044213294983, 1.1262211799621582, 0.913848340511322, 0.7452014684677124, 0.5572283864021301, 0.5159796476364136, 0.4141770005226135, 0.3495168089866638, 0.26498961448669434, 0.2558313012123108, 0.23373562097549438, 0.1947443187236786, 0.18372009694576263, 0.16611532866954803, 0.12782396376132965, 0.12114673107862473, 0.10519108921289444, 0.09969542920589447, 0.09267649799585342, 0.07094297558069229, 0.07062005996704102, 0.06177018582820892, 0.06399945914745331, 0.0628485158085823, 0.05550862103700638, 0.046302665024995804], "train_accs": [0.896438691038391, 1.0], "dev_accs": [0.905165767154973, 1.0], "test_accs": [0.0, 0.02152317880794702]}