{"loss_data": [3.2001218795776367, 2.697709798812866, 2.408770799636841, 2.1006453037261963, 1.8401358127593994, 1.5808218717575073, 1.3710085153579712, 1.2177900075912476, 1.0378265380859375, 0.8919463157653809, 0.763369619846344, 0.6509338617324829, 0.5355737209320068, 0.4740842878818512, 0.38642460107803345, 0.3938894271850586, 0.3236449956893921, 0.3211570084095001, 0.2540947198867798, 0.2363433539867401, 0.23970429599285126, 0.1601477563381195, 0.17879720032215118, 0.15307201445102692, 0.15555135905742645, 0.14332212507724762, 0.10747862607240677, 0.10001282393932343, 0.10720299929380417, 0.09322977066040039], "train_accs": [0.995055280848936, 1.0], "dev_accs": [0.9637625289128758, 0.9987149832947828], "test_accs": [0.5057947019867549, 0.5389072847682119]}