{"loss_data": [3.190232753753662, 2.6830153465270996, 2.434454917907715, 2.0770208835601807, 1.802605390548706, 1.532956838607788, 1.2991365194320679, 1.1256844997406006, 1.0185585021972656, 0.8823232650756836, 0.7168649435043335, 0.6584711670875549, 0.5534019470214844, 0.49447599053382874, 0.4355188012123108, 0.41053688526153564, 0.33035972714424133, 0.34146401286125183, 0.33141645789146423, 0.24501661956310272, 0.23793785274028778, 0.21978774666786194, 0.20366224646568298, 0.17195004224777222, 0.15306492149829865, 0.19295528531074524, 0.13108177483081818, 0.11926734447479248, 0.11862672865390778, 0.0993700623512268], "train_accs": [0.8520473359631091, 1.0], "dev_accs": [0.7982523772809047, 0.9997429966589566], "test_accs": [0.0, 0.3567880794701987]}