{"loss_data": [3.055734634399414, 2.56941556930542, 2.208134174346924, 1.9150575399398804, 1.6650372743606567, 1.4623887538909912, 1.2466962337493896, 1.044400691986084, 0.8750584721565247, 0.7752088308334351, 0.6858014464378357, 0.6398200988769531, 0.5332949161529541, 0.43985578417778015, 0.4121299982070923, 0.4039117693901062, 0.3642767369747162, 0.32656678557395935, 0.3018265962600708, 0.24929577112197876, 0.2255682647228241, 0.23306535184383392, 0.19280795753002167, 0.17601579427719116, 0.12089987099170685, 0.1409035623073578, 0.11657567322254181, 0.11513929069042206, 0.10928484052419662, 0.09673553705215454], "train_accs": [0.9933885215845325, 1.0], "dev_accs": [0.9894628630172192, 1.0], "test_accs": [0.0024834437086092716, 0.016556291390728478]}