{"loss_data": [3.4212217330932617, 2.1270434856414795, 1.8578163385391235, 1.502536654472351, 1.1780717372894287, 0.9379898309707642, 0.72930508852005, 0.6048171520233154, 0.47150665521621704, 0.379004567861557, 0.2943848669528961, 0.2672088146209717, 0.21416375041007996, 0.19746986031532288, 0.19427049160003662, 0.17322102189064026, 0.1594867706298828, 0.11136838048696518, 0.12569870054721832, 0.11049409210681915, 0.09900086373090744, 0.07993747293949127, 0.10483058542013168, 0.07123584300279617, 0.07267151027917862, 0.06889320909976959, 0.056167569011449814, 0.050891611725091934, 0.05764051899313927, 0.05842020735144615], "train_accs": [0.9975554197455414, 1.0], "dev_accs": [0.9974299665895656, 1.0], "test_accs": [0.09685430463576158, 0.1605960264900662]}