{"loss_data": [3.514554023742676, 2.30594801902771, 1.9870727062225342, 1.9131605625152588, 1.7532404661178589, 1.4767799377441406, 1.2130358219146729, 0.9624220728874207, 0.7788139581680298, 0.6119495630264282, 0.4808870255947113, 0.4152209460735321, 0.3312312364578247, 0.30040618777275085, 0.24151723086833954, 0.24706029891967773, 0.20892196893692017, 0.18030573427677155, 0.1473017930984497, 0.15642708539962769, 0.12108810991048813, 0.10382145643234253, 0.11547081917524338, 0.08453825116157532, 0.06806369870901108, 0.0719422921538353, 0.07787881046533585, 0.06575578451156616, 0.07236338406801224, 0.06797091662883759], "train_accs": [0.8912161786765932, 1.0], "dev_accs": [0.9961449498843485, 1.0], "test_accs": [0.0, 0.26241721854304634]}