{"loss_data": [2.813206434249878, 2.036623239517212, 1.7948654890060425, 1.5574007034301758, 1.2648193836212158, 0.946256160736084, 0.7453025579452515, 0.6064287424087524, 0.4784163236618042, 0.4377996623516083, 0.3464634418487549, 0.2690432369709015, 0.22948941588401794, 0.205672487616539, 0.18523752689361572, 0.18617551028728485, 0.1687290370464325, 0.1543530374765396, 0.11617429554462433, 0.10823477804660797, 0.09887933731079102, 0.07364779710769653, 0.09494783729314804, 0.07042916864156723, 0.07229944318532944, 0.06921136379241943, 0.06386019289493561, 0.05837860703468323, 0.049647700041532516, 0.04851532727479935], "train_accs": [1.0, 1.0], "dev_accs": [1.0, 1.0], "test_accs": [0.7996688741721855, 0.9875827814569537]}