{"loss_data": [3.1914827823638916, 2.6964621543884277, 2.4899535179138184, 2.202357530593872, 1.91671884059906, 1.692324161529541, 1.4354521036148071, 1.2517911195755005, 1.1286429166793823, 0.9298657178878784, 0.771034300327301, 0.6874517202377319, 0.5694127678871155, 0.5086285471916199, 0.38940882682800293, 0.42062437534332275, 0.35591426491737366, 0.3401539921760559, 0.2986365258693695, 0.24214765429496765, 0.20759201049804688, 0.17879292368888855, 0.21404005587100983, 0.16454964876174927, 0.14214126765727997, 0.14716187119483948, 0.1206188052892685, 0.11739489436149597, 0.1141517385840416, 0.10498520731925964], "train_accs": [1.0, 1.0], "dev_accs": [0.7902852737085582, 0.9938319198149576], "test_accs": [0.0, 0.008278145695364239]}