{"loss_data": [3.393338203430176, 2.87056565284729, 2.697252035140991, 2.410834312438965, 2.0896544456481934, 1.7873127460479736, 1.5081928968429565, 1.2295430898666382, 1.0288701057434082, 0.8751518726348877, 0.716869056224823, 0.6030425429344177, 0.5658482909202576, 0.45907431840896606, 0.3932272493839264, 0.39961153268814087, 0.3452909588813782, 0.32300910353660583, 0.27032655477523804, 0.22060897946357727, 0.21069607138633728, 0.19172990322113037, 0.17880794405937195, 0.1558213233947754, 0.15921339392662048, 0.12909486889839172, 0.11945059150457382, 0.11123257130384445, 0.09873026609420776, 0.09775301069021225], "train_accs": [0.9971665092505139, 1.0], "dev_accs": [0.9989719866358263, 1.0], "test_accs": [0.19205298013245034, 0.5993377483443708]}