{"loss_data": [3.325901508331299, 2.916691780090332, 2.758533239364624, 2.417711019515991, 1.989267349243164, 1.6904748678207397, 1.370273232460022, 1.2424774169921875, 1.0605816841125488, 0.8973004817962646, 0.775945782661438, 0.6874483823776245, 0.5438910722732544, 0.4898734390735626, 0.435951292514801, 0.4295092523097992, 0.34782132506370544, 0.3425701856613159, 0.32718056440353394, 0.2585647702217102, 0.23413565754890442, 0.21864275634288788, 0.18076950311660767, 0.16778548061847687, 0.1368371993303299, 0.14413270354270935, 0.14091722667217255, 0.12043612450361252, 0.11516253650188446, 0.12141188979148865], "train_accs": [0.9344963609089394, 1.0], "dev_accs": [0.6779748136725777, 0.9987149832947828], "test_accs": [0.0, 0.46771523178807944]}