{"loss_data": [3.2841060161590576, 2.8261187076568604, 2.6466968059539795, 2.3680996894836426, 2.042628765106201, 1.775272250175476, 1.4808732271194458, 1.2932233810424805, 1.070539116859436, 0.9275185465812683, 0.7825914621353149, 0.6946514844894409, 0.5526054501533508, 0.47616830468177795, 0.40970805287361145, 0.41014406085014343, 0.3675684332847595, 0.31381484866142273, 0.2948820888996124, 0.2296195775270462, 0.2366122603416443, 0.19184324145317078, 0.1785561889410019, 0.1850222945213318, 0.1343560665845871, 0.13747026026248932, 0.11615331470966339, 0.11051221936941147, 0.10488879680633545, 0.08839595317840576], "train_accs": [0.9976109783876882, 1.0], "dev_accs": [0.8848625032125418, 1.0], "test_accs": [0.20281456953642385, 0.7442052980132451]}