{"loss_data": [2.7368152141571045, 2.1601178646087646, 2.0109736919403076, 1.7897765636444092, 1.4653041362762451, 1.1041152477264404, 0.8894075155258179, 0.6543968319892883, 0.5665756464004517, 0.4277774393558502, 0.3598495423793793, 0.2784668803215027, 0.24134595692157745, 0.21271757781505585, 0.20027679204940796, 0.18419618904590607, 0.1722225397825241, 0.1372649073600769, 0.1286919265985489, 0.09382715076208115, 0.09755729883909225, 0.07854662835597992, 0.0772460326552391, 0.06904104351997375, 0.07585576921701431, 0.07811632007360458, 0.053351785987615585, 0.05191447585821152, 0.03853214532136917, 0.04389562830328941], "train_accs": [0.9907217067614867, 1.0], "dev_accs": [0.9886918529940889, 1.0], "test_accs": [0.6639072847682119, 0.9983443708609272]}