{"loss_data": [2.878448963165283, 2.0355138778686523, 1.8862206935882568, 1.6693618297576904, 1.360841989517212, 1.1193591356277466, 0.8551648259162903, 0.6338191032409668, 0.508899986743927, 0.41264089941978455, 0.3564285933971405, 0.2910259962081909, 0.25159400701522827, 0.209796741604805, 0.17144304513931274, 0.16289150714874268, 0.152469202876091, 0.13399899005889893, 0.11705499142408371, 0.10426301509141922, 0.08486033976078033, 0.09223568439483643, 0.08528313785791397, 0.07067748159170151, 0.061093155294656754, 0.05467241257429123, 0.06319981068372726, 0.04509527608752251, 0.05273019149899483, 0.03618132695555687], "train_accs": [0.9904439135507528, 1.0], "dev_accs": [0.9915188897455667, 1.0], "test_accs": [0.10182119205298014, 0.4602649006622517]}