{"loss_data": [3.18453311920166, 2.7913854122161865, 2.5351006984710693, 2.1945550441741943, 1.9763768911361694, 1.6840927600860596, 1.4404851198196411, 1.229244351387024, 1.0760464668273926, 0.8811668157577515, 0.7407106161117554, 0.6574811935424805, 0.5304007530212402, 0.4776451289653778, 0.3748021423816681, 0.37170958518981934, 0.33384495973587036, 0.3201155960559845, 0.26814109086990356, 0.2339359074831009, 0.2298741489648819, 0.19215692579746246, 0.18061304092407227, 0.15758170187473297, 0.16873343288898468, 0.13305792212486267, 0.14116035401821136, 0.10674578696489334, 0.09207282960414886, 0.10786905884742737], "train_accs": [0.9998888827157064, 1.0], "dev_accs": [0.9195579542534053, 0.995887946543305], "test_accs": [0.0041390728476821195, 0.27483443708609273]}