{"loss_data": [3.6442935466766357, 2.8340320587158203, 2.6592679023742676, 2.4560892581939697, 2.0948538780212402, 1.8049205541610718, 1.5377769470214844, 1.3343658447265625, 1.12979257106781, 0.9288105964660645, 0.8483648896217346, 0.7482640147209167, 0.6070449352264404, 0.4928630292415619, 0.4492819309234619, 0.44257548451423645, 0.4159388244152069, 0.34720009565353394, 0.33048492670059204, 0.2776612639427185, 0.25192588567733765, 0.2311873435974121, 0.17468859255313873, 0.1582835167646408, 0.16138549149036407, 0.15016405284404755, 0.13875208795070648, 0.10599600523710251, 0.12400723993778229, 0.09782809764146805], "train_accs": [0.9998333240735596, 1.0], "dev_accs": [0.9845797995373939, 1.0], "test_accs": [0.304635761589404, 0.6067880794701986]}