{"loss_data": [3.264152765274048, 2.6780190467834473, 2.3722996711730957, 2.0865137577056885, 1.8284106254577637, 1.591383934020996, 1.3343040943145752, 1.2071682214736938, 1.0353612899780273, 0.9140809774398804, 0.7763806581497192, 0.7242594957351685, 0.6091175675392151, 0.5232630372047424, 0.4709169566631317, 0.4448583424091339, 0.37425318360328674, 0.3343801498413086, 0.3003929853439331, 0.22433747351169586, 0.2258145660161972, 0.20651261508464813, 0.18293535709381104, 0.1611662656068802, 0.14274479448795319, 0.11534357815980911, 0.12169965356588364, 0.1132371574640274, 0.11530875414609909, 0.1003837138414383], "train_accs": [0.9995555308628257, 1.0], "dev_accs": [0.868414289385762, 0.9994859933179131], "test_accs": [0.04304635761589404, 0.40480132450331124]}