{"loss_data": [3.1568496227264404, 2.267329454421997, 1.9984359741210938, 1.759421706199646, 1.4639469385147095, 1.2168378829956055, 1.0184006690979004, 0.8565147519111633, 0.6484388113021851, 0.5522268414497375, 0.4470657408237457, 0.4079012870788574, 0.3231200873851776, 0.2736371159553528, 0.22720369696617126, 0.2238336056470871, 0.19018074870109558, 0.16350498795509338, 0.14490295946598053, 0.12779058516025543, 0.12369509041309357, 0.1007516086101532, 0.10533435642719269, 0.0716448575258255, 0.07682401686906815, 0.06226435303688049, 0.07327363640069962, 0.049895029515028, 0.06125998497009277, 0.048922110348939896], "train_accs": [0.848158231012834, 1.0], "dev_accs": [0.8496530454895914, 1.0], "test_accs": [0.0, 0.07781456953642384]}