{"loss_data": [3.2330288887023926, 2.645984649658203, 2.40273118019104, 2.1133933067321777, 1.8403431177139282, 1.6137197017669678, 1.3591718673706055, 1.1866923570632935, 0.9700567126274109, 0.8414732813835144, 0.6930636763572693, 0.6483403444290161, 0.5519230961799622, 0.4612376391887665, 0.3899495601654053, 0.3515290319919586, 0.32992035150527954, 0.29183429479599, 0.24491742253303528, 0.2288128137588501, 0.19366499781608582, 0.19896377623081207], "train_accs": [0.993229319988225, 1.0], "dev_accs": [0.942092886537331, 1.0], "test_accs": [0.9984693877551021, 1.0]}