{"loss_data": [2.639591932296753, 1.9556777477264404, 1.7512948513031006, 1.3815343379974365, 1.168824553489685, 0.9203965067863464, 0.717830240726471, 0.5923507809638977, 0.48967164754867554, 0.43119239807128906, 0.3182002305984497, 0.282583087682724, 0.24753394722938538, 0.19104960560798645, 0.18478861451148987, 0.14712315797805786, 0.15412020683288574, 0.12582816183567047, 0.10626892745494843, 0.09972000122070312, 0.07766290754079819, 0.0690295398235321], "train_accs": [0.9626876655872829, 1.0], "dev_accs": [0.9576719576719577, 1.0], "test_accs": [0.6676020408163266, 0.989030612244898]}