{"loss_data": [2.787111759185791, 2.11834979057312, 1.906904935836792, 1.620565414428711, 1.3699811697006226, 1.1598678827285767, 0.8967933654785156, 0.7885380387306213, 0.6291041374206543, 0.47245100140571594, 0.4284428060054779, 0.410330593585968, 0.3236488997936249, 0.25406330823898315, 0.23583240807056427, 0.17780129611492157, 0.1695818454027176, 0.14220885932445526, 0.1257348507642746, 0.10149269551038742, 0.09883441030979156, 0.07668757438659668], "train_accs": [0.9078598763614955, 1.0], "dev_accs": [0.917989417989418, 0.9994121105232217], "test_accs": [0.4413265306122449, 0.8061224489795918]}