{"loss_data": [3.242586374282837, 2.055194854736328, 1.9051223993301392, 1.630448579788208, 1.324696660041809, 1.0063774585723877, 0.6980437636375427, 0.5224758982658386, 0.38800010085105896, 0.3244224190711975, 0.2478104829788208, 0.236184760928154, 0.19953422248363495, 0.13776080310344696, 0.14196300506591797, 0.11521399766206741, 0.11436664313077927, 0.10007765889167786, 0.08926613628864288, 0.08630314469337463, 0.06962625682353973, 0.04702739790081978], "train_accs": [0.9925669708566383, 1.0], "dev_accs": [0.993533215755438, 1.0], "test_accs": [0.6704081632653062, 0.9719387755102041]}