{"loss_data": [3.176426410675049, 2.770981788635254, 2.4757492542266846, 2.1847023963928223, 1.7998853921890259, 1.552333950996399, 1.2790201902389526, 1.0762712955474854, 0.9347584843635559, 0.7435722947120667, 0.623735785484314, 0.5859370231628418, 0.5106955170631409, 0.4145370423793793, 0.3425540328025818, 0.34287798404693604, 0.27154475450515747, 0.24571606516838074, 0.2587146759033203, 0.1664792150259018, 0.17775560915470123, 0.1551794856786728], "train_accs": [0.9966146599941125, 1.0], "dev_accs": [0.3924162257495591, 0.4911816578483245], "test_accs": [1.0, 1.0]}