{"loss_data": [3.1237590312957764, 2.0314247608184814, 1.9606761932373047, 1.7619682550430298, 1.5172863006591797, 1.228152871131897, 0.9358451962471008, 0.7469545602798462, 0.5881798267364502, 0.48211100697517395, 0.33488592505455017, 0.3439198136329651, 0.2588563561439514, 0.2353283017873764, 0.190253347158432, 0.15860362350940704, 0.13627749681472778, 0.1192108541727066, 0.09583773463964462, 0.09367042779922485, 0.11068582534790039, 0.06771646440029144], "train_accs": [0.9233882837798058, 1.0], "dev_accs": [0.9482657260435038, 1.0], "test_accs": [0.5308673469387755, 0.825765306122449]}