{"loss_data": [2.6267504692077637, 1.9953808784484863, 1.731921672821045, 1.3098887205123901, 1.0683923959732056, 0.7969897985458374, 0.585277259349823, 0.4634661376476288, 0.37512871623039246, 0.27911317348480225, 0.2240128070116043, 0.22494396567344666, 0.1753203421831131, 0.15972934663295746, 0.13419485092163086, 0.11891074478626251, 0.10669873654842377, 0.09265107661485672, 0.07345794141292572, 0.06521645933389664, 0.06067609786987305, 0.06681833416223526], "train_accs": [0.9964674712982043, 0.9988960847806888], "dev_accs": [0.996766607877719, 0.9988242210464433], "test_accs": [0.7663265306122449, 0.8663265306122448]}