{"loss_data": [3.195401906967163, 2.6312172412872314, 2.373626947402954, 2.0980184078216553, 1.8335853815078735, 1.5840290784835815, 1.3611973524093628, 1.2148667573928833, 1.0499992370605469, 0.8285578489303589, 0.7204209566116333, 0.6231862902641296, 0.5492819547653198, 0.48509448766708374, 0.4060710370540619, 0.36860746145248413, 0.3043096661567688, 0.25866031646728516, 0.24446965754032135, 0.22517834603786469, 0.176450714468956, 0.1330094188451767], "train_accs": [0.9724021195172211, 1.0], "dev_accs": [0.805408583186361, 0.9964726631393298], "test_accs": [0.9709183673469388, 1.0]}