{"loss_data": [2.6029446125030518, 2.0274276733398438, 1.7932426929473877, 1.452973484992981, 1.1273083686828613, 0.977249026298523, 0.7013616561889648, 0.5432845950126648, 0.44374075531959534, 0.4078028202056885, 0.29491451382637024, 0.2805927097797394, 0.25004199147224426, 0.19839151203632355, 0.16658389568328857, 0.13834930956363678, 0.10821721702814102, 0.11797232925891876, 0.09808746725320816, 0.06899812072515488, 0.06985228508710861, 0.05979153886437416], "train_accs": [0.9448042390344421, 1.0], "dev_accs": [0.9462081128747796, 1.0], "test_accs": [0.22551020408163266, 0.8091836734693878]}