{"loss_data": [3.582894802093506, 2.913470983505249, 2.715217113494873, 2.5766468048095703, 2.3879644870758057, 2.110747814178467, 1.7665693759918213, 1.4230594635009766, 1.1849353313446045, 0.9674720168113708, 0.8126509785652161, 0.7065489292144775, 0.6100930571556091, 0.518006443977356, 0.4408400356769562, 0.3683196008205414, 0.32602208852767944, 0.27714747190475464, 0.26116445660591125, 0.20521900057792664, 0.1930346041917801, 0.18557080626487732], "train_accs": [0.9288342655284074, 1.0], "dev_accs": [0.8894767783656673, 1.0], "test_accs": [0.9826530612244898, 1.0]}