{"loss_data": [3.299945831298828, 2.6792216300964355, 2.4467642307281494, 2.103165864944458, 1.7732234001159668, 1.4923757314682007, 1.2097845077514648, 1.0202155113220215, 0.864189624786377, 0.7452492713928223, 0.6133955717086792, 0.5903132557868958, 0.4949216842651367, 0.4224579632282257, 0.38887539505958557, 0.31890714168548584, 0.25809574127197266, 0.22325947880744934, 0.19857409596443176, 0.2011111080646515, 0.16243675351142883, 0.13706399500370026], "train_accs": [0.9534147777450692, 1.0], "dev_accs": [0.958259847148736, 0.9997060552616108], "test_accs": [0.8762755102040817, 1.0]}