{"loss_data": [3.0967581272125244, 2.547001838684082, 2.2665023803710938, 1.9975552558898926, 1.6158303022384644, 1.383942723274231, 1.1595113277435303, 0.9847506284713745, 0.843780517578125, 0.6912775039672852, 0.6202283501625061, 0.5787520408630371, 0.42412689328193665, 0.43031421303749084, 0.3391556739807129, 0.3595016598701477, 0.2505107522010803, 0.22781935334205627, 0.25626513361930847, 0.1944383829832077, 0.1758333295583725, 0.14946249127388], "train_accs": [0.9947012069473065, 1.0], "dev_accs": [0.8671369782480893, 0.9897119341563786], "test_accs": [1.0, 1.0]}