{"loss_data": [2.7946298122406006, 2.022918939590454, 1.8813201189041138, 1.649060606956482, 1.4497965574264526, 1.1401127576828003, 0.8579020500183105, 0.6431092023849487, 0.5057892799377441, 0.4112759232521057, 0.3062969744205475, 0.26544663310050964, 0.21677593886852264, 0.17383161187171936, 0.1625158190727234, 0.13732199370861053, 0.11160152405500412, 0.10540048778057098, 0.09593100100755692, 0.06813562661409378, 0.0733649730682373, 0.06407902389764786], "train_accs": [0.9983073299970562, 1.0], "dev_accs": [0.9973544973544973, 1.0], "test_accs": [0.6438775510204081, 0.9466836734693878]}