{"loss_data": [2.9302384853363037, 1.9721349477767944, 1.7298282384872437, 1.4008861780166626, 1.1949784755706787, 0.9842623472213745, 0.7123967409133911, 0.5946173071861267, 0.41468387842178345, 0.37925881147384644, 0.2912895679473877, 0.2570109963417053, 0.20788131654262543, 0.17705686390399933, 0.15218320488929749, 0.13168828189373016, 0.12203332036733627, 0.09947244077920914, 0.11075498163700104, 0.09657014906406403, 0.0857883095741272, 0.06774980574846268], "train_accs": [0.9997056226081837, 1.0], "dev_accs": [1.0, 1.0], "test_accs": [0.8214285714285714, 0.9923469387755102]}