{"loss_data": [3.135596752166748, 1.9403399229049683, 1.747714877128601, 1.485658884048462, 1.269173264503479, 1.0520601272583008, 0.7980198264122009, 0.6205037832260132, 0.548721194267273, 0.41628479957580566, 0.3455581068992615, 0.3161005973815918, 0.2699982821941376, 0.21686512231826782, 0.17290647327899933, 0.16996842622756958, 0.1318396031856537, 0.13149766623973846, 0.10650266706943512, 0.09911888092756271, 0.07286945730447769, 0.06787782162427902], "train_accs": [0.9643067412422726, 1.0], "dev_accs": [0.9520870076425632, 1.0], "test_accs": [0.21556122448979592, 0.8438775510204082]}