{"loss_data": [3.3831217288970947, 2.750929117202759, 2.487591505050659, 2.133357048034668, 1.8361902236938477, 1.5515660047531128, 1.287050724029541, 1.1223762035369873, 0.8991360664367676, 0.7525404095649719, 0.6372485756874084, 0.5688256025314331, 0.5078604221343994, 0.4353678822517395, 0.36333873867988586, 0.31850653886795044, 0.2860812544822693, 0.2530983090400696, 0.25564950704574585, 0.19942623376846313, 0.17685644328594208, 0.16427461802959442], "train_accs": [0.7822343244038857, 1.0], "dev_accs": [0.6296296296296297, 0.9664902998236331], "test_accs": [0.8030612244897959, 1.0]}