{"loss_data": [3.1626980304718018, 2.720902919769287, 2.495313882827759, 2.3059260845184326, 1.9935908317565918, 1.783734679222107, 1.5487180948257446, 1.3399343490600586, 1.1647385358810425, 0.9953747987747192, 0.8654874563217163, 0.7845454216003418, 0.680340588092804, 0.5355775356292725, 0.4978848099708557, 0.4278019666671753, 0.3566288352012634, 0.3418378233909607, 0.2884778678417206, 0.2596474289894104, 0.23362703621387482, 0.19195157289505005], "train_accs": [0.7887106270238445, 1.0], "dev_accs": [0.5408583186360965, 1.0], "test_accs": [0.7630102040816327, 1.0]}