{"loss_data": [2.9584567546844482, 2.433483839035034, 2.239973306655884, 1.9222170114517212, 1.6405861377716064, 1.4125646352767944, 1.2205350399017334, 1.0531508922576904, 0.8617658615112305, 0.7426159381866455, 0.6323294043540955, 0.5585485100746155, 0.48092976212501526, 0.4126623868942261, 0.35933399200439453, 0.3362634479999542, 0.2763700783252716, 0.22894692420959473, 0.2311263382434845, 0.1710921823978424, 0.17388349771499634, 0.1527937650680542], "train_accs": [0.9857962908448631, 1.0], "dev_accs": [0.9241622574955908, 1.0], "test_accs": [0.9785714285714285, 1.0]}