{"loss_data": [3.3585638999938965, 2.212437868118286, 2.043281316757202, 1.654740571975708, 1.4075677394866943, 1.0870985984802246, 0.8754886984825134, 0.803394615650177, 0.6106299161911011, 0.4954497814178467, 0.38222721219062805, 0.30350810289382935, 0.27941060066223145, 0.2059953659772873, 0.1945519894361496, 0.14380237460136414, 0.12534227967262268, 0.10983779281377792, 0.1147654727101326, 0.0949590727686882, 0.08859119564294815, 0.07384376972913742], "train_accs": [0.9846187812775978, 1.0], "dev_accs": [0.9691358024691358, 0.9991181657848325], "test_accs": [0.5943877551020408, 0.9885204081632653]}