{"loss_data": [3.198089122772217, 2.6907737255096436, 2.555264949798584, 2.30234432220459, 1.973143458366394, 1.6401132345199585, 1.299678087234497, 1.08717679977417, 0.8918313384056091, 0.7520014047622681, 0.597859799861908, 0.5389585494995117, 0.48490315675735474, 0.4091886281967163, 0.363478422164917, 0.34510019421577454, 0.2947494089603424, 0.2530548572540283, 0.22487232089042664, 0.18832547962665558, 0.1727873682975769, 0.15629880130290985], "train_accs": [0.9987488960847807, 1.0], "dev_accs": [0.9629629629629629, 1.0], "test_accs": [1.0, 1.0]}