{"loss_data": [3.066962242126465, 2.0205159187316895, 1.811255693435669, 1.5242103338241577, 1.1961604356765747, 0.9150325059890747, 0.6864446401596069, 0.577355682849884, 0.4067445397377014, 0.34342095255851746, 0.3770170509815216, 0.2714676558971405, 0.22358395159244537, 0.19168515503406525, 0.16305215656757355, 0.14880912005901337, 0.1276322305202484, 0.10639993101358414, 0.10795200616121292, 0.09142638742923737, 0.07044225186109543, 0.06748732179403305], "train_accs": [0.9099603975192408, 1.0], "dev_accs": [0.8914798206278027, 1.0], "test_accs": [0.8959827833572453, 1.0]}