{"loss_data": [3.1845109462738037, 2.620957136154175, 2.3051743507385254, 2.0161454677581787, 1.7068086862564087, 1.4187712669372559, 1.2649298906326294, 1.0812710523605347, 0.898135244846344, 0.7640981674194336, 0.6606478095054626, 0.5626636743545532, 0.5182562470436096, 0.46060049533843994, 0.381372332572937, 0.32158994674682617, 0.2857915163040161, 0.256173700094223, 0.2280452698469162, 0.20639023184776306, 0.18242086470127106, 0.16295282542705536], "train_accs": [0.9923036688335949, 1.0], "dev_accs": [0.9838565022421525, 1.0], "test_accs": [0.9854136776661885, 1.0]}