{"loss_data": [3.1946239471435547, 2.653961420059204, 2.290834665298462, 1.9782304763793945, 1.679595708847046, 1.4142156839370728, 1.171573281288147, 0.9990834593772888, 0.8643965125083923, 0.6941373944282532, 0.6248174905776978, 0.573088526725769, 0.47353217005729675, 0.4623927175998688, 0.35456687211990356, 0.35701698064804077, 0.3075580596923828, 0.25787752866744995, 0.22472421824932098, 0.2067985087633133, 0.18536630272865295, 0.17359408736228943], "train_accs": [0.826944631248599, 1.0], "dev_accs": [0.7581464872944693, 1.0], "test_accs": [0.763271162123386, 1.0]}