{"loss_data": [2.9843130111694336, 2.091501474380493, 1.9438259601593018, 1.7391277551651, 1.4662907123565674, 1.120333194732666, 0.9045811891555786, 0.7246406674385071, 0.5052441358566284, 0.43618571758270264, 0.37651410698890686, 0.32171061635017395, 0.2857189178466797, 0.22895598411560059, 0.19542540609836578, 0.19602981209754944, 0.1413065791130066, 0.1333625614643097, 0.11157239973545074, 0.10128894448280334, 0.08206568658351898, 0.10266277194023132], "train_accs": [0.9642083239931256, 0.9980572367929462], "dev_accs": [0.9659192825112107, 0.9952167414050822], "test_accs": [0.9626972740315638, 0.9976087996174079]}