{"loss_data": [3.1719233989715576, 2.0436792373657227, 1.8565614223480225, 1.58701753616333, 1.3322093486785889, 1.0559790134429932, 0.8134104609489441, 0.6692306399345398, 0.5108345150947571, 0.42100203037261963, 0.3574504852294922, 0.3106292486190796, 0.24096718430519104, 0.20522019267082214, 0.17198720574378967, 0.1374141126871109, 0.117512546479702, 0.12883812189102173, 0.09033903479576111, 0.10466687381267548, 0.08210557699203491, 0.06033959612250328], "train_accs": [0.9912575655682583, 1.0], "dev_accs": [0.9874439461883409, 1.0], "test_accs": [0.990674318507891, 1.0]}