{"loss_data": [2.7004144191741943, 2.0264623165130615, 1.8290698528289795, 1.5352983474731445, 1.3029215335845947, 1.028072476387024, 0.8884919285774231, 0.7299517393112183, 0.5320345759391785, 0.48304057121276855, 0.45764219760894775, 0.36998724937438965, 0.3020758628845215, 0.25827744603157043, 0.2087477743625641, 0.19614966213703156, 0.15633907914161682, 0.15499943494796753, 0.115135557949543, 0.10502012073993683, 0.10659784078598022, 0.09443261474370956], "train_accs": [0.7265187177762833, 0.9982814017783755], "dev_accs": [0.536322869955157, 0.9907324364723468], "test_accs": [0.5471066475370636, 0.9923481587757054]}