{"loss_data": [3.1143412590026855, 2.4690210819244385, 2.059774875640869, 1.7817471027374268, 1.517939567565918, 1.3880715370178223, 1.2363495826721191, 1.0280470848083496, 0.867548942565918, 0.7202944159507751, 0.6208409667015076, 0.5577396154403687, 0.5146342515945435, 0.4510704278945923, 0.3593849837779999, 0.29367783665657043, 0.2910501956939697, 0.2363392561674118, 0.21436838805675507, 0.17856955528259277, 0.15632982552051544, 0.1927112638950348], "train_accs": [0.9841590076963311, 1.0], "dev_accs": [0.986846038863976, 1.0], "test_accs": [0.9892395982783357, 1.0]}