{"loss_data": [3.366457223892212, 2.639639139175415, 2.4030730724334717, 2.07570219039917, 1.6893810033798218, 1.4593480825424194, 1.2189079523086548, 1.0479698181152344, 0.855136513710022, 0.7871969938278198, 0.6446287631988525, 0.6117690801620483, 0.5209786295890808, 0.4422381818294525, 0.3853767216205597, 0.3242352604866028, 0.31282204389572144, 0.2719668745994568, 0.2499408721923828, 0.23366470634937286, 0.17361624538898468, 0.190116748213768], "train_accs": [0.9804229246058432, 1.0], "dev_accs": [0.9046337817638266, 1.0], "test_accs": [0.9000478240076518, 1.0]}