{"loss_data": [2.6730663776397705, 1.8221330642700195, 1.5310330390930176, 1.2362217903137207, 0.9735637903213501, 0.7945488691329956, 0.6415201425552368, 0.49495643377304077, 0.42066067457199097, 0.3510826528072357, 0.3658960461616516, 0.26977190375328064, 0.21169595420360565, 0.18170738220214844, 0.15714728832244873, 0.14551924169063568, 0.12748782336711884, 0.09862235933542252, 0.08194659650325775, 0.07053951919078827, 0.07776227593421936, 0.0676475316286087], "train_accs": [0.9822162444892775, 1.0], "dev_accs": [0.9641255605381166, 1.0], "test_accs": [0.9710664753706361, 1.0]}