{"loss_data": [2.957972764968872, 2.7091617584228516, 2.556551933288574, 2.191035747528076, 1.7432303428649902, 1.3799834251403809, 1.1214988231658936, 0.9954323768615723, 0.7747043371200562, 0.6655762791633606, 0.5446727871894836, 0.5091920495033264, 0.42244642972946167, 0.38626840710639954, 0.32758769392967224, 0.2862400412559509, 0.2327549010515213, 0.23081880807876587, 0.16863837838172913, 0.16107624769210815, 0.1499701291322708, 0.13346000015735626], "train_accs": [0.9998505566763805, 1.0], "dev_accs": [0.97847533632287, 1.0], "test_accs": [0.9787183165949307, 1.0]}