{"loss_data": [2.8781790733337402, 2.0451266765594482, 1.9261231422424316, 1.6573410034179688, 1.283708930015564, 0.9545554518699646, 0.7050957083702087, 0.5838022828102112, 0.4488809108734131, 0.3918024003505707, 0.4396854043006897, 0.27893945574760437, 0.21601609885692596, 0.19992150366306305, 0.1683548241853714, 0.14584077894687653, 0.14195290207862854, 0.10369335860013962, 0.11207712441682816, 0.09445160627365112, 0.08191714435815811, 0.09480995684862137], "train_accs": [0.9960397519240828, 1.0], "dev_accs": [0.9940209267563528, 1.0], "test_accs": [0.9959349593495935, 1.0]}