{"loss_data": [3.1909496784210205, 2.7018160820007324, 2.5534470081329346, 2.28458309173584, 1.9606972932815552, 1.5300308465957642, 1.2684550285339355, 1.0342926979064941, 0.8620851039886475, 0.7247568368911743, 0.6064625978469849, 0.622584879398346, 0.5206211805343628, 0.40749603509902954, 0.3859962224960327, 0.3584350347518921, 0.2899886965751648, 0.268110454082489, 0.23953188955783844, 0.21400754153728485, 0.18859198689460754, 0.18140435218811035], "train_accs": [0.9873720391541508, 1.0], "dev_accs": [0.919880418535127, 0.9769805680119581], "test_accs": [0.9215686274509803, 0.9772835963653754]}