{"loss_data": [2.7125484943389893, 2.0111207962036133, 1.8578375577926636, 1.6287860870361328, 1.3044084310531616, 0.9902662634849548, 0.7443662881851196, 0.6269202828407288, 0.48804906010627747, 0.4038736820220947, 0.4259445071220398, 0.27660438418388367, 0.20846082270145416, 0.19968241453170776, 0.15779955685138702, 0.1433546394109726, 0.10973261296749115, 0.10262931883335114, 0.09065406769514084, 0.08720004558563232, 0.07687235623598099, 0.059083037078380585], "train_accs": [0.946125681835164, 0.9984308451019951], "dev_accs": [0.9494768310911809, 0.9985052316890882], "test_accs": [0.9461979913916786, 0.9992826398852224]}