{"loss_data": [3.0523180961608887, 2.6274330615997314, 2.3210229873657227, 1.9926233291625977, 1.7022701501846313, 1.4262539148330688, 1.2109335660934448, 1.0583267211914062, 0.8648342490196228, 0.7560961246490479, 0.6407225131988525, 0.6433153748512268, 0.5462184548377991, 0.47437137365341187, 0.4187665283679962, 0.3475498557090759, 0.30727091431617737, 0.2659699618816376, 0.25016096234321594, 0.19358591735363007, 0.16381926834583282, 0.16533631086349487], "train_accs": [0.7307031308376298, 0.9976089068220877], "dev_accs": [0.4571001494768311, 0.9500747384155456], "test_accs": [0.4502630320420851, 0.9416547106647537]}