{"loss_data": [2.741137742996216, 1.9502522945404053, 1.714728593826294, 1.3226128816604614, 1.0461777448654175, 0.814337432384491, 0.6213684678077698, 0.5292006134986877, 0.4245219826698303, 0.3606030344963074, 0.5203176736831665, 0.284485787153244, 0.2561267614364624, 0.22187373042106628, 0.18933553993701935, 0.16907009482383728, 0.1509592980146408, 0.11198437958955765, 0.09918897598981857, 0.0875997543334961, 0.09268102049827576, 0.07461532950401306], "train_accs": [0.952925353059852, 0.9989538967346634], "dev_accs": [0.9195814648729447, 0.9886397608370703], "test_accs": [0.923481587757054, 0.9904351984696318]}