{"loss_data": [3.020939588546753, 2.5727450847625732, 2.2934069633483887, 1.9233224391937256, 1.5721838474273682, 1.3248810768127441, 1.1739392280578613, 0.9970269799232483, 0.8377590775489807, 0.7025386691093445, 0.633027970790863, 0.5987383723258972, 0.49060577154159546, 0.447264701128006, 0.3811655044555664, 0.32966673374176025, 0.2885560989379883, 0.24714601039886475, 0.20722168684005737, 0.20554213225841522, 0.1792246401309967, 0.1620205044746399], "train_accs": [0.8882911155944109, 1.0], "dev_accs": [0.49566517189835574, 0.9662182361733931], "test_accs": [0.4997608799617408, 0.9631755141080822]}