{"loss_data": [3.1302804946899414, 2.564298629760742, 2.188344717025757, 1.9475421905517578, 1.7548142671585083, 1.4875632524490356, 1.2644436359405518, 1.0873026847839355, 0.9664214849472046, 0.7906708121299744, 0.6960516571998596, 0.6773611903190613, 0.5652838349342346, 0.4771939516067505, 0.39993253350257874, 0.37776947021484375, 0.3383660614490509, 0.2840631604194641, 0.23656073212623596, 0.20812436938285828, 0.20811910927295685, 0.17917698621749878], "train_accs": [0.9051034895016065, 0.9997758350145707], "dev_accs": [0.7458893871449925, 0.9964125560538116], "test_accs": [0.7510760401721664, 0.9961740793878527]}