{"loss_data": [2.6136701107025146, 1.9244827032089233, 1.6421144008636475, 1.369213581085205, 1.1274993419647217, 0.9309459328651428, 0.755710780620575, 0.5733664631843567, 0.4652992784976959, 0.41269245743751526, 0.36694055795669556, 0.3103700280189514, 0.23073314130306244, 0.2072668969631195, 0.15867818892002106, 0.15345384180545807, 0.12965743243694305, 0.10131588578224182, 0.09812333434820175, 0.0878654420375824, 0.09333258867263794, 0.06993787735700607], "train_accs": [0.9675707987745648, 1.0], "dev_accs": [0.9769805680119581, 1.0], "test_accs": [0.9753706360593017, 1.0]}