{"loss_data": [3.180262804031372, 2.714547634124756, 2.5099990367889404, 2.228851556777954, 1.963474154472351, 1.6397085189819336, 1.3694554567337036, 1.1469087600708008, 0.9283719062805176, 0.7901667356491089, 0.6315264105796814, 0.6548438668251038, 0.5015828609466553, 0.41703611612319946, 0.365291953086853, 0.3304577171802521, 0.2678571343421936, 0.22182036936283112, 0.23301732540130615, 0.19860348105430603, 0.1633974313735962, 0.15745611488819122], "train_accs": [1.0, 1.0], "dev_accs": [0.6855007473841555, 0.9216741405082213], "test_accs": [0.6626016260162602, 0.9151123864179819]}