{"loss_data": [2.742410659790039, 1.9952154159545898, 1.8788141012191772, 1.6468931436538696, 1.336868405342102, 0.9930649995803833, 0.7862247228622437, 0.648431122303009, 0.5260716676712036, 0.434418261051178, 0.4233790338039398, 0.29760873317718506, 0.25997108221054077, 0.21930505335330963, 0.1636202335357666, 0.14733648300170898, 0.14168842136859894, 0.12645143270492554, 0.10930006206035614, 0.09197144955396652, 0.09113654494285583, 0.06564708054065704], "train_accs": [0.9129492639916311, 0.9973847418366585], "dev_accs": [0.9171898355754858, 0.9958146487294469], "test_accs": [0.9179818268770923, 0.9937828790052606]}