{"loss_data": [3.2261099815368652, 2.7324326038360596, 2.5391364097595215, 2.2427921295166016, 1.9095336198806763, 1.564152479171753, 1.3099744319915771, 1.0874109268188477, 0.9634513258934021, 0.836804211139679, 0.8409679532051086, 0.6665040850639343, 0.5809919834136963, 0.5269503593444824, 0.47097209095954895, 0.4069196283817291, 0.3764927089214325, 0.340609610080719, 0.2634022533893585, 0.25075969099998474], "train_accs": [0.9318336741649625, 1.0], "dev_accs": [0.7501704158145875, 0.9120654396728016], "test_accs": [0.006228912535686478, 0.08915131066701272]}