{"loss_data": [3.4549355506896973, 2.7434334754943848, 2.5637965202331543, 2.30348801612854, 2.0221004486083984, 1.7524964809417725, 1.4379857778549194, 1.2529642581939697, 1.0011078119277954, 0.8895956873893738, 0.7259686589241028, 0.6199946999549866, 0.5704915523529053, 0.47311797738075256, 0.38777458667755127, 0.3854576349258423, 0.3376958966255188, 0.30354437232017517, 0.2644485831260681, 0.22902633249759674, 0.20060287415981293, 0.1828225553035736, 0.16581901907920837, 0.14996813237667084, 0.16656947135925293, 0.13248828053474426, 0.12039382755756378, 0.12019061297178268, 0.09717094153165817, 0.0917636975646019], "train_accs": [0.9942219012167343, 1.0], "dev_accs": [0.9894628630172192, 0.9989719866358263], "test_accs": [0.9594370860927153, 0.9975165562913907]}