{"loss_data": [2.994962215423584, 2.5297677516937256, 2.230646848678589, 1.877428650856018, 1.4918831586837769, 1.225414514541626, 1.0536677837371826, 0.9261878728866577, 0.7360373139381409, 0.5933047533035278, 0.6248942613601685, 0.517562985420227, 0.44414055347442627, 0.36221492290496826, 0.34394899010658264, 0.2931114435195923, 0.2510519027709961, 0.22447244822978973, 0.20567931234836578, 0.17775584757328033], "train_accs": [0.895109066121336, 1.0], "dev_accs": [0.8640081799591002, 1.0], "test_accs": [0.0, 0.8320788995587853]}